text,Emotion,label
cho mình xin bài nhạc tên là gì với ạ,Other,0
cho đáng đời con quỷ . về nhà lôi con nhà mày ra mà đánh,Disgust,3
lo học đi . yêu đương_lol gì hay lại thích học_sinh học,Disgust,3
ước gì sau_này về già vẫn có_thể như cụ này emoji_vui,Enjoyment,0
mỗi lần có video của con là cứ coi đi coi lại hoài . cưng con quá .,Enjoyment,0
thằng kia sao mày bắt vợ với bồ_tao dọn thế kia . nhà mày ở đâu tao đến thịt mày chết,Anger,4
một lí_do trog_muôn vàn_lí_do,Other,0
thật hay đùa ác vậy . không_thể tin được,Surprise,0
"không_phải con mình , mà xem còn thấy đau như_vậy huống_gì người trong cuộc . thật là phẫn_nộ mà . cơ_quan_chức_năng làm_việc quá chậm_trễ , đến giờ mà vẫn chưa_tìm ra người chịu trách_nhiệm .",Anger,4
per nghe đi rồi khóc 1 trận cho thoải_mái . đừng cố gồng mình lên nữa,Sadness,2
công_nhận sáng_tạo thật đấy,Enjoyment,0
đòn tấn_công cực gắt và cục_sút của anh emoji_cuoi emoji_cuoi emoji_cuoi,Disgust,3
trời nắng_nóng thế_này mình muốn bán nước không_biết thu_nhập có cao không_ạ 3,Other,0
minh biết nữa ne,Enjoyment,0
mấy thằng củ lol việt_nam nhảm nhí emoji_vui,Disgust,3
"tui thi_ch va i lă mày ma ăn nhỉ_u no người lă_mày mọi người anh , bi_lơ_miê người",Sadness,2
"bếp dầu , nhiều nhà vẫn dùng",Other,0
nếu thấy phụ_nữ quá phức_tạp để hiểu và chinh_phục thì đây là cách giải_quyết vấn_đề,Other,0
"thời_buổi bây_chừ chuyện gì cũng có_thể xảy ra , vậy nên thôi_trất , đừng nên tin ai",Fear,1
sau em này mà làm cô_giáo ngồi kể chuyện hs lại há mồm ra nghe,Enjoyment,0
"con chó đăng_video , mày bị ngu à mà mỗi mẩu lại hiện chữ ăn_cặc à",Anger,4
coi video chưa_hiểu gì đã làm ầm lên,Disgust,3
chả_mong gì nhiều chỉ mong về già được như hai ông_bà ! emoji_vui emoji_vui emoji_vui,Enjoyment,0
yêu chết đi được .,Enjoyment,0
mày định lướt qua rồi nhưng khi đọc bình_luận của các bạn và xem kĩ_lại thì mày đã rớt nước_mắt emoji_buon emoji_buon emoji_buon .... người cha thật vĩ_đại,Sadness,2
xin đi chơi với bạn ngày tổng_kết không_cho cứ bắt_học miết_emoji_vui khá mệt,Sadness,2
cá_nhân mình nghĩ nó dừng hay đỗ đúng_sai thì đã có ca pạt còn nó đỗ trước cửa nhà mình mà oto hay xe không_ra_vào được thì lúc đó mới ý_kiến . công_nhận bọn oto đỗ trước nhà nhìn chỉ muốn đốt,Anger,4
từ đầu năm giờ chắc chụp 10 lần rồi huhu sợ quá emoji_buon emoji_buon emoji_buon,Fear,1
t gặp quả này thì bỏ xe mà chạy ? ?,Fear,1
thế con trai là của ai cho,Other,0
per đây mí chính là cụ tổ của những chiếc sừng này,Surprise,0
muốn share về mà sợ bị bạn nè phẫn_nộ quá,Fear,1
"hồi học lớp 5 bảo bố đi mua sgk cho , xong bố đi mua nguyên_bộ lớp 4 đầy_đủ từ sgk đến vở bài_tập emoji_cuoi",Sadness,2
nay buồn emoji_buon,Sadness,2
"cv không_áp_lực , môi_trường xung_quanh mới dễ tạo áp_lực",Fear,1
ai có link_nhạc mấy bài trên không_ạ hay vãi ra,Enjoyment,0
đây người ta gọi_là . khi đại_thánh_nhập hoặc là múa lân đầu năm,Other,0
phải bồi_thường thiệt_hại bị trầy_xước thân tàu . tiền sơn lại mấy toa tàu chắc cũng bộn .,Other,0
làm công_nhân đã bị vắt kiệt_sức khỏe cho đến khi bị thải,Sadness,2
khi nào phường có chế_độ phát chồng khi mang thân đến đăng_kí kết_hôn tự_nguyện emoji_vui,Enjoyment,0
đéo được tích_sự gì emoji_cuoi,Anger,4
haizz ... thế_là chưa_có kq gì tốt_đẹp cả ..,Sadness,2
bản_thân cố_gắng cũng chẳng_dễ_dàng gì emoji_buon,Sadness,2
"nói_chung là 1 lũ lừa_gạt thôi , việt_nam mình là vậy đó",Disgust,3
thế em ăn cơm chưa ?,Other,0
"thu trăm tỷ phạt 5 tr , lại qua tỉnh khác hành_nghề ha ha",Other,0
chủ_yếu là bọn trẻ đú với bọn dân_trí thấp mà thích thể_hiện bác nhỉ,Disgust,3
mày coi_chừng có ngày tao dã_dô mặt_mày như dzầy,Anger,4
canh thời_gian đăng đúng vãi !,Surprise,0
quan_trọng mấy thằng đó có chọn mj không . ngồi đó mà ảo_tưởng,Disgust,3
học xong 12 như hết thanh_xuân có_lẽ phải bỏ lỡ 1 người,Sadness,2
mình thi xong còn không_khóc được emoji_buon,Sadness,2
"mỗi ngày mình ôm nhau 1 cái như này hén , hí hí",Enjoyment,0
"per trừ điểm , trừ điểm",Sadness,2
"5 triệu , phạt một con mụ lừa_đảo , phá hủy niềm tin phật_giáo , làm ô_uế đời_sống tâm_linh ... thật rẻ_rúng làm_sao !",Disgust,3
cả tuần không_được nói_chuyện,Sadness,2
per mày cẩn_thận tao giết,Anger,4
cạn lời với bọn súc_vật này làm xấu mặt người bắc_giang,Disgust,3
bài này tao có 2 cảm_xúc . đầu_tiên về quán trà . đến cảm_xúc quen lại c thy xong bị mẹ cấm emoji_vui,Other,0
đẹp trai quá,Enjoyment,0
đóng cái lồn tao nè chứ đóng,Anger,4
"khổ_thân người_dân , trước dự_án cao_su là dự_án cà_phê , làm thêm dự_án nữa coi như một đời bỏ phí",Sadness,2
"hồi nhỏ bà mày có cho một con ngỗng mình tự tay nuôi nó . từ ngày đó nó đeo_mày như chó mèo vậy . nhưng khi lớn nó lại mắc bệnh mà mất . giờ cũng hơn 4 , 5 năm rồi những nhớ nó lắm",Sadness,2
hồi nhỏ đọc tao đã nghi_nghi rồi emoji_cuoi,Enjoyment,0
ngẫm nghĩ_cha của thánh_gióng với sọ dừa ăn mặn_vãi .,Disgust,3
"con cần bảo_vệ thì giết sạch còn con cần tiêu_diệt thì lại đem nuôi , cuộc_sống lạ_lùng vãi",Disgust,3
dù_sao thì con trai vẫn nên là người mở lời trước à,Enjoyment,0
ad cho hỏi nghệ_an lúc_nào mưa vậy ah .._ốm cũng cam_lòng chứ_vã lắm rồi,Sadness,2
giận ngược_lại rồi giận luôn chứ có huề đéo đâu emoji_buon,Sadness,2
per tao được làm fan cứng giống mày rồi,Enjoyment,0
xem cái này mới biết vốn tiếng anh của mình cũng khá !,Surprise,0
thằng lol này tao đéo biết nó sống tốt với mọi người xung_quanh như_thế_nào nào nhưng nó đã ngu còn tỏ ra ngu hẳn nữa,Disgust,3
ôi bé xinh_gái vãi emoji_vui,Enjoyment,0
cười sái mẹ quai_hàm,Enjoyment,0
rồi khi mày có 1 ít tiền emoji_vui mày mới phát_hiện ra còn đéo cả có người đi cùng cơ,Sadness,2
tự_dưng cay mẹ mắt,Sadness,2
tao sợ thật_sự emoji_buon,Fear,1
per thịt nướng lò xô_ne ăn_z mà không_chết,Enjoyment,0
tốt quá,Enjoyment,0
ông nào viết vui_tính thế emoji_cuoi cưng thật,Enjoyment,0
không_hiểu sao nhìu người lại thả haha nhỉ ? ?,Surprise,0
diễn_viên già vãi .,Disgust,3
ghét nhất mấy loại bép xép thế thôi . nhanh gọn lẹ emoji_cuoi emoji_cuoi emoji_cuoi,Enjoyment,0
cưng quá đi,Enjoyment,0
nhìn mẫu này lạ_mắt mà đẹp quá,Surprise,0
tao cay mẹ khóe mắt,Sadness,2
thấy mệt thêm chứ chẳng_khỏe gì cả .,Disgust,3
"emoji_vui đang ăn_mỳ , không_có trứng nhạt lắm , có rụnng thì xin vài quả !",Enjoyment,0
"cảm_ơn nói_chuyện nhật ! 1 nền khoa_học , giáo_dục , trí_tuệ văn_minh ! !",Enjoyment,0
tao mệt chúng_mày quá,Disgust,3
hahaha lúc trước ca làm có 4 chị_em vui biết_bao emoji_vui,Enjoyment,0
đụ thế kia thì có khác nào mua cái bánh mà bị đứa bán hàng nó tạt cho gáo nước_lạnh đâu,Disgust,3
các bạn đang bảo con này ah emoji_cuoi emoji_cuoi emoji_cuoi,Other,0
má chủ dễ_thương vậy tao cũng muốn xin,Enjoyment,0
kinh_nghiệm được truyền lại là khi nào nấu xong bỏ tí tro vào lần sau không_phải nấu emoji_vui,Enjoyment,0
"có những con_người luôn phải chịu đắng_cay , cta không_được chọn gia_đình , bạn_bè và càng không_có quyền lựa_chọn cuộc_sống này . hãy vui lên với tất_cả những gì ta đang có dù là hai_bàn_tay_trắng",Sadness,2
địt mẹ không_có cái loại nào nó ác_man và tàn_độc hơn là cái loại người . xem mà điên_đéo chịu được,Anger,4
nhìn thương quá ... lao_động nghiêm_túc,Enjoyment,0
đm thực_tế như này còn hay . tiếc là đéo ở gần mình emoji_cuoi,Sadness,2
per mấy trụ kia em không_tag được,Other,0
nhận nhầm con cặc . phải nói là 10 thằng thì 1 thằng nuôi con thằng khác,Anger,4
per ơ_ơ ơ đây là đâu vậy,Surprise,0
gặm gặm cái đéo_ý à ... bố gặm luôn mày giờ ... ! ! !,Anger,4
"thằng nào nói câu thế thì đừng làm nghề này . v nếu không_có người làm nghề này thì ks sẽ mở_cửa cho chúng_mày vô_àk , người có ăn_học có ý_thức sẽ không_nói ra câu đó .",Disgust,3
không_phải là trời không_cho mày yêu . vì m quá ngulon,Disgust,3
"per tặng quà_cáp gì tặng hộp nhỏ thôi_nha . đi hát_hò gì đừng đem thùng quà to như_vậy nha , nó biết nó nhổ trụi lông nó ngắt_mép chết đó emoji_buon",Fear,1
hết tiền rồi này,Sadness,2
"đẹp , dẽ_thương mà",Enjoyment,0
tử_hình con mẹ nó lũ chó má không_có tính người đi . khổ_thân lũ trẻ,Anger,4
phim xem hay ... nhẹ_nhàng tình_cảm ... và cười vkl,Enjoyment,0
thế làm_sao dỗ bạn gái đang giận_emoji_buon,Sadness,2
t nói thật tao hiền lắm . chứ bà lồn to kia_mà gặp tao là ăn mấy cái mũ_bảo_hiểm vào mặt rồi emoji_vui,Anger,4
loài này bé như ngón tay phàm ăn lắm sợ luôn,Fear,1
"phí dịch_vụ cao nhất , chuyển tiền nội_mạng trừ_phí tởm nhất , thái_độ làm_việc bố_láo nhất , ít ưu_đãi nhất ....",Disgust,3
dume trailer kinh_dị cho lắm vô_rạp gặp toàn bọn xàm ngồi cười,Disgust,3
chẳng_đủ dịu_dàng để níu bước chân anh,Sadness,2
1 cái xe cup này ngày_xưa bằng mấy cái nhà liền,Other,0
mỗi phút bên em thật tuyệt_vời . chỉ em mới cho anh cái cảm_giác đó,Enjoyment,0
em chưa_có người_yêu . có ai yêu em không . em cô_đơn quá,Sadness,2
nhỏ nhặt nhưng ý_nghĩa và hạnh_phúc emoji_vui,Enjoyment,0
per emoji_cuoi hít đi cho no chứ mắc_công lại chửi tao không_biết_điều giở_trò trước mặt cẩu_fa như mày emoji_vui,Enjoyment,0
bả đòi cái gì vậy ?,Other,0
"cái thứ ba , trời nhìn mà rơi nước_mắt thay cho luôn công_cả một mùa mà đi_tong chỉ vì một trận mưa",Sadness,2
per biết không_emoji_vui,Surprise,0
dù có sống được mấy đời thì cũng nợ mẹ cha trọn cả mấy đời .,Sadness,2
mấy cái tin này thường làm tan_nát tình_cảm gia_đình trong lúc ăn cơm xem thời_sự .._bố tổ_sư,Disgust,3
cô tiên_béo quá .. giọng còn the thé nữa ..,Disgust,3
lên_án nhiều rồi mà vẫn thế .,Disgust,3
thằng này ngu vãi,Disgust,3
cây tre có tận trăm đốt luôn hả ? ? ?,Surprise,0
nói tiếng tuy hòa_phú_yên làm tao nhớ đến nyc . giọng nó sao ngọt không_thể tả . buồn,Sadness,2
"per mợ mệt , trưa nào cũng nhìn mày nhai chóp_chép ..",Disgust,3
"đừng nên thích mấy ông anh cơ_bắp , sợ lắm",Fear,1
có ai vừa coi mà thấy phê_phê cái lỗ tai giống tôi không ? ?,Enjoyment,0
tao đéo hiểu sao người_yêu tao đi cắt tóc về trông mặt_ngáo đến kì lạ,Disgust,3
và khi quay lại nói_chuyện với nhau .... biết nói gì giờ huhu,Sadness,2
thằng cha bảo_vệ có tâm quá . nge con_nhỏ kêu nguyên đêm zi mà đéo cứu,Disgust,3
cũng mất_công_đẻ mà sao mẹ chúng_nó đẻ ra lũ ngu thế haiz,Disgust,3
tao thấy giống_khùng với_lại vô_duyên chứ hay gì,Disgust,3
cần gì những thứ xa hoa lộng_lẫy đâu . dù chỉ 1 bông hoa nhưng đong đầy yêu_thương nhắn_tin đã cảm_thấy đủ hạnh_phúc rồi emoji_vui emoji_vui emoji_vui,Enjoyment,0
t gặp ngỗng chạy bỏ dép,Fear,1
"vừa ngu vừa ngông thì thế , làm trễ tàu của người ta",Disgust,3
sao nó trèo lên được hay vậy,Surprise,0
"khuôn_mặt ngây_thơ vô_số tội , trái_tim nhỏ_bé của tao sao chịu được",Enjoyment,0
cuộc_sống mà đành chịu thôi,Sadness,2
"cấp 3 , đáng tiếc nhất trong thời học_sinh emoji_vui",Sadness,2
"per mình đang nói phần_lớn thôi , chứ tất_nhiên cũng có ngoại_lệ mà",Other,0
"thích chị này nhất phim_í , bé bé xinh_xinh lại diễn rất đạt 3 . hy_vọng mai_sau sẽ có bước_tiến lớn và thành_công hơn_nữa 3",Enjoyment,0
dạo này xem video của per chán ấy không_như xưa tại giờ toàn quảng_cáo ấy ý_kiến cá_nhân,Disgust,3
t thấy chả_có gì thú_vị .,Other,0
vậy mà củng_chẳng hút được khách !,Surprise,0
khi nào lên chùa ba vàng giải được vong thì kết_hôn emoji_vui,Enjoyment,0
thuở thiếu thời ai chẳn có phút bốc đồng . nên cho nó một trận để răng đe ..,Disgust,3
chắc phải 6 năm chưa_nấu kiểu này rồi trước nấu hôm đầu cơm_dẻo ai cũng khen ngon,Enjoyment,0
cận cảnh cái bụng nước lèo của boss emoji_cuoi xài_hao vãi,Disgust,3
bản_chất tham_lam của con_người thể_hiện ngay từ những việc nhỏ ..,Other,0
em đi bộ chết mẹ đây này,Sadness,2
"thật tốt vì chú chó ấy đã tìm được người yêu_thương nó , kiên_trì để nó tin_tưởng thật_sự",Enjoyment,0
"phim này xem nam chính thôi . nữ chính diễn_chán vãi lúa lắm lúc tụt_hứng lắm . giận không_ra giận , vui không_ra vui .",Disgust,3
nhìn mặt nó khó ưa thật chứ,Disgust,3
lần sau thì mình sẽ như_thế để đỡ phải cãi nhau nhiều ah,Other,0
giờ lên phường người_ta có phát chú_rể không_nhỉ các bạn ?,Other,0
một cái ngu thật sứng đáng,Disgust,3
năm nay tao không_còn cảm_thấy cô_đơn và mỏi chân nữa ... vì tao được ngồi mát và ăn_ké socola of_bọn có người_yêu emoji_cuoi ... mun,Enjoyment,0
hãy dùng một đời để minh_chứng nhé !,Other,0
con mụ đen sai còn già mồm ...,Disgust,3
chỉ cần yên_bình như thế_này thôi .,Enjoyment,0
năm nay được nhận hoa và được ngồi nhìn người ta hạnh_phúc,Sadness,2
chỉ sợ lúc nó dí,Fear,1
hên là chay ra kip,Enjoyment,0
imm,Anger,4
tao cũng có 1 người bà như trong video nhưng bà ấy qua_đời rồi,Sadness,2
đa người yêuc quá,Enjoyment,0
"5 tr là tiền bà yến cúng_vong cho công_an phường quang_trung để giải oan_gia trái_chủ của bà tiền kiếp thôi , chứ phạt g đâu , xếp lớn của bà và xếp lớn của công_an phường là 1 , ai_lại đi đá gà nhà ...",Disgust,3
kinh_dị v,Fear,1
thật may em đã gặp được người tài_xế tốt,Enjoyment,0
bắn không_trượt phát nào luôn à,Surprise,0
tại_sao mày nằm viện mà vẫn xinh_thế ? ?,Surprise,0
đẹp_trai mà bị đá à,Surprise,0
cho con được thay ông bán vé đi,Sadness,2
lớp xuất_hiện thứ âm_binh,Disgust,3
đọc bình_luận cười ẻ,Enjoyment,0
per cách này coi_bộ hay nha emoji_cuoi,Enjoyment,0
"mặt đúng kiểu , em hiểu cảm_giác phê của anh không_kk",Enjoyment,0
per thanh_niên suốt ngày hát karaoke max volum,Disgust,3
lỡ câu_chuyện là thật thì sao . chưa_gì lên chửi người ta là rẻ rách,Disgust,3
bố mày ngứa_mắt lắm rồi đấy,Anger,4
thề địt mẹ ngay đoạn hay cái lên nhạc cast muốn đập điện_thoại vãi emoji_vui,Anger,4
cả đám súc_vật này,Anger,4
bố mấy thằng bệnh,Disgust,3
thật khó để có cả 2 khi chúng_ta còn trẻ emoji_vui,Sadness,2
nếu cảm_thấy không_làm được thì nghỉ làm đi . đã xin đi làm_thuê thì phải chấp_nhận thôi . kêu than cái gì,Disgust,3
may mình đi làm rồi chứ 10 năm trước chắc sẽ phát_khổ với bố_mẹ vì mấy tin con nhà người ta như_thế_nào,Enjoyment,0
còn em_trai cưng của tao sang nhà người_thân_quen của gia_đình chowi thế_là bị nhà họ nhốt lại hẳn 10 ngày liền ... dlm nhốt lại để em_trai tao bắt chuột cho nhà họ mới hãm lồn,Disgust,3
mấy thằng này người ta gọi_là mấy thằng nhà_quê . năm nào rồi còn túm 5 tụm 3 trêu gái,Disgust,3
cô_giáo có tâm_vời nghề ghêee,Enjoyment,0
tiếc quá đẹp_trai mờ không_có chim,Sadness,2
crush ở nhà chơi gane rồi haha,Enjoyment,0
nhìn stt đồng_cảm khủng_khiếp .,Sadness,2
cài lò_xô huyền_thoại,Enjoyment,0
quên đào_tạo đạo_đức thôi mà báo làm căng vãi emoji_cuoi,Disgust,3
đi bơi nên não bị úng nước à mấy thằng mặt lồn suy_đồi đạo_đức,Disgust,3
"cố_gắng lên mọi lỗ_lực và công_lao của em sẽ được đền_đáp một_cách thật là sứng_đáng , cố_gắng lên em nhé",Enjoyment,0
hồi nhỏ cứ đi qua chỗ nào mà nhìn từ xa thấy bóng_dáng mấy con đuỹ này là chuẩn_bị tinh_thần chạy chứ nó dí sấp mặt luôn dù mình đéo làm gì nó hết emoji_cuoi vừa dí vừa ngoác mỏ hét sợ vãi ra,Fear,1
trốn cũng đéo tha,Anger,4
"con gấu_trúc , cho nó ăn_trúc đi emoji_cuoi_tướng ngồi nhìn cưng vãi",Enjoyment,0
rồi lại im thôi . 200 k hay 5 tr thì cũng vậy,Sadness,2
"cái lò huyền_thoại nè per , lúc mình ở chung đó",Enjoyment,0
hi_vọng trưa nay lúc ăn cơm vtv24 sẽ không_đưa tin về bạn này ạ,Fear,1
tí nữa vợ nó vắt chân lên cổ_bò thì hú_hồn,Fear,1
tuyệt_vời,Enjoyment,0
trẻ_con bao_giờ ga lăng_sớm thế nhỉ ? ! hồi mình bằng bọn này đuổi đánh nhau hỡi chết emoji_vui,Surprise,0
tính đi chạy_xe mà mưa cho_nên ta ở nhà emoji_vui,Other,0
nhìn nó cưng quá,Enjoyment,0
chủ_tịch giả làm nhện và cái kết . đừng bao_giờ xem_thường người khác .,Disgust,3
"này thì cắt_đức quan_hệ , toàn thể_hiện , dume nó",Disgust,3
con gái bây_giờ chẳng_nhờ được cái đéo gì nhờ có phát mà đập mẹ luôn cái bình,Disgust,3
hạnh_phúc to nè,Enjoyment,0
độ thâm của bác phải gọi là bố của tàu,Disgust,3
ông thần_nhây vãi đái_emoji_cuoi emoji_cuoi,Enjoyment,0
tóm_lại vẩn ế à,Surprise,0
chả_vị nước_mắt à,Sadness,2
con lợn kia sao đập vào đầu vợ bé của tao emoji_cuoi,Anger,4
tôi rất mong sử_phạt giao_thông cũng mạnh_tay như_thế_nào thì tốt,Other,0
cứ sợ rớt điện_thoại emoji_vui_sợ nhất là lỡ_khúc nào khó là té không_thể tả nổi,Fear,1
hình_như anh nay đóng phim ngây_ngô thì fải ... phim đó hay lắm các bạn nên xem,Enjoyment,0
hahaa coi cái mặt con_nhỏ thấy thương,Enjoyment,0
"per khiếp nhớ ngày_xưa quá anh_em ơi , đi làm cười từ sáng tới tối luôn",Enjoyment,0
per tự_nhiên tao cảm_thấy bị nhột_nhột trong người mày ạ,Other,0
"tỉ năm mới thấy cười một lần người gì đâu mà khó cười đến thế chả_bù cho mình , lúc đéo nào cũng cười , cuộc_sống tràn_ngập niềm vui 3",Enjoyment,0
không_phải crush v nhưng_mà nhìn ổng cười mỉm nhìn cute_vãi .,Enjoyment,0
per anh tặng vợ cái bát_nha kaka,Enjoyment,0
"tiêu_đề bộ phim cứ ngỡ là thể_loại hài , nhưng nếu xem hết thì các bạn sẽ rút ra rất nhiều điều và cái hay trong phim này",Enjoyment,0
như lol,Anger,4
bất_ngờ chưa_emoji_cuoi,Surprise,0
"trời mới bắt_đầu mưa , đéo lo thu thóc đi_đứng đó quay ngang quay dọc",Anger,4
"ay , đau_thế , thằng chó !",Anger,4
"có ai nhìn thấy hình_như người đàn_ông này đang rất đau_khổ không_nhỉ ? mình nhận thấy hình_như ông ấy đang rất đau_khổ , mà không_thể or không_muốn nói ra .",Sadness,2
"đm cho tù_mọt gông đi , cái thứ không_não",Anger,4
con tao mà bị như này . cả nhà bon_kia không_quỳ mà xin thì xác con mẹ định luôn,Anger,4
a per ..... nhìn những hình_ảnh này ... sao em nhớ về anh quá .... 15 năm ròng_rã .. giờ anh lưu_lạc nơi đâu . emoji_buon emoji_buon emoji_buon emoji_buon,Sadness,2
"kiến phải loại kiến_lửa , kiến vàng , còn loại kiến lấy cứt trâu làm tổ này thì đốt gì hả ông zời emoji_vui",Disgust,3
per có nên áp_dụng với anh hàng_xóm không_nhể,Enjoyment,0
đáng yêuc quá,Enjoyment,0
ok mà cần gì cứ cắt chất_lượng lại thôi vẫn bán giá vậy,Other,0
làm như chỉ có chúng_mày biết yêu nhau_ý .,Disgust,3
nói_chung là không_nên uống chẳng_bổ_béo gì đâu,Other,0
không_nổi thì mình chìm haha,Enjoyment,0
nóng tính quá hỏng viẹc trẻ_em rất thích ngọt mình nên nhẹ_nhàng cương_quyết mới được,Other,0
anh cũng bướng làm !,Other,0
"mỗi lần như_thế tao chửi , mà bọn nó xem đó là trò đùa mày ạ , càng chửi càng cười",Anger,4
nhìn ma_tiếc từng hạt trân_châu,Sadness,2
thật cảm_động,Enjoyment,0
"trời ơi , tin được không ? ? ? ?",Surprise,0
per nhìn mặt hài_vler emoji_vui,Enjoyment,0
"đấy gọi_là biết ngu mà vẫn đâm đầu_vào , giống tao emoji_vui",Enjoyment,0
một phút huy_hoàng rồi chợt tắt còn hơn le_lói giữa ngàn thu,Enjoyment,0
người ngoài hành_tinh đi học tiếng anh rồi à vãi,Disgust,3
đó là một câu_chuyện buồn,Sadness,2
lỗi đạo cụ,Disgust,3
per dạo này bị xàm à emoji_cuoi emoji_cuoi emoji_cuoi,Disgust,3
như chết_đi_sống lại emoji_vui,Sadness,2
"bất_cứ lúc_nào nghĩ về đời tao chỉ thấy vị cay , nồng nơi khóe mắt emoji_vui",Sadness,2
điện cho đứa bạn . đem mũ ra . coi ai hơn ai . kakaa .,Enjoyment,0
thả tao ra để tao cắn chết mẹ nó emoji_cuoi,Anger,4
per tao cứ thấy giống giống mày emoji_vui,Enjoyment,0
vấn_đề là phải cấm được xả_thải chứ không_thì chẳng_khác mẹ gì nhau,Disgust,3
"giỏi thì tự đi mà thiết_kế các kiểu . ở đó chỉ giỏi cào phím chê_bai thôi . ông đã làm được gì , am_hiểu gì mà chê này chê nọ",Disgust,3
ngoài kia ! còn có rất nhiều điều tốt_đẹp vẫn còn trên thế giớ này ! hy_vọng những điều tốt_đẹp luôn diễn ra từng giây_phút ..,Enjoyment,0
cưng hết_sức nà,Enjoyment,0
"học kiểu ăn_nói láp_xược , tại_sao không_dạy xưng tôi hay tôi mà là tao . đúng chất bắc láo",Disgust,3
cái nệm này độ đàn hồi đỉnh ghê,Surprise,0
"em lấy đi niềm tin chả_lại cho anh những gì , cũng vì anh vụng về đánh_rơi hay càng xa_vời càng dễ mất .. anh chân_thành nên anh tổn_thương",Sadness,2
con mèo khốn_nạn dám bóp vếu vợ tao à,Anger,4
"giỏi quá ta , cố_gắng phát_huy nha",Surprise,0
"giờ mà quay lại cái thời đi học , tao thề không_ngoan nữa mà sẽ bỏ học đi chơi vài bữa",Other,0
ăn cả thế_giới đã,Other,0
"mấy cái thằng này xử bắn hết đi , to_xác không_lo làm_ăn suốt ngày trộm_cắp",Anger,4
"đưa lên để nhận đồng_cảm à ? ? họ sai họ chịu phạt , còn người ta đỗ xe như_thế bạn chả_có quyền gì đuổi người ta cả . bỏ dần tư_tưởng đường trước cửa nhà ta là của ta đi .",Disgust,3
chú này tội lắm á_emoji_buon,Sadness,2
gọi phường cẩu đi thôi,Anger,4
link phim đéo có .. mà zo toàn gặp bình_luận xàm,Disgust,3
chắc kiếp trước gieo_nghiệp kiếp này phải gánh thôi,Sadness,2
hihi ảo_tưởng,Enjoyment,0
hahah tao chưa_nghe hoàn_chỉnh bài này lần nào,Enjoyment,0
mình không_quan_tâm giá_trị học_bổng bao_nhiêu . mà tớ_q . tâm em đó sẽ dành những gì cho đất_nước sau khi học xong thôi . hee . chúc_mừng em .,Enjoyment,0
thế nếu sóc lên xong gõ thì n có trào lên không_nhỉ,Other,0
2 tên sủa giống nhau đêm_đêm thì rủ nhau hú ? ?,Other,0
dân dùng bằng giả có được khiển_trách không_nhỉ,Other,0
vì mày là đống vỏ năm_xưa mẹ mày đổ vào đầu bố_mày nên ngày nào nhìn mặt_mày hắn cũng cay_cú như_thế emoji_vui,Disgust,3
người ta chỉ muốn dụ mày rồi xin một trái thận .,Fear,1
per huhu trời ơii,Sadness,2
lớp 5 mà viết kiểu này cô đánh gãy tay .,Fear,1
con gái chả_thế emoji_vui con trai đi dume_mày có nhận hàng_không,Enjoyment,0
"xóa mẹ nó đi , pr cho nó làm gì",Disgust,3
t thích nhìn mắt của crush hơn là nhìn nó cười,Enjoyment,0
hành_động đẹp,Enjoyment,0
"đập chết mẹ nó đi , nó làm người ta nhồi máu cơ tim có khác nào giết người gián_tiếp mà ở mỹ gọi_là giết người cấp_độ 2 đấy",Disgust,3
"đây là tao khi bảo tao biết đường mà , tin tao . emoji_vui",Enjoyment,0
t nhớ tao đang xem xx thì chưa_cắm tai nghe emoji_buon emoji_buon emoji_buon,Sadness,2
chuẩn . hài_lòng với những thứ mình đang có . đừng mơ_mộng những thứ viển_vông,Enjoyment,0
per quẹo lựa mấy đứa ơi . để lễ nay đặt vé luôn cho_rồi . nóng quá rồi emoji_vui,Enjoyment,0
"ai đời cho kiến đen đốt tr ...._nta cho kiến vàng đốt chứ , ăn_kì cục",Disgust,3
may quá tao đang nhà đắp chăn xem cảnh này chứ đông vậy đi chắc chớt,Other,0
mặt_mày nhìn chán thậc,Disgust,3
cả 2 đứa đều trẻ_con . yêu đương kiểu này thì lsao mà tính_chuyện lâu_dài được,Disgust,3
per ê_tao với mày mà đi cái cầu này chắc rớt ngay bước_đầu quá emoji_buon emoji_buon đã mặp rồi chân_lùn nữa đi qua bằng niềm tin,Fear,1
đau_lòng quá,Sadness,2
chơi mất dậy . gặp tao là tiễn theo điện_thoại luôn,Disgust,3
vụ này chắc xử nhanh hơn vụ trong thang_máy .... emoji_cuoi emoji_cuoi emoji_cuoi,Enjoyment,0
lúc rài không_gặp được mặt cờ rút nữa,Sadness,2
dạo này cứ đổ_vỡ nhây_nhớp là hấp_dẫn cư_dân mạng à emoji_vui tao thấy đéo đến mức buồn quá,Disgust,3
giống tao hồi bé ...,Enjoyment,0
có ai không_bị giật_mình như tao không . nhạt vãi emoji_cuoi,Disgust,3
năm nay không_được ăn dồi emoji_buon,Sadness,2
ổng bị bắt rồi emoji_buon rồi lấy gì coi,Sadness,2
"per_thể_loại mới nè , có_vẻ phê",Enjoyment,0
con nào cũng là con nhé . con trai tao tập từ nhỏ đã biết tự lo và phụ mẹ rồi emoji_vui,Enjoyment,0
"cái con yêu nghiê tao này hồi nhỏ nó phập vào đùi mình . lần đầu nhìn thấy nó tươ người nó cũng hiền_hiền như con vịt , ai_ngờ mới bươ c lại gần là nó di_rượt mình . cái kết là bầm tím phần đùi . đến giơ thấy nó là auto_né .",Disgust,3
per nhện kìa haha,Enjoyment,0
per đi tong một năm_học ... nhưng vẫn tốt_nghiệp ... emoji_buon,Sadness,2
càng thân_thiết khi quay lưng càng đau_lòng .,Sadness,2
lâu rồi chưa_nghe ... nghe lại vẫn hay và ngấm như ngày nào emoji_vui,Enjoyment,0
tôi thấy tương_lai của tôi trong bức ảnh này d,Other,0
"per đấu nhau to rồi , phen này hay",Enjoyment,0
có_thể bán lại cho tớ không ? ? ? ? ? ?,Other,0
phí gì cũng cao nhất so với ngân_hàg khác mà phục_vụ lại tệ nhất ! sau đợt này vcb mất nhiều khác hàg !,Disgust,3
xem đi xem_lại bao_nhiêu lần cũng không_chán ... vẫn cảm_giác hồi_hộp emoji_vui,Sadness,2
per phải nói là hiền quá hiền_luônn,Enjoyment,0
phạt thế quá nhẹ ...,Anger,4
có bồ mà cũng sân si,Disgust,3
trên đời sợ nhất mấy con trùn trùn như ri ! nhất là giun đất với rắn ! ! ! đã từng bỏ_tiết học_sinh_học mổ giun đất emoji_buon emoji_buon,Fear,1
sao tao thấy đa_phần mấy đứa con trai cắt tóc xong nhìn ngáo_đéo chịu được vậy emoji_cuoi .. cười tét cả hàm chứ đùa,Enjoyment,0
đơn_giản thôi nó giống như con chó vậy . khi ta đuổi thì nó chạy . khi ta chạy thì nó đuổi,Other,0
ướp đông_lạnh luôn à,Other,0
chờ tý tao đi thay bỉm_xíu tao quay lại .,Fear,1
có hiệu_quả không_mới quan_trọng,Other,0
sáng sớm đã đậm_chất ngôn_tình . tránh ra chỗ bà gym nào .,Disgust,3
anh chờ ... đáng yêu ghê,Enjoyment,0
cười như cục cức trôi sông lạc chợ,Disgust,3
tao buồn mấy năm nay rồi,Sadness,2
phải đối_xử tốt với chính bản_thân mình emoji_vui,Enjoyment,0
"chủ_động nói_chuyện , nhắn_tin khi có time . nhưng đời không_như mơ",Sadness,2
"móa , thiệt chứ tụi này nuôi làm gì vậy nhỉ ?",Anger,4
tao đang đi phân_khối lớn đây . ai cũng kêu nhìn cá_tính vãi,Enjoyment,0
động_lực để phụ_nữ chiến_đấu chính là gia_đình và bản_thân họ emoji_vui,Other,0
mink chỉ lo là nhà_nước không_đủ gạo nuôi mấy anh,Sadness,2
sản_phẩm khá là mới_lạ trong việt_nam,Surprise,0
"chuẩn rồi . nhiều khi mệt muốn xỉu , xong đồng_nghiệp đùa nhau đôi ba câu hay kể cho nhau vài câu_chuyện thế_là lại vui trở_lại emoji_cuoi emoji_cuoi emoji_cuoi đồng_nghiệp quan_trọng thật_sự",Enjoyment,0
ai trèo lên đưa cho ảnh cái áo_mưa đi kẻo ướt ảnh đó,Other,0
"per hồi nhỏ bị con đỉ này dí lòi lol emoji_cuoi , bị cắn bầm đen muốn thúi thịt luôn cả tháng hơn mới hết . mà đươ c cái con này nuôi nó giữ nhà_cửa hay , có nó không_sợ ma_quỷ gì hết",Fear,1
chắc ổng chỉ ngồi 1 chỗ và để móng lên bàn nv . chư tao nghĩ đi_lại cũng khó,Disgust,3
nó mới ghé nhà tao đây emoji_vui,Enjoyment,0
nhìn mặt là cười phọt rồi,Enjoyment,0
per cấm dừng đỗ đâu cụ thớt ? ? ?,Other,0
đọc chả_hiểu gì emoji_buon mất gốc rồi emoji_buon,Sadness,2
mạng lag chưa_xem được nhưng vẫn vào bình_luận,Other,0
"em vợ có_thể ngủ với mẹ , còn anh thì ngủ với em emoji_cuoi",Enjoyment,0
cái giọng anh quay_phim nghe ngọt quá,Enjoyment,0
đẹp đôi vãi,Enjoyment,0
như con ma_tơi có ngày ném cho cái cốc vào mặt thì đừng trách,Anger,4
"ổng để móng có 1 bàn_tay thôi còn bàn_tay kia vẫn sạch_sẽ bình_thường mà các cụ cứ hỏi chùi_đít , đanh_răng , quay tay kiểu gì là sao emoji_vui",Other,0
chỉ thấy mất dạy,Disgust,3
vì nó biết mày còn 2 quả thận thôi con ạ . rửa mặt đi vậy,Disgust,3
tiền cắt tóc như kia đủ mua giày rồi v,Sadness,2
"trên phim thôi . ngoài đời thì đứa con gái uống xong ngất luôn , hôm sau thì bị bán mẹ sang trung_quốc",Other,0
đấy cổ_tích như_thế có mà dân lại ngồi hết lên đầu pháp_luật . tai_nạn tăng không_ngừng nghỉ ấy chứ .,Disgust,3
"nếu không_có lòng yêu_thương , thì đừng nuôi",Disgust,3
định mệnh_gớm vãi,Disgust,3
kiểu xem đứa nào thắng !,Other,0
"èo , ngọt quá đi",Enjoyment,0
lấy vợ xong bị tàn_phá là có thật béo vãi_chưởng,Disgust,3
nếu người ta sai thì gọi công_an xử_lý còn không_thì bạn không_có quyền nhé,Disgust,3
t thề hồi nhỏ qua nhà ông hàng_xóm vá xe tao bị con ngỗng dí chạy xúc_quần quanh nhà ổng vừa chạy vừa la_làng tới giờ nhớ lại vẫn còn hãi,Fear,1
nó bướng_vãi . cứ làm theo ý mình,Anger,4
nghe như hát trầu_văn,Disgust,3
đúng rồi mà kệ nó tao đéo quan_tâm . chụp cho ai thì chụp,Other,0
nhà có người già vui thật nhỉ,Enjoyment,0
tao nấu củi chưa_nấu bằng rơm bao_giờ,Other,0
bếp dầu trước_kia tôi đã thuờg dùng,Other,0
ngọc ngọc đồng_nghiệp tốt,Other,0
đời tao ghét con súc_sinh này vãi .. nhiều khi tao tự_vấn tao làm gì sai mà mỗi lần tao đi qua nó là y_như_rằng tao phải chạy như chó chứ không_thể_nào hiên_ngang đi 1 cách như người bình_thường,Disgust,3
"ờ phải rồi , nói hay lắm . đến lúc nó đậu trước cửa nhà mình cả ngày xem có nhảy lên như khỉ đỏ đít không ?",Anger,4
tạm biệt_sếp và mong sớm có ngày sếp quay lại ...,Other,0
tao dễ_thương nhưng vẫn ế đây này mơ mộng ít thôi,Sadness,2
"má , dume cười ỉa_emoji_vui",Enjoyment,0
bà mẹ tháng cô_hồn nghèo rớt mồng_tơi mà cứ chiếu_phim tiền đâu mà coi trời oi là troi,Anger,4
cái này nó giống câu em ăn cơm chưa_vãi,Surprise,0
bị rồi nè emoji_vui mua 6 ly_rớt hết 4 ly,Other,0
"đây là 1 câu_chuyện buồn đó , đừng có haha_nha per",Disgust,3
chảy cả nói_chuyện mắt,Other,0
là tôi tôi cũng tát vỡ mồm nó,Anger,4
per_ngôn_tình luôn ở quanh ta nhưng nó đéo đến với chúng_ta,Sadness,2
rồi lỡ ai có bầu mà đi qua không_biết nhảy kiểu gì nữa emoji_cuoi emoji_cuoi,Enjoyment,0
nghe mát_lòng mát_gan thế ? ? ? ?,Enjoyment,0
tao đang xem cái gì vậy,Other,0
sợ đến lúc đó muốn lấy vợ phải sang nước khác nhập_khẩu về quá,Fear,1
nhiều khi cũng muốn chọc cho người yêu_giận nhưng mới nhớ ra mình đéo có người_yêu,Sadness,2
nguy_hiểm thật,Fear,1
"ok hay quá , dùng điện này thôi",Enjoyment,0
ơ tao đang mơ,Enjoyment,0
chủ_tịch rả_vờ ngu và cái kết đừng bao rờ_khinh thường người khác emoji_cuoi emoji_cuoi,Disgust,3
"per ăn tết xong , cần cây cầu này để giảm cân",Enjoyment,0
loại dâm ô nam_sinh này cần phải tử_hình để làm_gương cho người khác .,Disgust,3
emoji_vui 1 phần của bài quyền là phải gẫy_gậy và té sấp mặt luôn để đỡ bị đối_phương đâm lòi phèo,Sadness,2
chắc_chắn người pháp sẽ khôi_phục lại được . tin là như_thế,Other,0
per á_đông có đồng_nghiệp như hiệp suốt ngày rủ đi vệ_sinh cùng ghê_vãi,Disgust,3
đm nhìn ngầu vãi,Enjoyment,0
chuẩn luôn khi ở công_tình_yêu toàn là các anh_chị_em đồng_nghiệp tốt he he,Enjoyment,0
với tôi là gia_đình và sự hận_thù .,Other,0
người ta gọi là ngu mà cứ đâm_đầu_vào đấy emoji_vui,Disgust,3
tỉnh_táo đi em !,Other,0
bếp dầu thời bao_cấp,Other,0
có cái bệnh này nữa hả trời,Surprise,0
agribank thu_nhập bằng phong_phì thì bố thằng nào biết được mà cập_nhật,Disgust,3
crush ai thì cờ_rớt chứ đừng cờ rớt mấy mẹ bán hàng online với làm bất_động_sản chúng_mày nhé 3,Other,0
nhà tao cũng gần mà tao không_bao_giờ dám đi_đêm,Fear,1
kiểu gì chả_chết ? đá to như kia thoát sao nổi ?,Sadness,2
không_muốn huhu,Sadness,2
ông trời cho mình lũ bạn cờ hó quá ấy mà emoji_vui,Enjoyment,0
dự_định tao là 28 nhưng giờ mà có bồ là bắt cưới luôn chớ sợ ế haha,Enjoyment,0
giỏi thiệt . nể . giọng ở tao khó z mà ông này nói được giỏi,Surprise,0
chọn cây đẹp đẹp rồi để các bạn trẻ đổ_xô đến vì hiếu_kỳ lại gây tắc đường à dume,Disgust,3
biết là đau_lòng nhưng sao bản_thân vẫn muốn biết nó,Sadness,2
per mang võng ra không_lại tủi không_thể ngồi,Other,0
đóng của trường đi bắt bỏ tù_loai người xấu xa_ham lợi_nhuận lừa_đảo phụ_huynh lấy tiền,Disgust,3
như 1 canh_bạc ấy nhỉ,Other,0
chợt nhận ra mình chưa_từng thích_thầm ai trong lớp,Other,0
cây này quê tao nhiều lắm nhé . mùa này đi rừng hay gặp nhiều này,Other,0
dume mặc_dù tao rất yêu chó nhưng tao cũng sợ chó nữa emoji_buon,Fear,1
"không_biết khuyên thế_nào , nhưng chỉ cần bình_tĩnh 1 xíu , dù gì thì cũng đừng tự_sát , đời người chỉ sống 1 lần thôi ...",Sadness,2
tao bực_mày lắm rồi đấy,Anger,4
crush tao mất rồi .,Sadness,2
cái thứ tình_yêu bọ_xít emoji_vui,Disgust,3
"ngày_xưa nhà nuôi mấy con điên này cái giọng thì đã khó nghe thì chớ suốt ngày ngoạc ra , hễ về đến nhà là thấy giọng bọn n đầu_tiên . xong cho ăn , rõ_ràng là cho n ăn đàng_hoàng mà đến n 1 lần bị n mổ với đuổi bợt_mạng . chốt là tao ghét cái bọn nì dã_man . ám_ảnh cả 1 tuổi_thơ emoji_buon cái thứ yêu_nghiệt .",Fear,1
cặp này lầy mà dễ_thương,Enjoyment,0
per mặc_dù biết ngôn_tình tàu khựa toàn xạo chó nhưng cầu_hôn có não thật emoji_vui,Disgust,3
"đừng so nó với chó . , vì chó nhà tao cũng từng bị nó cắn rồi . nó đéo sợ bố_con thằng nào cả .",Anger,4
địt mẹ mấy thằng nhà_quê,Disgust,3
vãi chả_phơi hết tim gan phèo phổi,Disgust,3
cảnh thì dõ đẹp mà nhìn nước ô_nhiễm quá,Disgust,3
thích nấu lúc_nào cũng được,Other,0
"mấy con đĩ xạo lồn tao thấy mà tao tức_á , chia bè phái ra làm rầm_rầm_rộ rộ",Anger,4
cái chứng_minh hình_kia dễ vãi . cứ vẽ hình lên bài xong người chấm_điểm người ta thấy là biết chứ sao emoji_vui,Enjoyment,0
đm quả gật đầu quả_quyết vãi emoji_cuoi,Enjoyment,0
ho mà vỡ xương kể_ra trên đời lắm chuyện lạ_vãi,Surprise,0
bốc toàn trúng may_mắn lần sau,Sadness,2
nước tớ nhiều thành_phần hãm lồn thế đấy các bạn ạ . tớ gặp là tớ còn ghét nữa là các bạn nước_ngoài,Disgust,3
cẩn_thận móc_túi trộm nhé anh_chị_em .,Other,0
đoạn cuối yêu mún chết,Enjoyment,0
hahahaha,Enjoyment,0
cuộc_đời bà đã nấu hơn 50 nồi bánh_chưng rồi nhưng bà chưa_bao_giờ thấy ai cắt tóc ngắn đi mà xinh như thế_này các cháu ạ .,Enjoyment,0
"mày vã quá rồi đấy , sang lên chứ",Other,0
"e ấy đang khóc , nhưng vì hàm_răng không_thể thụt vào nên mọi người nghĩ là em đang cười emoji_vui",Enjoyment,0
per ôi cái bếp một thời chinh_chiến,Enjoyment,0
vl mồm thì chửi người ta nhem nhẻm ra xong cứ bảo người ta mất dậy emoji_vui chị kia đã chửi được câu đéo nào đâu mà nó cứ bảo mất dậy . đâm hỏng xe người ta xong còn đòi đọ lồn emoji_vui bố mày lậy . phải tao là tao_sút cho tung con mẹ mày cái lồn già lên rồi cho mất dậy cả_thể . cứ cậy_đẻ 5 lứa rồi lồn rộng mép dài ra đường bắt_nạt đứa lồn bé hơn,Anger,4
"trời mẹ phim gì vậy thớt ơi , cười ná thở",Enjoyment,0
nhưng công_nhận nhìn ngáo cỏ yêu thật emoji_cuoi,Enjoyment,0
ăn mà không_biết dọn .,Disgust,3
tao được thấy nói_chuyện mắt của bố tao khi tao bệnh và khi tao lấy chồng,Sadness,2
mày ăn_cứt hay sao ngu thế hả,Anger,4
chia buồn với gã lưng gù emoji_buon,Sadness,2
tao đã từng viết như thế_này . bây_giờ không_muốn ai đọc chỉ có đốt mà lười đốt,Sadness,2
tác_phẩm nghệ_thuật chất_lượng cao hiếm_hoi của điện_ảnh việt_nam nhưng không_được công_chúng quê nhà đón_nhận,Sadness,2
thực_ra em mới đang phải là sự lựa_chọn chứ không_phải là người được lựa_chọn đâu .,Sadness,2
"per trong vòng 4 tháng chắc anh chụp hơn trăm tấm , huhu , sợ quá emoji_buon emoji_buon emoji_buon",Fear,1
"tui ở tuy hòa , phú_yên mà chả_nhận ra luôn .",Sadness,2
"có ai lần đầu bắn kéo ngược ra phía trước đạn bay vào mặt giống tao không , đau điếng",Sadness,2
cô gái này thật dễ_thương anh cứ nhắm_mắt làm đại một lần thôi mà emoji_cuoi emoji_cuoi,Enjoyment,0
mới ra mà nắm_bắt nhanh thế,Other,0
"chị thích con gái mạnh_mẽ , cá_tính .",Enjoyment,0
tô tao nhất là chết luôn đi không_chết sau_này lại ngáo kéo_theo người kha_c thì khổ .,Anger,4
cho bỏ cái ngu đậu xe ẩu_tả .,Disgust,3
buôn bỏ nhưng tình_cảm không_thuoc về mình nua . bat đầu kiem_tiên,Sadness,2
"thanh diễm giờ tao hiểu tại_sao cứ sáng vô là tao trông tới đi_về , đầu tuần trông tới cuối tuần và đầu tháng trông tới cuối tháng rồi",Enjoyment,0
người gì đâu mà dễ_thương quá chờii,Enjoyment,0
nhìn mặt nó nhăn_nhó khó_chịu vãi,Disgust,3
nhưng sạn quá . ma mà sao lúc đầu có bóng của cánh_tay vậy . ? ? ?,Other,0
đừng tưởng nó nói yêu_mày là yêu mày thật emoji_vui,Other,0
vì những thành_phần như bạn mà page cứ phải khóa bình_luận cho trong_sạch đấy . thật là giông bão,Disgust,3
thân gửi mấy má bán combo quà độn xốp với mấy cha có ý_định tặng emoji_cuoi emoji_cuoi,Disgust,3
t đi_lộn lớp rồi,Other,0
per la_liếm cả ở trong này hả emoji_cuoi,Surprise,0
chuẩn_bị prayforparis thôi 23 tuần kể từ khi phe áo vàng làm loạn rồi mà vẫn chưa_dẹp được .,Sadness,2
ở dơ_vãi _,Disgust,3
sinh_viên năm 3 rồi nhưng vẫn chưa_định_hướng ra trường làm cái giống gì đây emoji_buon,Sadness,2
cái máy nghe nhạc nè,Other,0
ra xong bảo anh ý ship em về nhà luôn được không . xe em bị hỏng mất_tiêu rồi emoji_cuoi,Enjoyment,0
y_tế chăm_sóc sức khỏe lương nhiều vậy sao,Surprise,0
t đu theo thôi v tao biê tao thư anh no_la shipper,Enjoyment,0
các bác bình_luận ở đây cũng có khác gì họ đang ngồi_chửi nhà_nước không,Disgust,3
"con nghiệt_súc này mỗi lần tao đi đá bóng là 2 vợ_chồng nó dí theo cắn bầm hết chân , thứ này thù dai_kinh_khủng , chiều nào nó cũng khởi_động cho tao trước khi đá bóng ... con mẹ nó giờ tao lớn rồi , tay_nghề nấu_nướng cũng không_tệ gặp mà dí theo là xác_định tao quay nó vàng_ương luôn",Enjoyment,0
nấu kiểu này ngon lắm luôn,Enjoyment,0
per thích quáaa,Enjoyment,0
mấy_ai chứng_minh được điều đó,Other,0
thằng ben thật tội_nghiệp,Sadness,2
yêu quá nè nè,Enjoyment,0
có ai như tao không . chả_thích đi đền_chùa vì nhiều lí_do ? ?,Other,0
tiền_bạc là phù_du ... nhiêu đó cho luôn emoji_cuoi emoji_cuoi emoji_cuoi emoji_cuoi emoji_cuoi,Other,0
mong anh có_thể đạt được ước_mơ của mình ...._cố lên,Enjoyment,0
ai muốn đi thái_hè này với tôii nào cũng chim ưng phết đấyy emoji_vui,Enjoyment,0
má nó điên đến mức này rồi à,Disgust,3
muối nhà mày mua chỗ khác rồi hay s thiếu mặn z emoji_vui,Disgust,3
con gái con đứa thứ gì vô_duyên không_mặc_cả quần_lót,Disgust,3
bếp dầu chứ có gì mà không_biết,Other,0
uii hay vì n đổ ra sàn mà n đổ đầy mồm thì phee,Enjoyment,0
ngáo ... là có thật luôn này,Surprise,0
tao đã bị nó làm cho lầm_tưởng rồi . tao thật ngu ngốc _,Sadness,2
cái kết_xàm lông thiệt_emoji_vui,Disgust,3
bọn nè_phạt nặng .,Anger,4
đẹp trai thật .,Enjoyment,0
tao thấy buồn_cười vãi_emoji_vui,Enjoyment,0
không_pha i ki thi_ma gơ mày vãi,Disgust,3
mấy góc cầu bị bể là thành_quả của mấy đứa mập chân_ngắn để lại à ....,Other,0
lũ bảo_vệ nhìn vô_dụng nhỉ v quanh đó có gì xảy ra còn del biết thì làm bảo_vệ làm cái gì ?,Disgust,3
"trải qua một cuộc bể dâu , rồi bể ong ? ? ? ?_lót dép hóng v",Enjoyment,0
per chắc tao nên làm quả móng chân xoắn_ốc dài nhất thế_giới emoji_vui,Other,0
tui nhớ anh quá à emoji_buon,Sadness,2
"per ít bửa đi coi , trailer thấy hấp_dẫn quá",Enjoyment,0
ai cũng vậy thôi con rắn mình đánh nó thì nó chạy chứ làm quá thì nó cũng quay đầu lại cắn . đó là quy_luật cuộc_sống . đừng thấy tao im mà làm tới,Disgust,3
mang anh này về nhà luôn được không,Enjoyment,0
cả tuổi_trẻ bỏ công_cày . có cơ_ngơi ổn_định . r về già con_cháu đuổi ra đường bắt_đầu 2 bàn_tay_trắng . đời,Sadness,2
"chỉ cần đủ quan_trọng , họ sẽ làm tất_cả những gì bạn thấy vui .",Other,0
thì nhìn đám học_sinh trong lớp là biết cô dạy kiểu gì rồi đấy .,Disgust,3
hiện_tại mình chưa_người_yêu bạn nam nào chưa_có người_yêu thì lo cua mình đi nhá đến khi mình có người_yêu rồi thì đừng hối_hận đấy huhu,Sadness,2
cứ thấy cute cưng cưng sao á_.... có ai thấy giống per như tao không ? ?,Enjoyment,0
? ? ? ?_tpbank đang ở đâu thế kia ? ?_sao lương mình thế_này ...,Surprise,0
má thằng phi đen có gấu ngon_phết ... vậy mà nó nở_lòng bỏ con ta chạy trước ... tao đéo bít bao_công mà lấy bạch_tuyến đẻ ra cái gióng gì nửa ...,Disgust,3
"per emoji_vui tuy anh hay bắt_nạt , giấu đồ và ăn_bòn đồ_ăn của em nhưng nếu thiếu anh thì công_việc sẽ trở_nên căng_thẳng phết đó emoji_buon",Sadness,2
"lúc đầu còn tưởng quảng_cáo rạp chiếu_phim , pr về mức_độ đầu_tư của rạp phim , ai_ngờ emoji_cuoi",Surprise,0
"chửi nhau , ghét nhau , nói_xấu nhau dcm",Anger,4
còn quá nhiều mảnh đời bất_hạnh,Sadness,2
"chúng_ta hầu_như ai cũng dùng đôi mắt bao_dung để nhìn một người xa_lạ , mà đối_với người_thân bên cạnh lại chỉ nhìn thấy khuyết_điểm mà thôi ..",Sadness,2
bằng tuổi người ta mình vẫn còn mải_nghĩ chiều nay ăn gì emoji_buon,Sadness,2
"cái công_ty thực_phẩm cung_cấp cho các trường mầm_non thật quá độc_ác . vì lợi_ích cá_nhân mà ảnh_hưởng khủng_khiếp tới các em . quá dã_man . các người gây nên họa thì mai này đời con đời cháu sẽ phải gánh_nghiệp đó thôi . gieo_nhân nào gặt quả ấy , đừng tưởng bây_giờ sống nhé_nhỉ thế_là không_sao . đời còn dài lắm",Other,0
hãy xử tù chung_thân bọn người mất nhân_tính gây ra_nghiệp chướng này,Anger,4
anh chân_thành nên anh tổn_thương emoji_buon,Sadness,2
mấy_ai hiểu được ý_nghĩa mà cứ chửi như đúng rồi emoji_vui,Anger,4
dàn lông chân emoji_cuoi,Other,0
vâng ah nên em cũng sợ quá mà,Fear,1
mấy thằng ranh con đéo có não,Anger,4
nguy_hiểm vãi chưởng luôn ý,Fear,1
thức_ăn cho chó lúc_nào cũng ngon emoji_vui,Enjoyment,0
úi giời khiếp quá ! ! ! !,Fear,1
tiên_sư cái thằng ghép nhạc cười_rớt mồm quả ghép,Enjoyment,0
giờ thì hiểu sao giáo_dục liên_tục dính phốt rồi hén .,Disgust,3
bật_lửa thời chưa_được thu nhỏ,Other,0
vì người_dưng mãi là người dưng,Other,0
chỉ vì lợi_nhuận .. mất hết tính người . thương các bé,Anger,4
per nhớ hội chị_em vinmec quá emoji_buon,Sadness,2
nhìn con mắt thấy đau_đớn . tội em quá ? ? ? ?,Sadness,2
per nguy_hiểm quá mày ơi,Fear,1
chắc là vì em .. đi lấy chồng,Sadness,2
chạy ngay đi trước khi bọn chủ_tịch vào đây và giả làm con cặc gì đó rồi bị coi_thường và chúng_mày phải nhận cái kết đấy ! !,Fear,1
thằng này con nhà cán_bộ hay sao mà rớ con_nhỏ này mà vẫn chưa_đi tù ? ? ? ?,Disgust,3
nói thì hay lắm emoji_vui cuộc_sống đâu phải được như mong_muốn,Disgust,3
hẳn là không_biết nhắn gì emoji_vui . thế thôi dẹp mẹ đi,Disgust,3
"t cu người cu người nghê . theo kinh_nghiê mày thi thâ y_top như người kha_ch ơ vô y_thư c nhâ tao la trung_quô c , â n đô_va đương_nhiên co_ca viê tao nam __biê tao co người na_y người kia nhưng khi đi_ti nh_tra người diê n ra qua nhiê_u thi người ta se đa_nh gia_ca 1 nê n văn_ho anh .",Disgust,3
per tập gym đi mày có người_yêu đấyy emoji_cuoi,Enjoyment,0
là gì nhỉ ? ? ?,Other,0
"giờ bà_già lắm rồi , nhổ_sợ hết tóc , nghĩ tao lại thấy buồn quá emoji_buon emoji_buon",Sadness,2
chuyện buồn quá chúng_mày à . tao không_dám đọc sợ làm quyết_tâm có người_yêu của tao lung_lay,Fear,1
ngu thì chết ...,Anger,4
không_phải bồ_tao chớ bồ_tao thì sống_chết tao cũng cho mỗi th mỗi nhát,Anger,4
chị là người khó hiểu nhất mà em từng biết đấy,Surprise,0
lúc đấy là mình mình cũng lắng liền rồi chắc_trào nước_mắt mất,Sadness,2
"per_chế sợ nó hơn sợ chó , nhớ hồi nhỏ đang đánh răng nó rượt mà cầm_ca , bàn chảy , miệng thì đầy kem vừa chạy vừa khóc như con chó",Other,0
kiểu cá_tính nét đẹp mang_nàn gió mới . chứ không_phải nét đẹp công_nghiệp đại_trà . !,Other,0
khi bạn đặt quá nhiều niềm tin vào người khác,Other,0
ngày trước nấu cơm . đun rơm . đốt được hơn 10 p mới nhớ ra chưa_cho nước . hỏng cả nổi cơm huhu,Sadness,2
tạm_biệt ông cám_ơn tất_cả những gì ông đã làm cho vn,Enjoyment,0
và chúng_nó cũng ngáo hơn lũ con trai emoji_vui,Disgust,3
em cũng thắc_mắc tại răng_khúc xương tư tao nhỉ ? xong nó lại tự to lên được nó nhờ_lực gì rứa,Surprise,0
"ngu bỏ mẹ ... làm_giàu cho bọn bán vàng thì có , trước_mắt thần_tài đến các tiệm vàng , còn mấy thằng mua , thần_tài chưa_thấy đâu vì vài ngày sau vàng sẽ tụt giá chắc_chắn sẽ lỗ mẹ nó rồi .. lỗ 3 cái giá tụt , giá mua vào và tiền công nếu là vàng thời_trang còn cái kiểu chơi_bời không_lo làm_ăn , chỉ có làm_biếng mà hàng tháng cứ cầm 3 cây nhang khấn_vái thần tài_mong tài_lộc tới thì có cái lol_ý ..",Disgust,3
per bố mày nhắn_tin rồi cái con cặc gì mày cũng cho thằng em mày xem,Anger,4
"có_vẻ coi_lòng tự_trọng , nhân_cách , và tinh_thần của người ta rẻ_mạt ... ngồi tù 7 năm đáp lại 1 lời xin_lỗi và 200 tr ...",Disgust,3
dễ_thương mà,Enjoyment,0
"nhổ tóc sâu cho bố , hình_như được 500 đ để mua kẹo dồi emoji_cuoi",Enjoyment,0
mấy đứa con gái chơi với nhiều đứa con trai nghĩ là bình_thường nhưng mấy đứa con trai lại nghĩ con đó lẳng_lơ,Disgust,3
"ng nhật giỏi ở chỗ đó . , đây không_phải là sự phiền_hà mà là một cơ_hội .",Enjoyment,0
"ngu thế chờ cho mật_ong ngấm xuống đất , rồi đào đất đấy lên chắt kiểu gì cũng được gần đầy emoji_vui",Other,0
bớt ngu để sống tốt hơn,Disgust,3
đang tập_hát hay thật,Enjoyment,0
dù cậu làm tôi tổn_thương mỗi ngày nhưng chả_hiểu sao vẫn thương_cậu,Sadness,2
rồi có đi họp lớp không ?,Other,0
vì yêu người khác nên biết là ngu nhưng vẫn làm emoji_buon,Sadness,2
"bị đánh 1 lần thì hơi sốc , nhưng nhiều lần thì tâm_hồn sẽ trở_nên mạnh_mẽ , cảm_xúc nó mới đàn hồi",Other,0
per tiếc cái gì đấy bố nó,Sadness,2
sao bao_nhiêu năm kể từ ngày đó em đã không_còn nghe lại nữa emoji_buon,Sadness,2
"nhà em trong ngõ bác ơi , bác cho ô_tô vào vừa thì em cho bác đỗ luôn",Other,0
thả chó rông không_rọ_mõm cắn người là tội_ác,Disgust,3
con_bé xinh_thế ? ?,Enjoyment,0
trước khi lấy vợ boss có một thân_hình hoàn_mĩ thế_này đây,Sadness,2
đọc cái mà cười rớt cả hàm_.... cuộc đọ_sức giữa xe_lửa và ô_tô,Enjoyment,0
cần tìm gấp bạn trai đáng yêuc như anh này trời_đất ơi emoji_cuoi,Enjoyment,0
khi nào tao thấy thích . mà thích rồi chưa_có người thích cùng .,Sadness,2
thề dume c còn hết_hồn nói chi đến khách emoji_cuoi sáng sớm ra mở_cửa với tối đóng_cửa thôi_độ gan_dạ cũng phải tăng lên mấy chân kính emoji_cuoi,Fear,1
địt mẹ xấu mặt đàn_ông quá . đéo hiểu mấy thằng lol này nghĩ nó ngầu chỗ đéo nào nhỉ . bệnh_hoạn vãi,Disgust,3
"chán thật , dạo này hồi xuân hay sao đọc mấy cái kiểu này ấm lòng vãi emoji_buon",Sadness,2
thế là hết những gì đẹp nhất của nước pháp_sao không_phun nước cứ để cháy rần_rật nhỉ,Sadness,2
chủ thớt sao xinh_gái thế emoji_cuoi,Surprise,0
loạn hết rồi,Disgust,3
"may công_an đến bắt chứ không_thì dân chỗ đó cho vào nồi cả rồi , đã có người cắt_cử nhau đi mua_giềng_mẻ rồi đó chứ",Enjoyment,0
chết rồi thì chôn . xử_lý cái quái gì nữa ...,Disgust,3
thế_là đúng quy_trình rồi,Other,0
rảnh_rỗi không_có việc_gì làm sinh ra mất tiền,Disgust,3
nếu đồng_nghiệp của bạn hãm_vãi thì cũng_nên đăng_xuất đi,Disgust,3
ốm mà xinh_thế 3,Enjoyment,0
đợi_chờ là hạnh_phúc mong rằng hai nhà_lãnh_đạo trong lần gặp nhau sau sẽ tiến_triển hơn_nữa,Other,0
"thứ con gái hư_đốn , mày không_sợ xã_hội dị_nghị à",Disgust,3
ăn vải nóng_lở hết miệng ra đây này,Sadness,2
trồi ôi mới đọc tưởng đâu người_yêu,Enjoyment,0
per bị chì chiết từ 6 h sang đến 23 h phia . vẫn sống vui emoji_vui,Enjoyment,0
ai đó chọc mù mắt tao đi ... mất mẹ tuổi_thơ,Anger,4
khổ nhất người có bầu,Sadness,2
trai tài_gái sắc .._danh_ngôn rồi tài_sản chứ tài gì ! !,Enjoyment,0
per nhớ bột mì chiên huhuhu,Sadness,2
cho bạn trai uống nước này nhé,Other,0
"cô_giáo như cái lìn , mà dume đánh con_cháu tao ntnay_thù từ thằng đánh lẫn đẻ ra đứa đánh bố cũng đập cmm chúng_mày hết",Anger,4
per để anh vẽ mình xem thế_nào nhé,Other,0
per học_hành cho cố vào rồi mần sao như này đi,Other,0
bộ phim hay nhất từng xem,Enjoyment,0
rút kinh_nghiệm lần sau cứ khách nào kêu tính tiền thì mình checkin phòng liền nếu tình_trạng như_vậy thì cho nó dọn phòng khi nào sạch thì cho nó về,Disgust,3
bất_kì hoa gì có mùi đều không_thích,Disgust,3
nhìn một cái rồi quay đi là thấy mãn_nguyện rồi .,Enjoyment,0
tuổi_thơ của tôi cũng từng có 1 người c . trai bỏ mặc tất_cả để bảo_vệ tôi,Enjoyment,0
"năm nào cũng đi cho có không_khí xuân vậy , không_đi thì thấy thiếu thiếu . nhà tao cách chợ 10 km",Enjoyment,0
"mặc_kệ người ta bạn ơi , có tiền mua xe đi thì kệ mẹ thiên_hạ",Other,0
bé gái đáng yêu quá ? ?,Enjoyment,0
"nhìn là biết sapa rồi , thế cũng đố",Disgust,3
ước là 1 ngày_mai thức dậy dụi_mắt mãi chưa_hết tuổi thanh_xuân emoji_cuoi,Enjoyment,0
nhằm ngày sinh_nhật luôn trời .. emoji_cuoi,Surprise,0
"làm pv quán karaoke đi rồi khổ hơn_nữa , toilet_danh cho nam chỉ đứng tè , vậy_mà nỡ_lòng nào mấy anh ngồi ỉa emoji_buon thiệt chứ gặp cái mún khóc lun ...",Sadness,2
tao đang chờ xem bà ấy được nghe nhạc_ý mà hết video,Enjoyment,0
xem video nay sao mà sướng hết thằng người,Enjoyment,0
bọn bây giống tao không ? chứ ghét mấy đứa troll rớt điện_thoại vãi,Disgust,3
"khoảnh_khắc anh quay mặt đi , con tim em tan_nát vãi ra",Sadness,2
nó lại làm tao nhớ tới cái mấy con chó ăn hạt dưa ở quán cf đụ đỉ mẹ ăn thì có cái bịch bên cạnh đó cắn bỏ vào bịch thì chết à_d . mày cắn xong cứ phun phun xuống đất đã vậy mỗi lần phun là mỗi chỗ khác nhau làm dọn bắt lòi_dái nhìn nó phun chỉ muốn đấm cho nó một cái,Anger,4
tất_cả đã đều quá hoàn_hảo rồi . trừ pha nhảy cuối thôii v,Enjoyment,0
per con nghĩ cậu nên thử,Other,0
"ai bảo mèo đực hay đi khỏi nhà chứ quàng thượng nhà tao toàn ngủ , ngủ cả ngày cả đêm , đang ngủ mắc tè xong dậy đi tè rồi vào ngủ tiếp , ngủ hơn heo vậy",Disgust,3
buồn cô lắm,Sadness,2
nó ốm_nhom thương ghê emoji_buon,Sadness,2
"làm bác_sĩ sướng thật , bảo_cở là cởi , bảo cưới là cưới . lắc_đầu cái là cả nhà khóc .",Enjoyment,0
như kiểu sắp bị hiếp_dâm đến nơi vậy . tế sống luôn mấy thg lol emoji_vui dcm,Anger,4
giọng chú hơi bị dễ_thương nhá emoji_vui,Enjoyment,0
ngửa thấy mùi là đã thấy kinh rồi,Disgust,3
ngu cho chết chứ nói con cặc gì,Anger,4
vâng chú ah haha,Enjoyment,0
cặp nay dth ghê luôn,Enjoyment,0
cảm_động quá hjxhjx,Sadness,2
mày làm anh tao hơi lâu rồi đấy,Disgust,3
tao không_phân_biệt được bà nội bà ngoại ? ?,Other,0
ích_kỉ quá đấy . vỉa vẻ thế kia ra_vào vẫn bình_thường nhé,Disgust,3
suy_thoái gớm nhỉ emoji_vui,Disgust,3
cuộc_sống mà mấy_ai được trọn_vẹn emoji_buon emoji_buon,Sadness,2
"ngta tạo nên video để giáo_dục mấy ba ơi , mấy ba mấy má làm quá",Disgust,3
biết ngay sẽ chơi cái trò mất_dạy này nhưng vẫn kiên_trì xem tới cùng để thách_thức bản_thân có sợ hay không_emoji_vui,Disgust,3
cha_con y_chang nhau emoji_cuoi 1 khuôn đúc ra,Surprise,0
giết nó ! làm ám_ảnh cả cuộc_đời học_sinh .,Anger,4
"tụi mày có hiểu được cảm_giác , muốn bắt_chuyện mà không_dám bắt không ? ? tụi mày có hiểu được cảm_giác_vờ ngủ gục để nhìn nó không ? ? tụi mày đã từng nhìn nó thật_kỉ , thật tỉ_mỉ chưa ?",Sadness,2
chưa_đâu ... nó mang bánh_gato vào xong bôi đầy tường mới là cả một rổ của sự hloz,Anger,4
ngưỡng_mộ quá đi ạ . chúc 2 ac mãi_mãi hạnh_phúc như này nha emoji_vui,Enjoyment,0
ăn 1 đống tiền phạt có 5 tr . tội lợi_dụng tín_ngưỡng để lừa_đảo xem_chừng nhẹ_tội nhỉ .,Disgust,3
per đúng chất em lun hâha,Enjoyment,0
năm nào chả_vậy emoji_vui,Enjoyment,0
thua sự mặt_dày của khách nên cho một xíu . v,Other,0
chuẩn đét . t nghỉ công_ty cũ cũng vì đồng_nghiệp emoji_buon emoji_buon emoji_buon,Sadness,2
"là thằng đàn_ông phải có bản_lĩnh từ khi còn bé , thay_vì hay bắt_nạt , quát_tháo đàn_bà thì hãy là người che_chở , yêu_thương ! ! ! !_mong con zai của mẹ sau_này cũng như mấy anh này . ! ! !",Enjoyment,0
cho ngay_cốc bia vào mặt . nhố nhăng,Anger,4
sau quả sấm sáng cả trời thì gần như toàn khu_phố mất điện,Other,0
bà này bị âm_đồ từ đêm qua đây mà ...,Other,0
chỉ đi đường quen thôi ! đường nào lạ chỉ ngồi sau thôi emoji_cuoi,Other,0
"tát cho phát , đêm_hôm mất con mẹ nó ngủ . ? ?",Anger,4
xem xong tôi cảm_thấy còn u_ám hơn emoji_vui,Sadness,2
đó là khi bạn làm cho hãng hoặc công_tình_yêu lớn tầm cở .... chứ quảng_lý mấy shop quần_áo có cái lol mà được 30 tr emoji_vui,Disgust,3
gớm vãi emoji_vui,Disgust,3
đi bao xa mới thoát đựoc kiếp không_có người_yêu ?,Sadness,2
con lai xinh_phết ? ? ? ? ? ?,Enjoyment,0
đây đây thiệt là hãm,Disgust,3
đm lừa_đảo hằng năm cả trăm tỉ . giờ phạt có 5 triệu emoji_vui chán vãi,Sadness,2
ở đâu cho tao làm vớii,Enjoyment,0
"biết chỉ là phim thôi , xem con_bé hôn_bố lần cuối nước_mắt tự rơi , híc híc",Sadness,2
chưa_bao_giờ b đến đích là gì cả,Sadness,2
lũ này cho nghỉ_việc thay người khác còn bao_nhiêu người đi xin việc kìa xử_phạt rhì trẻ cũng đã ăn rồi lũ mất nhân_tính,Anger,4
hmm não tao xoắn mẹ rồi,Other,0
"chẳng_bao_giờ nhà_bếp nó nấu đồ ngon cả , toàn thiu_thối hoặc kém chất_lượng nó mua về làm mới có lãi . trước làm với nhật nó còn bắt làm cho nó như cho công_nhân ăn thì thời_gian đầu được , đến khi đổi giám_đốc là đéo nuốt nổi nữa",Disgust,3
khuôn_mặt đậm_chất giải_trí emoji_vui,Enjoyment,0
moá nhìn rùng_hết cả mình,Fear,1
em tìm link phim mà sao nó ra phim khác chứ không_phải phim này zay mọi người emoji_buon,Sadness,2
5 tr phạt làm cái lồng gì . phạt 500 tr_tội sỉ_nhục lăng_mạ người khác,Disgust,3
bà ta đâu_cư_xử như 1 người vợ đâu !,Other,0
per emoji_cuoi hahaa,Enjoyment,0
má ơi đây chính là thứ ám_ảnh nhất cuộc_đời con . kẻ_thù emoji_buon emoji_buon emoji_buon,Fear,1
"đúng rồi , ngưng ảo_tưởng",Disgust,3
"chời , dễ_thương quá",Enjoyment,0
tuổi_thơ tôi bị ám_ảnh mấy con ngỗng này . mấy con màu xám cứ mỗi lần đi học ngang qua ngõ nhà_hàng_xóm là nó đuổi . tao lại chạy thục_mạng . cứ phải đắn_đo mỗi lần qua đó xem có chúng_nó không_rồi ù chạy như ma_đuổi . haizz tuổi_thơ tôi ....,Fear,1
anh_em để tao hưởng trước nào,Enjoyment,0
bán hàng online hồi năm cấp 3 emoji_vui tháng hè ấy đi quanh hạnh_phúc để giao hàng với bố . được lãi 4 tr emoji_vui,Enjoyment,0
ý_thức kém quá,Disgust,3
"bọn phục_vụ nhà_bếp toàn là chó , chó mới ăn thịt thúi_bẩn như_vậy .",Disgust,3
đấy . người ta làm những video ý_nghĩa . chứ không_phải ba cái video xàm_nhảm như cái đéo gì cũng cái kết . xàm .,Disgust,3
thần_tài cho chủ cửa_hàng bán vàng chứ thần_tài gì mình đâu,Other,0
"hiện_tại mình cần tìm người_yêu , bạn nữ nào chưa_có chồng hay chưa_người_yêu thì bình_luận bên dưới để mình lựa một bạn may_mắn nhất nhé emoji_vui",Enjoyment,0
lỡ bị tào_tháo rượt mà cái wc bên kia thì nhảy thế_nào nhỉ,Other,0
"ra chỗ sóng không_táp vào mà ghi , xem mà ức_chế vãi emoji_vui",Anger,4
chòi má nói_chuyện tình_vãi emoji_cuoi,Enjoyment,0
con gái hay ảo_tưởng như_vậy lắm,Sadness,2
nó cười mắc_ỉa môi thì zoe lại lùn xấu_vãi lại còn gầy nữa chứ haizz,Disgust,3
không_phải không_thích mà bản_thân chưa_đủ tốt để sánh_vai . phải_chi anh có_thể đợi em khôn_lớn !,Sadness,2
ông tóc ngắn ngắn cam_cam tên gì vậy ạ ?,Other,0
tiên_sư bố nhà_mày . tao chịu hết_nổi rồi nhé,Anger,4
đm ngu . cái nồi cơm_điện chứ gì .,Anger,4
sai rồi nhá . có những thứ cha_mẹ không_có nhưng vì con họ vẫn cố_gắng để có được nó,Other,0
hú_hồn con chồn chạy ngang,Fear,1
khi bạn bỗng_nhiên nhận ra rằng có những bài hát phù_hợp với từng khoảnh_khắc riêng bên người đó emoji_vui,Surprise,0
mỗi lần về quê mà sắp_sửa đi qua chuồng ngỗng tao phải cầm cây chổi lông gà mới đi được đấy dume . quơ_quơ vòng_vòng cho mấy đĩ ngỗng_né xa ra rồi chạy thụt lol luôn,Fear,1
tao ghét và tao sợ nó,Fear,1
bán thì bán đi còn bảo bố mày bất_hạnh . đéo thèm mua nữa,Anger,4
lâu lắm rồi mới nge lại bài này ... vẫn thấy hay như ngày nào ...,Enjoyment,0
chị ấy được đào_tạo qua lớp người nhện bắn tơ nên không_biết sợ emoji_cuoi emoji_cuoi emoji_cuoi,Enjoyment,0
1 từ nhạt emoji_vui,Disgust,3
"có mồm để làm_gì ? hay chỉ để cãi nhau , la_hét ?",Disgust,3
hồi đó khoái cái này lắm,Enjoyment,0
giọng anh khi mặc bộ záy màu hường thật kinh_dị,Disgust,3
mày tin tao nhai đầu_mày không,Anger,4
"yeahh , được mở lại fan cứng rồi emoji_cuoi",Enjoyment,0
"per mất mặt thật_sự , quán bún_đậu đó không_biết có dán mặt_mày lên không",Disgust,3
có đứa nào xem mà thèm đi biển như tao không ?,Enjoyment,0
tài_năng cho làng đua xe_đạp tương_lai là đây chứ đâu,Enjoyment,0
"các bạn xem phim cậu bé đặc_biệt , luôn nhé . phim có diển_viên này tham_gia nói về cách giáo_dục con_cái cực hay . chúc các bạn xem phim vui_vẻ",Enjoyment,0
per đọc vài dòng là lướt xuống cuối để xem có phải hi_vọng câu_chuyện mình vừa bịa ra .... nhưng không_phải . kk,Enjoyment,0
đây là câu khuyến_mại điểm emoji_vui,Enjoyment,0
nghe lại bài này thấy chột_dạ vãi,Sadness,2
"nói chung_thánh này không_ai ghét được , trừ hlv kk , dễ_thương gắp trăm thằng pogba , , , mong cho thằng đó nhanh biến khỏi mu",Enjoyment,0
đi chơi xong về cũng buồn như chó cắn tiếp thôi,Sadness,2
haha mắc cười quá ... nhưng thật chúng_mày là tao rất sợ rắn ...,Fear,1
dễ_thương kinh_khủng . bởi_vậy mới nói mấy đứa yêu nhau là lầy nhất,Enjoyment,0
tây cũng lầy_phết,Surprise,0
thanh_niên leo lên cao để theo_dõi thời_tiết để thông_báo cho người_dân đi cấy thật cảm_động,Enjoyment,0
bao năm giải_phóng như thế_này phải không_anh,Other,0
vẫn nhớ ngày đầu . lần đầu em có cảm_giác được che_chở như_vậy emoji_vui,Enjoyment,0
"cưỡng_hôn thì phạt 200 . lừa_đảo , chiếm_đoạt phạt_nhằng 5 cu củ .",Disgust,3
bà mẹ nó xem rùng con mẹ nó mình hơn cả phim ma .,Fear,1
"mình nhận thấy hình_như ông ấy đang rất đau_khổ , mà không_thể or không_muốn nói ra .",Sadness,2
coi ảnh này nổi cả gai_ốc,Fear,1
tao cười_ỉa cho cái bọn ấy emoji_vui,Enjoyment,0
"đúng rồi đấy , như_thế là đang mắc_chứng ảo_tưởng sức_mạnh",Disgust,3
sừng mọc hồi nào không_hay,Other,0
câu này thấy sai sai,Other,0
não bằng đá . không_cần phải đội nón,Other,0
các bạn đéo biết được đâu vì các bạn đbh gặp thì lsao các bạn biết được mấy con mụ già đi mất_dạy như_thế_nào . đm cậy mình già là muốn đi thế đéo nào cũng được ý . đi sai xong chửi người ta mới vãi chứ dume có ngày đâm vào người ta chết có ngày ở đấy mà già mồm . cứ kêu người ta lớn_tuổi hơn phải thế_này tno nhưng có lớn mà đéo có_học thì cũng đéo là cái gì,Disgust,3
"cái thứ 2 mình thấy lạ_lòn , bạn gái người ta ăn , quên chỉnh_tóc . người ta chỉnh lại tóc dùm bạn gái mắc gì 2 đứa nó thái_độ",Disgust,3
"không_chỉ bướng , mà_còn rất lười emoji_buon",Disgust,3
"nói gì , em_trai tao cắt tóc xong là tao đè nó ra chụp hình . cảm_thấy nó cắt tóc xong là đứa nào chứ không_phải em tao emoji_cuoi",Enjoyment,0
đáng yêu vãi emoji_cuoi,Enjoyment,0
xạo xạo ... thằng cải_suốt ngày bị nó dụ,Disgust,3
khi mày dốt_ngữ_văn nhưng vẫn thích nói những câu đạo con mẹ nó lý,Disgust,3
"học luật chưa_mà nhắc sai về lí ? 3 , có cái nhà đấy là đường của nhà ông à emoji_vui",Disgust,3
kể mà nó biết cử độg vẫy_vẫy nữa thì tuyệt_con mẹ nó vời ? ? ? ? ? ?,Other,0
nhện to đến nổi chúng_mày giật cả mình à emoji_vui,Surprise,0
cho dân nhậu đi lùa 1 hôm thì đến con tép còn đéo còn nữa là hùm đất emoji_vui,Disgust,3
đù . bọn nuôi chó mà ve còn không_bắt được cho nó thì đừng nên nuôi . bực,Anger,4
bản_thân quá hạnh_phúc khi trong cs này rất . rất nhiều người mơ_ước được như mình hiện_tại . emoji_vui emoji_vui emoji_vui,Enjoyment,0
gà này cho chó ăn mà . bọn mất dậy vì tiền nó giết chết dần chết mòn con nhà nghèo . địt bố bọn mắt dậy,Anger,4
per cái mặt nhỏ đó gióng em emoji_vui khi nghe tiếng súng,Other,0
bài viết đọc rất sướng .,Enjoyment,0
dume dăm_ba cái đứa lông còn chưa_mọc đủ bày đặt thể_hiện con cặc gì không_biết . thêm bà cô_giáo óc chó lão chủ sân nữa,Anger,4
"ngày_xưa tự_dưng mình được tận 8 , 75 ư emoji_cuoi",Surprise,0
gãy tay,Sadness,2
đợi nốt ván đã emoji_cuoi,Enjoyment,0
"nhớ quá , độ chục năm không_đi soi_ve rồi emoji_buon",Sadness,2
t đã soi_gương suốt ngày chỉ để gặp crush và ngắm nụ cười tỏa_nắng của nó,Enjoyment,0
per hồi đó mua điểm đại_học nè emoji_cuoi emoji_cuoi emoji_cuoi,Enjoyment,0
dume mất dạy,Anger,4
nào chàng trai có nhiều tài_hãy cho em gục ngã đi nào emoji_cuoi,Enjoyment,0
nó chỉ là phép lịch_sự . ngưng ảo_tưởng nha_nha,Disgust,3
đm chạy ra xa mà viết đi,Anger,4
"thằng tàu hỏa lái_dở , thấy xe đậu thì đánh lái né ra đường_ray thi đâu_có_va_chạm hư ô_tô",Disgust,3
người ta thôi chứ vợ mình là số 1 . mình chưa_bao_giờ chê .,Enjoyment,0
"mê chơi lọt cóng nè , nhìn vẻ mặt_hp của nó mình cũng thấy vui theo",Enjoyment,0
"và cứ mỗi lần mày muốn thấy crush cười , mày_lại chạy lại cái gương",Enjoyment,0
kinh dị_vãi,Disgust,3
mẹ cái lũ_thầu nấu_ăn cho trẻ_con . ai cũng bảo chúng_mày nấu 1 năm có có hàng tỉ tiền . mẫu_giáo còn hại được thì cấp 1 tha gì .,Anger,4
per sau_này con bư lớn cũng vậy đó mẹ hahaa,Enjoyment,0
phim hay vãi ra . đến giờ vẫn thấy mình giống bạn ma nữ quá trời emoji_cuoi emoji_cuoi emoji_cuoi,Enjoyment,0
per nuôi đi anh còn kịp chả_già mất emoji_cuoi,Enjoyment,0
per thông_minh là đây chớ đâu,Enjoyment,0
t đã cố_tình che_mặt nhưng vẫn giật_mình,Fear,1
sư_tử chứ dễ thương_q . q gì,Fear,1
"mưa sấp_mặt , về đi",Disgust,3
nhìn biến_thái kinh_khủng .,Disgust,3
tầm tuổi này . họ không_còn những áp_lực cuộc_sống nữa . mà chỉ còn thứ tình_cảm gắn_bó với họ từ những ngày khó_khăn nhất . ngưỡng_mộ và ước được chút phúc_đức của ông_bà,Enjoyment,0
sếp như nào nữa còn sếp tôi thì như lònn,Disgust,3
per tao nói rồi nha_địt con mẹ mày,Anger,4
bình_tĩnh vô_cùng,Other,0
haha . dễ_thương gê emoji_vui,Enjoyment,0
thiết_bị này mua như nào nhỉ,Other,0
cậu bạn mẫu_giáo năm ấy chép bài cho tao để tao khỏi bị thẻ tay giờ đang nơi đâu ? ? ?,Sadness,2
thật là một câu_chuyện buồn,Sadness,2
ng dân biết phải làm_sao bệnh chồng bệnh,Sadness,2
em đừng đi tập gym em nhé . bth em đã mê_trai lắm rồi . em mà đi tập nữa chị không_biết em như_thế_nào luôn emoji_buon per,Fear,1
nếu là tao thì nhảy cẩng lên chuẩn mẹ rồi emoji_vui má nhìn trong hình_tưởng ma thật ở ngoài đéo biết như lào luôn ớ,Fear,1
"con yêu_nghiệt , tỏ cái vẻ đáng thương còn ăn_vạ emoji_cuoi",Disgust,3
cuộc tình ngang trái của nhà tớ đây ? ?,Other,0
"thấy bình_sữa của em thấy ham quá , chị sinh em bé chả_có sữa gì hết .",Sadness,2
"úi sời , gần chỗ mình này",Enjoyment,0
vừa sếp vừa đồng_nghiệp tốt thì đi làm như_là đi chơi bonus 6 h chưa_hẳn đã muốn về,Enjoyment,0
"tao toàn thế giận tao tao dỗi lại , lại phải dỗ tao . hahahaha",Enjoyment,0
per vui quá .. đi dạo được ven hồ rồi emoji_vui,Enjoyment,0
per cảm_ơn tôi đi . thấy tầm quan_trọng của máy_chém gió chưa,Enjoyment,0
cấm đỗ là việc của công_an,Other,0
"tao ước gì gặp được cái thằng chế ra con xe lead , tao sẽ tán cho nó sấp mặt luôn . còn video này tao hóng mãi lúc nó so ... mà đéo thấy haha",Anger,4
nghe nguồn tao biết được độ chân_thực của câu_chuyện rồi emoji_cuoi emoji_cuoi emoji_cuoi,Enjoyment,0
"mấy thành_phần không_chấp_hành luật giao_thông cứ phải thế_này . cơ mà thằng này gà thật , tạt mẹ vào quán nước mà ngồi uống chứ làm gì phải dắt xe khổ thế kia",Disgust,3
per giải_trí emoji_cuoi,Enjoyment,0
3 chuyện lạ có thật emoji_vui,Enjoyment,0
cười vô_mặt,Enjoyment,0
cuộc_sống mà .. ghi không_được thì thôi . sao mấy bạn chửi người ta dữ vậy,Other,0
per kỉ_niệm nhất là những ngày trốn_học cùng nhau đi xem phim emoji_cuoi emoji_cuoi emoji_cuoi,Enjoyment,0
đau bụng quá ự ự,Sadness,2
lợi_ích của việc giữ vững quan_điểm,Enjoyment,0
thế_này mà mày vẫn còn buồn thì ...,Sadness,2
thấy mà nhớ lại quá . lúc còn sinh_viên . di_làm thêm ở quán kara . đm tụi nó tổ_chức sinh_nhật . rồi bày ra trang_trí để tỏ_tình . rồi quà bỏ xốp hột không_trong đó . vừa xốp . vừa đèn_cầy . vừa kim_tuyến . bia . đồ ăn_đồ . làm buổi có 40 k mà dọn đúng là như thèn này chửi . dọn mún loà lozz ra lun . ức_chế lắm,Disgust,3
sáng nay tao mới thấy 2 con này đi cùng,Other,0
bạn trai tao đéo biết giận_dai nên không_phải dỗ,Enjoyment,0
tại_sao lại phải che mặt vậy,Surprise,0
án mà cứ xử như_vậy thì sao có được lòng dân,Sadness,2
thế tao mới quyết_tâm tìm ra facebook thật của nó để no hết đường lừa các em mới lớn đó,Disgust,3
sợ ngỗng còn hơn sợ chó emoji_vui,Fear,1
"vậy thì tao sẽ ước_mơ là các nhà_thơ đừng bao_giờ xài ẩn_dụ , chơi chữ emoji_vui đã ngu_văn còn bắt phân_tích thấy mẹ luôn",Disgust,3
nhiê u biê n_đô người kha_thu vi_emoji_cuoi,Enjoyment,0
"thương_tra o nươ c mă tao ... cuô i cu người thi ban_la nh đa_o bă c_ninh đa lên tiê người giu p đơ ca c_be , du_qua muô n",Sadness,2
lấy giẻ lau xong vắt chắc cũng được nửa,Other,0
ngày_xưa mừn cũng hay thế lắm .,Enjoyment,0
chắc nó se_lạnh thì đừng hỏi tại_sao thằng kia lấp nhíp sưởi ấm cũng không_thấy .,Other,0
phận làm trai nào sung_sướng gì emoji_cuoi,Sadness,2
"hôm_nay ai có vàng bán hết đi , tuần sau mua lại , lời vãi .",Enjoyment,0
kính thủy_lực là kính gì bạn ơi,Other,0
chưa_bao_giờ được nge câu này emoji_buon,Sadness,2
nam chính người nào cũng bị bệnh tự_luyến nữa emoji_vui,Disgust,3
"cũng chuẩn , giờ khởi_nghiệp vậy phá_sản chỉ mấy tháng đầu",Enjoyment,0
chỗ tao lắm đứa khó_chịu vãi,Disgust,3
"tất_cả là do chính_sách sai_lầm của những người đứng đầu tỉnh sơn_la . tsb cao_su nó phù_hợp trồng ở cao_nguyên nhiệt_đới nắng lắm chứ lên tây bắc lạnh_giá sương muối thì cây cao_su làm_sao nó sinh_trưởng tốt và hợp khí_hậu được mà chả_trắng_tay emoji_vui còn cả cây cafe đang được trồng ở sơn_la , điện_biên_nữa sớm muộn gì những người_dân trồng hai loại cây này cũng nhận trái đắng trắng_tay thôi",Disgust,3
quá giỏi . đạp đến ngất đi mà không_quay đầu . sau_này em sẽ thành_công . chắc_chắn vậy,Enjoyment,0
vừa đi về ? ? mưa sấp mặt,Disgust,3
bài viết hay quá !,Enjoyment,0
gì cũng được ? ? ? ? ? ? dễ vãi,Enjoyment,0
đã năm 2000 . người ta cho mượn 200 tr rồi .. từ đó về sau nhà người ta có cần 25 tr tháng hay không ? ? ?,Other,0
ôi cháu taoo emoji_cuoi,Enjoyment,0
nó chỉ muốn chén mày thôi . thật đấy,Other,0
"cô_giáo ngu bỏ mẹ , xong được bầy hãm lòn trẻ trâu này nữa , kia là em tao , không_biết tao sẽ làm gì bọn khốn_nạn này nữa emoji_vui",Anger,4
haizz đó là 1 câu_chuyện khá bùn,Sadness,2
"chồng này chắc cú có gai_ah , mặc quần_đéo gì vậy",Disgust,3
"haa ... haa ... ! đúng là có thay_đổi lớn ! ngồi nhâm_nhi ly_cafe , phì_phèo điếu thuốc nhìn thiên_hạ cũng vui_kk ... !",Enjoyment,0
nhưng nó cười với đứa khác không_phải mày .... emoji_dau_long,Sadness,2
per anh ơi đừng gym nữa . boxing là đụ rùi emoji_buon,Sadness,2
đừng có thấy 6 múi mà ham_nha nha emoji_cuoi emoji_cuoi,Enjoyment,0
thật_ra mấy đứa bị chửi nhiều thế_này ra_đời lại biết cư_xử hơn những đứa khác .,Other,0
muốn nói bậy ghê_emoji_vui nuôi con chó mà nuôi ra vậy . vừa ôm vừa bị ve,Anger,4
mấy bạn đừng có đổ mình nữa nha emoji_buon emoji_buon . mình ngại lắm emoji_buon,Enjoyment,0
tại_sao anh cứ mất_công giận_dỗi trong khi người xin_lỗi vẫn là anh emoji_cuoi,Enjoyment,0
chúc_mừng các anh . các anh giỏi quá . chuc các anh mạnh khỏe .,Enjoyment,0
per hóng phim này dụ_dỗ mọi người xem tiếp nè anh v,Enjoyment,0
ngày chủ_nhiệm cu nhà mình cô nhẹ_nhàng nết_na lắm mà !_giờ thì sao cô lại hành_xử như_vậy chứ ! thật buồn !,Sadness,2
"nhớ hồi euro 2012 rực sáng trong màu áo tuyển_ý , ghi mấy bàn mà bàn nào cũng thấy phê .",Enjoyment,0
đáng yêu vại trời,Enjoyment,0
kéo nhau ra tòa ly_hôn tự_nhiên béo ngành thuế,Disgust,3
ai sẽ cùng tôi mang nỗi đau này cơ chứ,Sadness,2
ngu thì mới đi vào phủ dầy nhé chứ chợ đâu đến mức như_vậy ? ? ? ? ? ?,Disgust,3
sĩ diện không_nội_mũ và cái kết dắt xe hết mẹ đoạn đường,Other,0
"vietcombank 1 tháng trừ hết 22 k phí inter với mobile banking , dù tháng đó kau chả_xài tới cái nào emoji_buon",Sadness,2
nói thật gia_lai nói_riêng tây_nguyên nói_chung xưa nhờ vàng đen hồ_tiêu và vàng trắng cao_su mà người_dân có dư cái ăn_cái mặt bây_giờ thì thua rồi bỏ đi tứ_xứ .. một thời,Sadness,2
đúng rồi . trái_tim thảo_mai này dễ rung_động lắm nên các anh hay cả các chị và các bạn đừng thả thính em . em đập cho emoji_buon,Anger,4
nhưng nó lại đéo thích,Other,0
ngu thì chết thôi,Disgust,3
nói_chung là ai nào buông_tay thì người chết vẫn là mấy đứa con gái như tao emoji_buon,Sadness,2
nhớp nhúa,Disgust,3
"muôn_đời không_khá được vì cái thói tham_vặt , tham_lam vô_đáy việt_nam ạ",Disgust,3
"ngày_xưa đi học gần trường có bày_ngỗng , hôm nào nó cũng cà_khía rượt tụi học_sinh chạy sấp_mặt luôn",Fear,1
sao lại bất_công_thế,Sadness,2
nó đi theo gái thì co,Disgust,3
là gặp đúng người nhưng lại chẳng_đúng thời_điểm . cuối_cùng vẫn là chúng_ta bỏ lỡ nhau,Sadness,2
chuẩn khi người ta gặp nạn không_lo cứu đứng lấy dt ra quay rùi đăng_kẻ đó mới là người cần lên_án,Disgust,3
chia buồn cùng nước_pháp .,Sadness,2
con nhà mất dạy,Disgust,3
sau_này mình có được như_vầy không_nhỉ emoji_vui,Other,0
1 kìa rồi ra cổng gọi thế_nào emoji_vui,Fear,1
lúc dỗi thì càng dễ_thương hơn,Enjoyment,0
hình vui mà sao đọc lại muốn khóc nhĩ ...,Sadness,2
cách tạo_nghiệp chướng nhanh và hiệu_quả emoji_vui,Enjoyment,0
trông mặt buồn chưa_kìa per emoji_buon,Sadness,2
giá như anh được ào rơi về quá_khứ ....,Other,0
tao thì muốn là đéo bao_giờ . nhưng mẹ tao thì muốn ngay bây_giờ emoji_buon,Sadness,2
đã tới tuổi thay đường_ray rồi mà không_thay,Other,0
chuột mà làm như người vậy .. ít hôm nó gặm cả rắn cả dây thì thấy mẹ ..,Fear,1
cái quần tà_lỏn xanhh,Other,0
thật_tình mà nói cao_su phát_triển đất đồi là sai_lầm .,Other,0
mấy bé đừng tưởng giận lại là ngon ạ v có_khi giận lại xog nó giết luôn đấy emoji_vui,Other,0
per mốt mua son anh sài luôn,Other,0
"per bất_hạnh thật tao với mày mua bánh_ăn chung đi , cóc cần gấu",Anger,4
tội quá ! nuôi mà không_chăm_sóc,Sadness,2
không_phải ai cũng vậy nên đừng thấy mập rồi tưởng mình hát hay,Disgust,3
bao_giờ mua bánh tặng gấu thì tao mới mua nhá . ở đấy mà chê tao bất_hạnh,Anger,4
rất nguy_hiểm nhé nhảy không_qua là xác_định dập mặt,Fear,1
đm nhà bà . con gái người ta nuôi lớn không_báo đáp được gì đã về làm dâu nhà bà . nó lấy chồng chứ có làm giúp_việc cho nhà bà đâu mà hành_hạ nó thế .,Anger,4
"xã_hội thật phức_tợp , huhu . không_muốn sống chung loài_người nữa , tao về núi đây",Fear,1
đã khóc . cha_mẹ là người luôn yêu_thương_minh nhất,Sadness,2
không_lo chạy bo đi còn tạo sấm sét dọa người lứa,Disgust,3
ngày_xưa đi học đạp xe qua cứ tưởng được quay_phim đưa lên truyền_hình emoji_vui,Enjoyment,0
lừa cả tỉ đồng mà đóng phạt 5 tr emoji_vui thế_này thì răn_đe cũng,Disgust,3
hay qua hoc theo cho vui,Enjoyment,0
bụng công_nhân thành hố chôn lợn dịch,Disgust,3
tươi ngon sạch_sẽ thì đéo thích ăn . cứ thích ăn_cút trâu cứt bò,Disgust,3
đáng yêu vậy emoji_cuoi,Enjoyment,0
"per lại nữa , tao dg suy_nghĩ có nên đi bằng rap về không",Sadness,2
nhìn sợ vãi ra,Fear,1
"bởi_vậy , nên tỏ ra là 1 người không_cảm_xúc",Other,0
cả 1 đời người chẳng_mong gì chỉ mong từ đây đến phút cuối vẫn có người không_quên mình đã từng tồn_tại,Sadness,2
coi mà lộn_ruột .,Anger,4
a per doi dap rat tuyet voi . chuc anh thanh_cong trong vu nay .,Enjoyment,0
dân kinh_doanh khoái đi chợ này lắm nè,Enjoyment,0
tiếc cho mối tình ấy ....,Sadness,2
nhanh bất_ngờ đấy,Surprise,0
tao cũng phải về mở cho mẹ tao coi emoji_cuoi emoji_cuoi,Enjoyment,0
hơi bị nhanh_trí emoji_vui,Enjoyment,0
giun này mà xào thêm ít xả_ớt thì tuyệt_cú mèo,Enjoyment,0
cưng xỉu ? ?,Enjoyment,0
ngày trước cái thằng ngồi cạnh nhờ nó né cái mông để lấy cái bút dưới bàn nó nó đéo_né . cuối_cùng nó phải lên phòng ý_tế băng đầu lớp 1 tôi đã nợ chàng trai ấy một cái đập đầu,Disgust,3
êu tự_ý đụng_chạm vào người khác đã là vô_duyên hãm lồn rồi . nhất là con gái . bọn này ý_thức như đách lol,Disgust,3
nhớ tới mối tình đơn_phương !,Sadness,2
dã_man quá ..,Fear,1
"nhẹ tay quá phải hơn_nữa , may_mắn là nó chưa_cắn ai hay làm gì ai",Disgust,3
per ly trà_sen của anh đem qua có ngày nó thành như v đó emoji_buon emoji_buon hức_hức ...,Sadness,2
chẳng_bù tuổi_thơ tao đi học toàn gặp mấy thằng ông nội_mắc thần_bố . gặp_mặt tao là đánh với bắt_nạt tao có trò mới là bắt tao ra thử trước bà mẹ nó emoji_vui cái phường bất_lương,Anger,4
per my nè kk,Enjoyment,0
may không_có ai trong nhà,Other,0
ngồi ăn mà 3 đứa cứ nhìn châm châm thế_này sao nuốt nổi ? ? ? ? ? ?,Other,0
có gì vui không_nhỉ,Other,0
gắn_bó thời sinh_viên nè,Enjoyment,0
"thôi mày đừng saolol , hoang_tưởng thâm_niên à , nó mở mồm ra cái là nó đào cả họ_hàng mày nên nó chửi cho biết mặt . nhìn lằm nhìn lốn",Disgust,3
"haha dần_dần phải kiềm_chế , khắc_phục sẽ không_đáng sợ không_bằng vũ_lực hành_động mà nói đâu chết đó emoji_vui kaka",Enjoyment,0
vì mình chỉ là giờ giải_lao trong một hiệp chơi chính của họ,Sadness,2
sợ thế,Fear,1
hihi mắc cười quá,Enjoyment,0
"per anh không_nặn đi , mai_mốt nó sẽ chaii dầy nè hihii emoji_vui",Enjoyment,0
bn tao vẽ đẹp_vãi nhưng nó lại mắc bệnh lười nếu nó vẽ thì nó sẽ vẽ he .. n ...._tai v,Other,0
đi chơi còn bỏ quên cả não ấy,Disgust,3
hú_hồn chim én_emoji_vui nào làm ra này chắc cũng ngáo dữ emoji_vui chắc add không_sợ nhện emoji_vui,Fear,1
yêu dã_man kk,Enjoyment,0
"đất_nước bao_nhiêu khoản phải tri trả , nhưng phải trả cho một đám cổ_động_viên quá_khích thì quả là không_đáng , các cụ đã bảo mọi sự ngu_dốt đều phải trá giá bằng tiền_mặt , bảo dân_trí thấp lại tự_ái emoji_vui",Disgust,3
"chỉ là nghe bạn nói , chẳng_thấy bằng_chứng đâu",Other,0
"hành nó đưa đèn ông sao lên nữa chứ , ác_vãi , ta nhớ lại còn cay ?",Anger,4
đẹp_trai mà bị đá à emoji_cuoi,Surprise,0
kiểu định_share vì thấy tinh_thần khá hơn nhưng đọc bình_luận xong kiểu nhiều đứa còn tiêu_cực hơn mình,Sadness,2
đắt quá thôi không_ly_hôn nữa,Other,0
thôi tốt nhất đừng có diễn . nể nhất mấy bố giả_vờ khóc xong ôm ôm lợi_dụng rờ mông con gái nhà người ta,Disgust,3
gặp cái này sun mẹ nó vào ... emoji_vui,Fear,1
"chuẩn . tao mà chơi hoặc làm_việc cùng bọn con gái tính công_chúa một thời_gian thì tao ngày nào cũng sờ_troét , sau đó bị trầm_cảm .",Fear,1
bé có năng_khiếu làm cô_giáo dạy_văn ... nghe thì nghĩ_tục nhưng đời_thường là có thật ... bác nghe thấy đồng_cảm với các cháu,Sadness,2
nhưng_mà người khác nhìn vào bảo thế_là lẳng_lơ,Disgust,3
nhìn 2 đôi giày đó mà nói 1967 .... thôi thôi ! ! ! !,Other,0
chẳng_ai biết và riêng mình càng không_muốn biết !,Other,0
"per đoạn thằng kia tán trái sầu_riêng , không_trượt phát nào",Enjoyment,0
đấm cho liên_tục vào mồm đéo trượt phát_lòn nào cả emoji_cuoi,Other,0
bài lồn đó nghe hãm vãi đéo hiểu sao lại thích,Disgust,3
per giống câu_chuyện anh kể hôm bữa qua ha ... con chó này 3 lanh thiệt ak ...,Surprise,0
bạn khốn_nạn,Anger,4
t mới tính tới bước thất_bại chưa_tính tới thành_công emoji_vui,Sadness,2
còn buồn hơn là cố quan_tâm thế_nào họ vẫn không_hề rep lại,Sadness,2
h chỉ pk nhìn họ bên người khác emoji_buon,Sadness,2
tao cũng vậy nè . lắm lúc đi với chồng mà cứ hỏi bên này bên phải nhỉ bên này bên trái_nhỉ . mệt_mỏi,Sadness,2
"66 năm không_làm_việc nhà giúp vợ hoặc có làm thì cũng phát được , phát không",Disgust,3
buồn cười emoji_cuoi_emoji_cuoi,Enjoyment,0
cãi tay đôi luôn hahhaa,Enjoyment,0
cứ mỗi lần cắt tóc xong tao lại thấy biết_ơn bố_mẹ vì đã sinh ra tao đzai vãi emoji_vui,Enjoyment,0
buồn nào rồi cũng sẽ qua chỉ có buồn_ngủ không_tha ngày nào thôi,Other,0
per emoji_cuoi đúng kiểu sáng_tạo emoji_vui,Enjoyment,0
"cắt cái tai vứt mẹ cho_rồi , gớm chết mẹ",Disgust,3
"ai nói_kết có_hậu , đầu khấc mất vợ tương_lai kia kìa",Sadness,2
"hồi trước nghe câu gái ham_tài , trai ham_sắc nên cố học_hành cho nó ham , ai_ngờ giờ mới biết nó ham tài_sản chứ không_phải tài_năng .",Disgust,3
thế_giới này thật đáng sợ 3 trả đĩa bay cho tôi về đi 3,Fear,1
per đã thích phá game còn thích hổ báo,Disgust,3
"thật_ra nó không_quên đường về nhà đâu , nó muốn đi bụi thôi",Other,0
t có 2 con bạn thân nó thì cao trọc_trời còn tao thì ... . buồn,Sadness,2
đmm cái quần_ngàn thu,Disgust,3
per bài của anh luôn nè,Other,0
nhưng liệu như_vậy sẽ dễ_dàng để người khác xen vào không_emoji_vui,Other,0
xin lô i chư tao te ma thă người lz camera quay câ n mă tao như thê_thi tao đe o_đa không_đâu,Anger,4
em này xinh_vãi các bác ạ .,Enjoyment,0
thì ghi bằng tay_phải cho nhanh,Other,0
đáng iêu vãi,Enjoyment,0
anh tây nói tiếng việt giỏi thiệt .,Surprise,0
có người đến gần cuối đời rồi vẫn còn khổ ! emoji_buon,Sadness,2
mày xuống thì xuống mẹ mày đi . ngứa cả mắt,Anger,4
phim này hay dã_man luôn có ai biết phim nào kiểu dạng này nữa o,Enjoyment,0
"dume về bố lại táng cho bờm đầu , có_thể là lần cuối được đi xem đá bóng của cháu nó emoji_vui",Disgust,3
làm như đứa con gái nào cũng ham tiền . gái tốt_thíu gì,Disgust,3
khuyến_cáo đừng nên học võ khi không_có tiền mua dụng_cụ per,Other,0
hết muốn ăn luôn,Disgust,3
vợ_chồng đã hiểu và sống tốt . thì với tôi ngày nào cũng là ngày tao y .,Enjoyment,0
gặp bố bố tung phát chụp cây dù bố_xiên cho cái đừng hỏi sau tức nước thủng mắt,Anger,4
tha cho cô_chú đó đi,Disgust,3
"những người trẻ với tấm lòng nhân_hậu , các bạn thật đáng yêu .",Enjoyment,0
nghe cũng đúng đúng emoji_vui,Enjoyment,0
chuẩn,Enjoyment,0
"trung_thu là tết thiếu_nhi , yêu đường gì liên_quan ở đây .._gấu với chả_bò",Anger,4
waoo . hợp_lí ghe,Enjoyment,0
nhìn thôi đã đau_lòng,Sadness,2
ở miền nam nó vẫn không_được_giá như trước nhưng cũng dư_giả,Other,0
per sợ nhện đúng không_emoji_vui,Fear,1
per sau khi cưới,Other,0
"per bắt được chắc nó mềm_xương , chơi mất dạy",Anger,4
con này không_có cái quần nào mặc cho đàng_hoàng,Disgust,3
mấy nay tao cũng bị ám_ảnh,Fear,1
"có lần tao thổi cơm không_đổ nước lúc khét_mở vung ra mới biết , làm đánh đít xong cả tiếng trời không_hết",Sadness,2
nhưng đảm_bảo coi cái nào là cười sặc_cái đó emoji_vui vì nó diễn_tệ đến_nỗi nó hay,Enjoyment,0
"đúng rồi , tưởng vậy nhưng hóa ra không_phải ...",Other,0
dăm_ba cái nồi này sao nấu ngon bằng cơm điện nhà tao được . kaka,Enjoyment,0
"phải người vô_ý_thức , đành rằng người ta làm kiếm tiền nghề gì cũng là nghề mình phải_biết tôn_trọng người khác , có tôn_trọng người thì người mới tôn_trọng mình . kể_cả người ta đi ăn_xin mình cũng cho đoàng_hoàng chứ không_thể cầm tiền quăng cái víu vào người ta được",Disgust,3
rồi các em cũng ăn_cứt thôi emoji_vui,Disgust,3
ukm . nguy_hiểm thật,Fear,1
quá độc_ác,Disgust,3
per tao đã làm cho mày đau_lòng nhiều lắm ư,Sadness,2
đi tù thôi các cháu,Disgust,3
"ghê_tởm , ông thầy đó",Disgust,3
"mày đúng là nên gặp bác_sĩ tâm_lý , và hoàn_toàn nghe theo bác_sĩ",Other,0
đm tao biết trước cả sự_việc kiểu lìn gì cũng có nhện nhảy lên màn_hình . vì mấy năm trước cũng có 1 thể_loại giống như_vậy . đm hú nhồn,Fear,1
đôi_khi công_việc không_áp_lực .... nhưng chính môi_trường làm mọi thứ trở_nên áp_lực,Other,0
hỏi lồn gì lắm thế,Anger,4
bài này hay quá,Surprise,0
hồi đó tao lấy cái đó kẻ tập luôn kiểu làm màu mè cho đẹp xong lên trả bài bị bà cô trừ điểm ? ? ? ?,Sadness,2
"giơ cao đánh_khẽ , cảnh_cáo cho có lệ",Anger,4
tao thầy mày cười hí_hửng vại mà ?,Enjoyment,0
gần 1 h đêm là con trai mà xem xong nói_chuyện mắt vẫn rỡi,Sadness,2
mới có 3 năm thôi mà ... vậy_mà chúng_ta còn không_tụ_họp được lần nào cả,Sadness,2
những người như thế_này tử_hình,Disgust,3
ngôn_tình từ anh mà ra,Enjoyment,0
đm phí hết_sức emoji_buon,Disgust,3
bị rớt tiền,Sadness,2
"tôi kể các bạn nghe 1 chuyện có dính 1 tý với caphe tn chuyện thế_này ba vợ tôi có 1 người bạn rất khó khắn nghèo và đang trốn nợ , ba tôi cho ông chiếc xe_máy củ để đi xe_ôm . vợ_chồng ông bạn này bỏ quê trốn nợ lên tây_nguyên làm_công cho nhà_máy caphe tn trong 4 năm_học được nghề làm caphe và sáng_lập caphe_tuấn kiệt_caphe công_thức y_chang tn bán hợp_lý hơn ! ngày_nay ông chủ tuấn_kiệt đã là 1 đại_gia có nhà_máy ở sốc_trăng , ông ấy đi tìm và trả nợ từng người ơn của mình ! mổi lần ba tôi lên sg ông đều cho xe tới mời ba tôi đi ăn_nhậu ! trong lúc ngà_ngà ông ấy nói em chả_bao_giờ uống caphe của em làm , tn cũng vậy thế đó",Disgust,3
mong mai_sau cũng được như ông_bà,Enjoyment,0
nó ngáo đá . nay nó leo cột điện . mợ cứu nó xuống mai nó làm vài mạng người,Disgust,3
nó cười với người khác chứ beep phải tao emoji_buon,Sadness,2
xem_lại quá nhiều lần đến_nỗi không_nhớ nổi . vì phim quá hay và ý_nghĩa .,Enjoyment,0
ahihi khá là buồn_cười,Enjoyment,0
t ngắm người_yêu tao cười mà càng ngắm tao càng yêu lúc giận_cơ nhìn muốn cắn cho mấy phát tao bị cuồng người_yêu rồi cái,Enjoyment,0
đừng có xàm lồn trên này,Disgust,3
gặp tao tao thuê giang_hồ tới chém hết cả nhà nó luôn,Anger,4
"địt mẹ mày viết lên chỗ nào nước đéo tới ấy , ngulon",Anger,4
"những thứ tưởng_chừng_như rất đẹp nhưng kbh được trọn_vẹn , cuối_cùng để lại chỉ là những kỉ_niệm đã từng emoji_vui",Sadness,2
"ba chàng ngốc , phim ấn_độ , cực_hài , cực cảm_động và ý_nghĩa nhé",Enjoyment,0
"1 bộ phim phải nói trên cả tuyệt_vời , xem đi xem_lại cả chục lần rồi mà không_ngán",Enjoyment,0
bây_giờ tao lấy chồng rồi còn không_có cơ_hội ngủ với em_gái,Sadness,2
cái mặt cưng xĩu,Enjoyment,0
per đây là chúng mềnh,Enjoyment,0
ngu như mày thì khỏe,Disgust,3
không_biết có ai ở trong ngôi nhà không,Fear,1
hình_như cũng mới có vụ bể bình_dâu tằm,Other,0
tao bị biến_dạng luôn một tay,Sadness,2
mai đi học mà mình quên cách cầm bút rồi huhu,Sadness,2
chời ơi gì vậy ở giây_thứ cuối_cùng anh_em nha emoji_vui,Surprise,0
nó chi_muô n tâm_sư chư thi ch me o đâu ma thi ch,Disgust,3
per mỏi chân_quái v,Sadness,2
"đúng là không_sợ địch mạnh , chỉ sợ chỉ_huy ngu như bò",Disgust,3
về việt_nam thì gọi nó là ngáo chó,Disgust,3
per con nhện_cản bước bé xuống cầu_thang emoji_cuoi,Fear,1
cả 2 loại người này đều đáng sợ !,Fear,1
đm cười ĩa,Enjoyment,0
per hôn_nhẹ lên má nha,Enjoyment,0
"có lần ba tao mua bánh kem sinh_nhật cho tao , lúc đấy tao 13 t nhưng khi ba tao mua về thì lại là 15 t",Sadness,2
con dựt gái đây sao hahaha,Enjoyment,0
hot đến vậy cơ à ? mình chưa_nghe bao_giờ luôn .,Surprise,0
"cả thế_giới biết toau crush mày , còn mày thì íu nhận ra",Sadness,2
vô ý_thức,Disgust,3
"cưỡng_hôn 200 nghìn , thu trăm tỷ phạt 5 triệu , đói_trộm 2 cái bánh_mỳ 45 k phạt đi tù",Disgust,3
chính_xác ! nơi làm_việc anh_em mà đoàn_kết với nhau cỡ nào cũng thấy mau hết giờ làm . emoji_vui emoji_vui emoji_vui,Enjoyment,0
phim cắt mất đoạn hay của manga rồi dume,Anger,4
đang ăn . nói nói con cặc,Anger,4
tôm này vào là nó diệt hết tôm bản_địa luôn,Other,0
"bởi_vì anh đã gặp em đúng lúc , đúng lúc đó em đã có người_thương ...",Sadness,2
tại_sao phải đứng ngồi nhìn ? lên bankon cột võng nằm coi mới đã ..,Enjoyment,0
"loại bi này ngon quá , vừa uống",Surprise,0
10 đứa bạn thì có 9 đứa là con trai rồi . sau nhiều năm kinh_nghiệm thì chơi với nhiều trai thì sẽ bị ế muôn_đời muôn_kiếp . haizaa ...,Sadness,2
"xem đi xem_lại không_chán , best của best emoji_buon",Enjoyment,0
tán mãi mới đổ muốn chia_tay cũng phải từ_từ,Other,0
"gấu của thằng da đen ngon_vkl , mà công_nhận chạy nhanh vãi",Surprise,0
đag bị cuồng mấy video của chế này . ai có ngoài video này tag cho mình xem với nhé emoji_cuoi emoji_cuoi,Enjoyment,0
học rmit thì chắc_chắn là gia_phả nhà nó giàu vcd rồi . thế thì chọn thằng có tiền học_bổng chứ còn gì nữa,Other,0
tại_sao không_áp_dụng khoảng 2 điều 320 luật_hình_sự 2015 phạt tù từ 3 10 năm về tội hành_nghề mê_tín dị_đoan gây ảnh_hưởng xấu đến an_ninh trật_tự và an_toàn xh mà chỉ phạt con mụ đó 5 triệu đồng ? hay_là vong đòi phạt hành_chính 5 tr thôi,Disgust,3
per hình_như nhà bác có 01 chiếc thì phải ?,Other,0
soi mà không_đủ tiền mua thì soi làm gì,Disgust,3
làm_sao tôi có_thể yêu được loài_người đây ? ? ?,Other,0
trong nhà không_biết có ai không_nữa ? sập_quả này sợ thật đấy,Fear,1
toàn lũ chó thèm khát,Disgust,3
per nhu_cầu của mày khoái xem mấy video này nên tao tag mày,Other,0
và cuối_cùng là được đối_xử như một thằng con trai luôn ..,Sadness,2
chỉ tại nó không_có ai để nói_chuyện nên nói_chuyện với mày giết thời_gian thôi . ai bỉu mày tưởng_tượng chi,Disgust,3
sao nhiều thằng cưa bàn giống tao vậy ? ?,Surprise,0
ngày trước mình qua singapore cũng vậy . dư hành_lý 2 chi em mă c 4 bộ lên người kk,Enjoyment,0
tuổi lồn_hù được bố m,Fear,1
per kìa 3 chị_em vào mà hốt hàng về đi chứ hâha,Enjoyment,0
ngày_xưa có đĩa phim này . bố đi công_tác về thấy cái đĩa tên là cô_dâu 15 tuổi . má ăn_chửi sấp mặt ...,Sadness,2
may mà_còn gỡ lại được 1 miếng sắt lớn của tàu hỏa nó bung ra nên bán đi cũng đỡ được vài đồng . kaka,Enjoyment,0
cười lộn_ruột,Enjoyment,0
chờ thằng kia lật mặt mãi không_thấy,Other,0
thật_ra đàn_ông ghen nhiều hơn phụ_nữ đấy chứ,Other,0
rất có tố_chất . liên_đoàn xe_đạp việt_nam có_thể liên_hệ để đào_tạo được đấy,Enjoyment,0
nhắn với người_yêu còn đéo nhẹ_nhàng như_vậy emoji_cuoi,Enjoyment,0
chơi khăm vãi thế ba,Disgust,3
tớ chỉ an_ủi bạn í thôi mà emoji_buon,Sadness,2
cha_mẹ cho ta cả cuộc_đời rồi còn than gì nữa,Disgust,3
alo ở đây có thằng điên mày à . đến bắt nó hộ tao phát,Disgust,3
thích bài này lắm lun . thuộc lun,Enjoyment,0
nhìn mày thế kia đến tao còn thích ngủ cùng huống_gì em mày,Enjoyment,0
"per hihi_học ở đâu không_quan_trọng , quan_trọng là bọn mình luôn có nhau hihi",Enjoyment,0
lúc đi họp lớp thì đếu thấy ai,Other,0
gặp em đúng lúc nhưng sao anh vẫn thấy mình cô_đơn quá .,Sadness,2
mua được bộ_đồ cho tết_điệu đà_tán gái mà như_thế_nào đây thì tán sao được,Other,0
chua cay bùi_ngọt mặn cái chả_có .,Other,0
nó lại dễ con ạ v,Enjoyment,0
chi_tiết đẹp đấy,Surprise,0
"đm đi học bị mấy con điên này đuổi cắn , dume vì nó mà tao sợ quá chạy té sấp mặt luôn trầy hết con mẹ nó tay_chân . thứ dòng đỹ gì đâu á_emoji_vui",Other,0
"bếp lò xô nấu bằng dầu hôi đây mà , !",Other,0
per dume_đái trong quần,Fear,1
"người ta dùng kiến_lá , ông lại dùng kiến_cứt thì thua ông rồi",Disgust,3
rớt giá kinh_khủng_khiếp huhu,Sadness,2
mai đến phòng đi tập luôn,Enjoyment,0
per bây_giờ thì không_nói nhưng_mà cảm_giác phủ_nhận vai_trò bà thảo ngày_xưa . vl không_chị đọc thấy viết khập_khiễng quá emoji_vui,Disgust,3
aw giống tao vậy emoji_cuoi mấy thứ linh_tinh tao còn để nguyên vào 1 cái hộp bự cơ,Enjoyment,0
bo tay chấm cơm . hahaha,Enjoyment,0
giờ mới biết,Other,0
cmt thế thôi chứ thật_ra còn trả dám ấn vào video để xem . đời tao tởm nhất là lũ nhện mà hay gặp vãi emoji_buon,Fear,1
cái loại ngu_si này nên nhốt nó tù chung_thân lao_động công_ích cho nhà_tù để giúp_ích lại những cái nó đã phá_hoại,Anger,4
mẹ_con điên,Anger,4
tuyệt_vời . aeon mall có khác,Enjoyment,0
loạn luân cũng được . đcm ạ,Disgust,3
tội cả con quá emoji_buon emoji_buon một lũ vô_nhân_tính đã hủy_hoại những mầm_non tương_lai .,Sadness,2
là con_bé con điên_khùng và phiền_vãi nhưng bạn vẫn yêu nó vãi chưởng emoji_vui,Enjoyment,0
mịa thằng ghép nhạc emoji_vui,Disgust,3
chợt nhớ câu hát ông_bà anh yêu nhau thời chưa_có xe_hơi ...,Other,0
thôi ctay đi chứ yêu con_người như này chả_chết vì bệnh mà chết vì vô_tâm mất,Disgust,3
per người đừng hành hạ_tuôi như_thế_nào nữa,Sadness,2
lạc_quan lên cưng,Enjoyment,0
cách xử_lý của cô chủ_nhiệm quá tồi .,Disgust,3
bọn chủ_tịch đến chưa_chúng_mày ?,Other,0
giống tao nhưng tay_trái tao có thẹo do mẹ tao xưa cắt trúng nên nhìn thẹo để phân_biệt thôi chứ kêu phải ứng liền là không_được,Other,0
vào sg 50 k không_cũng mua . 100 k không_cũng mua ! ha ha,Enjoyment,0
nó lại hợp_lí vãi,Enjoyment,0
"quỳ vậy thôi có gì mà phạt giáo_viên nhỉ , riết phụ_huynh giờ thấy làm quá đáng thiệt",Disgust,3
lớp tao tỉnh rụi . đi học chứ có phải đi chết đéo đâu mà khóc_lóc emoji_vui,Disgust,3
ngày_xưa mỗi lần tao làm ồn là ngoại_tao liền la hoặc lấy roi đánh nhưng lúc đó vui lắm emoji_vui,Enjoyment,0
"em cũng đi lead này , nhưng đừng gọi em là ninja được không , xin luôn đấy",Sadness,2
tự_nhiên nhớ cái cảnh 2 con bánh_bèo bị ngỗng dí quá per,Enjoyment,0
thề nhìn họ hôn nhau thôi mà nổi hết gai_ốc . chưa_dám nghĩ tới xx . chắc_thốn lắm . lạnh sống_lưng thật .,Fear,1
dù s đi_nữa thì mày vẫn xinh . cố lên,Enjoyment,0
sài gòn vẫn có cách sống rất nhân_văn .,Enjoyment,0
đi ngoài đường trái phải còn không_biết mà vẫn sống thì giỏi đấy nhỉ,Disgust,3
thật vi_diệu,Enjoyment,0
nuôi sao mà trông_béo tốt thế kia v chỉ bí_quyết đi,Other,0
agribank thì bình_quân bao_nhiêu nhỉ . mấy cán_bộ agri thấy hách lắm .,Disgust,3
ly_hôn kiểu này thì không_cần tới bước cuối_cùng . chỉ cần tới bước tính xem trả lại tiền mừng là tao bỏ ngay ý_định ly_hôn luôn rồi ... kk,Enjoyment,0
"nhìn mặt đã thấy hãm , mọi người chửi bỏ mẹ_con mẹ phụ_huynh đi",Anger,4
mày không_được ăn đồ_chua nhưng phòng toàn xoài chua emoji_buon,Sadness,2
per bày đặt ngày hôm_qua đã từng đồ,Disgust,3
sau khi bố xem video của con xong thì bố rút ra 1 điều . bố không_chỉ chửi con lúc con cầm đũa mà bố sẽ chửi con cả ngày thân_ái ... yêu con,Enjoyment,0
có đứa nào hồi bé không_biết nấu còn tranh làm rồi quên không_đổ nước như tao không_emoji_vui,Sadness,2
đỉnh của đỉnh emoji_vui,Enjoyment,0
các bác cứ tích_cực vào . em chả_quan_tâm,Other,0
ở việt_nam mà vác dao_rạch tại_chỗ_thể này người_nhà nó chả_đấm cho sưng mõm rồi,Disgust,3
"trung_thu là ngày cho trẻ_em chứ đéo phải ngày tạo ra trẻ_em nhé . dume bọn có gấu_tém tém lại , kiểm_tra xem có thêm cái sừng nào không ?",Anger,4
per tao nghĩ nên triệt_sản mày,Other,0
"rẻ nhỉ , sao có_thể giảm tới mức đó vậy ta",Surprise,0
"có rồi mà , nghén rồi nè hihi",Enjoyment,0
qtrong là mày phải có tiền chứ nghèo xem,Other,0
anh đừng bỏ em đi mà emoji_buon,Sadness,2
người ghép có tâm,Enjoyment,0
per hôm nào chụp kiểu nhỉ .,Other,0
"per bất_hạnh_vãi , mà tao với mày đéo_tạo được niềm vui v",Sadness,2
gu âm_nhạc óc chó mới nghr cái bài này . toàn đú theo mấy cái thể_loại hãm,Disgust,3
mỗi năm cũng xem_lại đôi lần,Other,0
per cảm_ơn mọi người . do em thích mấy cái văn_hóa tưng vùng để tìm_hiểu,Enjoyment,0
hu hu đã bị chụp,Sadness,2
con này bán kem bôi não ... xóa bỏ nếp nhăn .. khiến não láng mịn,Disgust,3
ngu không_chịu được,Disgust,3
per hồi ở tam_kì hay nghe ... giờ nghe lại buồn ds,Sadness,2
bạn gái nào xinh_xinh mà bị lạc thì vào nhà mình cho ngủ nhờ này . ? ?,Enjoyment,0
huhu sợ vãi luôn á,Fear,1
hỏng rồi . dùng đồ như phá,Disgust,3
"chỉ có bạo_lực mới giải_quyết được bạo_lực , tao mà làm_luật tao sẽ hạ_tuổi người_lớn là 13 tuổi , đem nó lao_động khổ_sai 10 năn",Anger,4
tao nhiều tài lắm .. nhưng tài_sản còn cái mạng què và đôi tay_trắng emoji_buon emoji_buon,Sadness,2
có ai bịt loa như tao không,Other,0
"mấy thằng dẫn gấu đi thì tránh xa đám đông ra nhé , đừng chen_đẩy kiểu bố_láo , thằng đẩy tao đã bị xơi cùi trỏ rồi đấy ,",Other,0
nhìn là thấy nóng rồi,Other,0
"làm con_người còn sức khỏe , còn lành_lặn mà vác mặt vào ăn cơm từ_thiện thì chết con mẹ nó đi cho đỡ chật_đất , cơm này dành cho những người không_còn khả_năng lao_động , hoặc vô_gia_cư và hoàn_cảnh quá khó_khăn thôi",Anger,4
tự hỏi rằng những bạn nữ như_thế_nào thì họ có còn thích con trai không_nhỉ,Other,0
cặp phụ lúc_nào cũng đáng yêu .,Enjoyment,0
pháp không_còn khoảng thời_gian bình_yên nữa rồi,Sadness,2
con ước mình cũng có 1 tình_yêu đẹp như ông_bà vậy 3,Enjoyment,0
cô_giáo là người_nhà của mấy đứa đầu gấu à emoji_cuoi,Surprise,0
"tôi cũng thấy điêu_điêu , nét chữ này của người_lớn mà . chí_ít cũng phải cấp 3 rồi .",Disgust,3
phải con tao tao cho cả lũ chó cụt tay hết !,Anger,4
cưng chết,Enjoyment,0
con gái hiện_giờ .. nấu kiểu này thì thôi xong ... cháy luôn cả nhà emoji_cuoi,Other,0
"per đường đi về anh ợ , ô_tô chắn hết đg chả_đi được ? ?",Other,0
ghê vậy,Disgust,3
nếu không_có khúc cua cuối thì video này ý_nghĩa đó chớ,Enjoyment,0
dễ_thương . cứ yêu đi_ngại gì .,Enjoyment,0
hay lắm emoji_vui,Enjoyment,0
dume con ế đọc tổn_thương sâu con mẹ nó sắc emoji_buon,Sadness,2
chắc ông này không_có vợ emoji_vui,Disgust,3
coi phim này không .. dễ_thương lắm ..,Enjoyment,0
đúng vậy . haha,Enjoyment,0
tại_sao cứ đa_số là trèo cột điện với mái nhà nhỉ . ai giải_thích mình với ? ?,Other,0
lâu lắm rồi mà gio mới xử_phạt,Anger,4
đáng yêu quá,Enjoyment,0
tuần sau nữa mới học emoji_cuoi,Enjoyment,0
"per sợ chưa , ông bác hơi bị cứng nhé emoji_vui",Enjoyment,0
"phàm là việc đại_sự trong thiên_hạ , cứ về hỏi vợ . vợ bảo_sao thì làm ngược_lại . ắt thành_công ! ! !",Other,0
bọn hại người không_gươm không_dao . bọn tiêu_diệt nguồn_lực tương_lai của dân_tộc . nên đưa tội thực_phẩm bẩn vào khung tử_hình đi . mong nhà_nước thay_đổi một_số luật_định đi .,Anger,4
per bữa nào làm thử mày,Other,0
cần 1 thời_gian dài thật dài nữa thì ý_thức mới đi lên được,Other,0
"trên đường tao đi làm cũng có 2 con , mỗi lần chay tới là nó vương_cổ ra như kiểu muốn hút tao trong khi tao không_làm gì nó , cứ mỗi lần chạy tới là tao cách_ly cả nghìn mét với nó , thấy nó sợ bỏ mẹ . đúng chất con ngang",Fear,1
đội nào cũng xứng_đáng hơi tiếc cho per,Other,0
emoji_vui có thật nhiều tiền là vui,Enjoyment,0
"anw , vote cho anh vũ",Enjoyment,0
ý là giọng quê tao đó hã,Enjoyment,0
tao thì ngược_lại .. cắt xong nhìn như thằng trốn trại vậy,Sadness,2
chúc mừng_cp . cố lên cp .,Enjoyment,0
đáng tiếc_đời không_như là mơ . thực_tế sẽ vả vào mặt cho mày tỉnh ra emoji_buon,Sadness,2
con_cháu việt_nam nhục_nhã vãi,Disgust,3
những người thả phẫn_nộ xứng_đáng là thiên_thần . dăm_ba cái yêu đương_vớ vẩn . ahuhuhu,Sadness,2
cíu tao khỏi hai tên đồng_nghiệp bị crazy huhu,Fear,1
"thứ kém sang ngồi ăn ngay cạnh tao , có biết tao đang giảm cân không",Disgust,3
"điều đó không_quan_trọng , quan_trọng là đéo xác_nhận_lời mời kết_bạn",Sadness,2
rớt vô đây chắc chắc khóc tiếng thái_lan,Fear,1
vì có mối ngon hơn chứ saoo emoji_buon,Disgust,3
per đó đi chơi nhiều dô hỏi sao da đen .,Other,0
t quá mệt_mỏi với cuộc_sống này rồi,Sadness,2
"anh luôn nghĩ thế_giới này không_có gì đáng sợ , cho đến khi anh không_còn thấy em nữa",Sadness,2
thế theo mấy bác lớp 5 thì viết chữ như_thế_nào ạ,Other,0
rồi mấy đứa chân ngắn đi chắc dập người hết . bay qua sao nổi emoji_cuoi,Fear,1
"đi viện mà tưng tưng ăn_uống được là tốt rồi , mừng_mày sớm ra viện nhé cô",Enjoyment,0
mấy chị làm chung rất ư là dễ_thương luôn,Enjoyment,0
em nó đây nha các bác . kk emoji_vui,Enjoyment,0
gớm . vi_khuẩn vi_rút vi_trùng_vi lung_tung beng nấp hết trong đó nhìn nổi da_gà .,Disgust,3
xây làm tưởng xây cái chỗ ỉa chứ,Disgust,3
không_hiểu tại_sao bản_thân có_thể chịu_đựng được,Surprise,0
ghê quá đi,Fear,1
đem con bọn mày đến đây tao cho ăn cơm mốc rồi cảnh_cáo tao rút kinh_nghiệm thôi nha,Anger,4
tao không_tin đâu hicc,Sadness,2
tao cũng hao_mòn nhan_sắc như này,Sadness,2
thằng nhỏ mạnh vãi,Enjoyment,0
lại là bài_nhạc huyền_thoại trong xe_hơi 3,Other,0
mình thì mình chỉ mong chồng tốt thương_yêu vợ_con gia_đình ! gia_đình lúc_nào cũng vui_vẻ hạnh_phúc thì ngày nào cũng là ngày tình_yêu,Enjoyment,0
kiểu lâu_lâu cũng không_được nhắn_tin cho ai như_thế nên cũng muốn tình_cảm_xíu emoji_cuoi biết_đâu,Enjoyment,0
nó quan_tâm mày là lúc nó cô_đơn quá và mày vô_tình đi ngang đời nó thôi,Disgust,3
per nhớ ghê á_nha emoji_cuoi,Enjoyment,0
nơi ấy giữ lại những kí_ức tuyệt_vời,Enjoyment,0
mày xây luôn đi chắn biển cho tao . xây xomg muốn viết lồn gì thì viết,Anger,4
vậy mà trên đời có 1 loại cha vứt_bỏ con mình .,Disgust,3
chia buồn cùng nước pháp,Sadness,2
ma thì làm_sao đáng sợ bằng vợ hả người anh_em thiện_lành ? ? ? ? ? ?,Disgust,3
quá tuyệt_vời rồi các chàng traii,Enjoyment,0
ngây thơ vãi emoji_cuoi,Disgust,3
t chỉ có 1 năm thôi cũng phát ngán lên được . đúng là không_đi làm ở nhà mang danh_kẻ ăn bám,Disgust,3
đoạn cuối hình_như nó khóc,Sadness,2
đừng bao_giờ chơi_trò giận_dỗi với lũ con gái emoji_vui,Other,0
"per như một cú tát vào mặt , đau_lòng quá đi",Sadness,2
địt mẹ vừa đi ép lại kính xong giờ tan con mẹ nó cái kính rồi 200 k của bà mày đấyy ! ! ! ! !,Sadness,2
"trừ khi đường có biển cấm dừng đỗ thì mới không_được đỗ , còn có phải phố nào cũng kẻ_ô cho ô_tô đỗ đâu",Other,0
dume mệt_mỏi thật_sự,Anger,4
cũng có nơi gia_đình khá_giả mới có nó !,Enjoyment,0
bởi đi mua cái gì cũng phải chọn chỗ uy_tín,Other,0
"chơi game v cấp 2 trộm tiền bố_mẹ đốt gần 10 tr vào game , cuối áy_náy không_chơi nữa nên ngồi bán nick được khoảng 2 tr cũng gọi_là thu_nhập đầu_tiên v",Enjoyment,0
tôi đang ngủ mà ai cứ ăn_chóp chép kế bên khó_chịu thật ! ! !,Disgust,3
sao đi cắt tóc mà mắt nó từ đen sang xanh luôn vậy ?,Surprise,0
"ở mình bà đéo ông đéo nào cũng muốn dậy đưa giỏi , đứa ngu hay nghịch_tý là ông_bà ý làm ầm lên .",Anger,4
đã biết là thế nhưng không_còn cách nào khác emoji_buon,Sadness,2
đống góp ý_kiến gì mà tằm với tàu không_hà,Disgust,3
mua con lợn 5 chục lì_xì được có 40 nghìn mất thời_gian tốn cả tiền_bạc emoji_cuoi,Sadness,2
"nhớ lại ngày đó , làm pg bán giấy , cười suốt ngày , khách chửi cũng cười , mà nhớ thời đó ghê , mới 1 , 2 năm chứ mấy",Enjoyment,0
người ta đá hay bảo ăn đòn thằng admin ngu lol,Disgust,3
8 h sáng mấy bạn đi ngủ chưa ? sống theo giờ sao hỏa hả má,Other,0
chỉ tại tôi không_nói nên không_còn cơ_hội,Sadness,2
cái mặt xinh quá,Enjoyment,0
"đang tính đi nhổ_răng khôn à quên , nó ngu chứ khôn_đéo gì .. nghe được cảnh_báo này chắc không_dám đi nhổ luôn .",Fear,1
nắng cũng đã sắp tàn_sao mà chả_thấy em đâu ...,Sadness,2
ai mua thì bán không_mua thì thâu emoji_cuoi,Other,0
per đã nhẫn nhịn lắm ... đến khi con sen tao cứu tao thì tao đách có sợ đâu nhaa emoji_cuoi emoji_cuoi emoji_cuoi,Enjoyment,0
"chời ơi , bé gái cưng muốn xỉu . bạn nữ nào kết_hợp sx em bé hơm ? ? ? ? ? ? ? ? ? ? ? ? ? ? emoji_vui",Enjoyment,0
bài_học rút ra là học cách buông_bỏ những thứ không_thuộc về mình,Enjoyment,0
per cách gì thì kệ mẹ tao,Anger,4
"công_nhận ổng nói tiếng việt giỏi ghê_lun ,",Surprise,0
per đừng hỏi tao nữa,Other,0
được bác ạ ! ! cứ lấy vợ giàu là được tuốt emoji_cuoi,Enjoyment,0
cuộc_sống mà emoji_cuoi,Enjoyment,0
page rẻ rách đĩ mẹ tao bỏ theo_dõi súc_sinh cận_bả xã_hội dcm 18 đời nhà mày emoji_vui,Anger,4
bếp dầu chủ cái gì nữa,Other,0
per mở_mắt ra đọc đi ! tao như này tất_cả là do mày đấy chó ạ !,Anger,4
mợ không_gọi công_an phường đến cẩu đi .,Anger,4
ngã sấp mặt lồn là có thật,Surprise,0
do mày để gián ngay cửa nó không_dám vào nên khóc thôi,Other,0
đồ phá_hoại,Disgust,3
per xem câu_chuyện hư_cấu này giết thời_gian này,Other,0
buồn hơn khi tôi còn là gái,Sadness,2
phim như shits_ức_chế như lien_quan trẻ trâu,Disgust,3
per bữa cuối nó ngồi chỗ đó nhìn mà khóc còn cuối khóa thì bth haha,Enjoyment,0
dume cười vãi luôn trời emoji_vui,Enjoyment,0
ở chỗ khác chắc gì có đứa béo như mình !,Enjoyment,0
per đừng ảo_tưởng nhé,Disgust,3
thật_sự đọc xong thấy hơi rưng_rưng,Sadness,2
bọn mấy bà thì quyền_lực vãi rồi,Other,0
"sướng nhờ , bên trung chúng_nó yêu nhau toàn sống chung . emoji_cuoi emoji_cuoi emoji_cuoi toàn richkid",Enjoyment,0
đứng dưới cây này chỉ sợ ngột vì mùi hoa sữa emoji_cuoi emoji_cuoi emoji_cuoi,Fear,1
ngôn_ngữ gì ngộ_nghĩnh vậy,Surprise,0
ở free được lun hả,Surprise,0
có ai thấy giống người đẹp 9 p không ?,Other,0
em ghét nhất loại này . dính vào điểm mù của xe to thì ăn cức cụ ạ .,Disgust,3
"buồn cho những_ai thờ_ơ , vô_cảm trước một sự_việc như_thế .",Sadness,2
aa con nhện aa con ế !_nhện said emoji_cuoi emoji_cuoi emoji_cuoi,Enjoyment,0
"hahaa , đợi em ngủ chút tí ròii buôn emoji_vui",Enjoyment,0
móe mình chưa_gặp cảnh này chỉ có dọn bánh kem bọn ném nhau dính lên mọi thứ hòa với bãi_nôn thôi,Disgust,3
nhớ con gái tao quá emoji_buon,Sadness,2
minh_tu nguyen thuận_phạm quan_trọng đồng_nghiệp có hợp phong_thủy với mình hay không_hâhhah,Enjoyment,0
tuổi_thơ cũng từng_trải qua nhiều lời cay_nghiệt hơn vậy .. nên c hiểu được cảm_giác của em ..,Sadness,2
sợ vãi tè ăn_độc 2 quả mọc luôn 2 cái nhọt ở mông đíu hỉu,Fear,1
"per một thời mình ở bên nhau , nhớ ghê",Enjoyment,0
chỉ vì tin nó không_cắn đâu mà tao đã bị nó cắn 2 lần rồi . dume,Anger,4
hi_vọng hòa_bình ở triều_tiên sẽ không_còn xa nữa . goodbye ! per,Sadness,2
"cái đáng nói là chủ không_có thương , dòm em husky này ốm_nhom , mắt lờ_đờ thấy tội lắm",Sadness,2
thằng nào chưa_bước vào quán bar hay karaoke giống tao không_emoji_cuoi trai ngoan_điểm danh,Enjoyment,0
xinh mà_còn ngáo nữa thì người_yêu mới cưng emoji_cuoi,Enjoyment,0
mình đéo làm nhé bạn .,Disgust,3
"ai thì tao không_biết , chứ tao thấy tiền là đã có động_lực phấn_đấu rồi",Enjoyment,0
emoji_vui cuộc_sống mà . ngày_càng thấy bản_thân quá nhạt và duyên_v,Sadness,2
"moá nó , cười đau hết cả ruột",Enjoyment,0
sao con này mồm nó cứ rộng toang toác ra như_thế nhỉ ?,Surprise,0
ý_tưởng hay đáy chứ,Enjoyment,0
có thằng nào mắc cười không_hay_là do tao đéo có cảm_xúc vậy vkl,Enjoyment,0
lại là án oan sai,Sadness,2
yêu như trẻ_con tập yêu ây .. có cái chúc sinh_nhật mà nháo_nhào lên cãi nhau,Disgust,3
tao quen rồi,Enjoyment,0
có ai vào đọc bình_luận trước khi xem như tao không ? ? ?,Other,0
tình_yêu không_bao_giờ là mãi_mãi . rồi cây cũng chết héo mà thôi_khà khà,Enjoyment,0
"đúng là những đứa khốn_nạn , có bán hàng hay không_thì nói một câu",Anger,4
đéo tin gì cả,Other,0
xem mà cuối phim thấy tội chị ma nữ emoji_cuoi,Sadness,2
thương các con quá đi,Sadness,2
trung_thu là tết thiếu_nhi cớ_sao người_lớn lại vi_vu thế nhỉ,Enjoyment,0
thời_buổi bây_giờ càng nhiều tiền thì cơ_hội có việc_làm sẽ cao hơn,Disgust,3
per xem đi haha,Enjoyment,0
per em hiểu sao anh đưa em quyển sổ rồi nha kk,Enjoyment,0
em per gì gì đang hot đi làm lại ngực mà đi đoạn đường này thì ngải cứu emoji_vui,Other,0
quả quần_tụt tận lỗ_đít . đéo hiểu sao n có người_yêu,Disgust,3
"cái này dùng con kiến to to mới có vị chua , còn cái loại kiến này làm màu không_tác_dụng gì",Other,0
trông đen đen bẩn bẩn nhìn phát khiếp,Disgust,3
đó là 1 câu_chuyện buồn,Sadness,2
"con quỷ này hồi nhỏ tao khóc vì nó hoài , thấy nó không_dám đi , bỏ đường phải vòng đường khác ,",Fear,1
phải chi có người_yêu nhắn tin ngọt_ngào như này,Enjoyment,0
nhìn mặt bé mèo khó ở ghê _,Disgust,3
tao cũng có 1 con đi lạc 1 tuần xong nó về bắt cho tao 2 con chuột làm tao mất_ngủ xong hôm sau nó đi tiếp emoji_buon tao mong nó về lắm emoji_buon,Sadness,2
ác quá,Disgust,3
lâu_lâu được nghe truyện_cổ_tích thấy còn niềm tin vào cuộc_sống,Enjoyment,0
tao lại thích chua_lè chua_loét chứ emoji_vui,Enjoyment,0
nó ảnh_hưởng tới cơ_thể như_thế_nào vậy ạ ?,Surprise,0
chúng_ta thật hạnh_phúc và luôn đi chung với nhau suốt chặn đường dài rồi đó nà ?,Enjoyment,0
như nó không_phải là tình_yêu . khi đã là tình_yêu thì không_gì đánh_đổi nó cả . con gái kỳ_lạ chỗ đó .,Other,0
t thấy dễ mà . không_biết thì học khác biết . ez vãi,Enjoyment,0
"nếu không_làm được thì nghỉ đi để người khác làm . đừng để vì mình mà làm ảnh_hưởng đến uy_tín , danh_dự , nhân_phẩm của chị_em trong ngành .",Disgust,3
"gia_đình bọn này chắc cũng chả_ra cái gì con_cái mới thế , tội em_gái bị đánh",Disgust,3
ôi cưng cưng quá,Enjoyment,0
dme thần đèn ăn_theo tổng_đài vtc à,Disgust,3
"đã dùng , nhớ quá ngày_xưa",Enjoyment,0
đơn_giản emoji_vui,Enjoyment,0
rủ được crush đi thì không_cần qua đây nữa rồi admin ưii emoji_buon,Sadness,2
tình_cờ gặp nó và đột_nhiên cắm mặt bỏ chạy như điên,Fear,1
vl bố tao đang ở đây mà chắc sáng_mai mới về mất ? ?,Fear,1
căng thẳg quá mà,Sadness,2
"hồi bé đi mua xôi bị một đàn ngỗng đuổi emoji_vui may mình đi xe_đạp không_thì ăn_lol với chúng_nó , cái thứ mất dậy",Fear,1
hồi năm lớp 8 lớp tao bị quỳ trước sân trường đây nguyên lớp luôn,Other,0
chân_thành và giản_dị . con yêu_mến tình_cảm của 2 cụ,Enjoyment,0
cố_gắng lên cụ nhé ! !,Other,0
nhốt hết mấy thành_phần hát karaoke đấy vào sọt đi trời,Anger,4
"có tài nhưng đôi_lúc muốn làm diễn_viên hài , khoái thanh_niên này buồn_cười vkl",Enjoyment,0
cuộc_sống đổi_thay làm lòng người thay_đổi . hiểu vậy cho nó vuông,Other,0
chung quy_là hình_thức quảng_cáo ! ! !,Other,0
sao lại có chuyện vô_lý như_vậy được chứ . rồi bé_nhỏ sẽ như_thế_nào khi chứng_kiến bố nó bị đâm ngay trước mặt nó . nghĩ đã không_dám nghĩ tới rồi thấy thương bé quá .,Other,0
trông anh thần thái_vãi v,Enjoyment,0
khi bạn thật lòng với ai đó . nhưng người ta coi bạn như 1 trò đùa,Other,0
giống ml em tao hồi n nhỏ_vãi . muốn ngủ với mẹ nhưng bị tao nịnh_nọt bắt lên ngủ với tao emoji_vui,Enjoyment,0
đụ con đĩ_mẹ hôm nọ đang ngủ thằng lol nào hét ầm_ầm . mày về nà_hét cha hét mẹ mày chớ ngủ không_yên,Anger,4
có tất_cả các vị mày niếm được,Other,0
cắt tóc rồi mặt như con heo,Disgust,3
"bây_giờ con đã sai vì đã chưa_làm gì được cho cha , con thật_sự xin_lỗi cha và mẹ ,",Sadness,2
không_thấy không_biết lòng không_đau,Sadness,2
tán gái hay vãi,Enjoyment,0
nhìn ghê_vãi . ai nuôi mà ác_thế,Disgust,3
"đúng . làm gì không_quan_trọng , quan_trọng là bạn làm điều đó với ai",Other,0
"xời tưởng gì , cái này tao làm được emoji_cuoi",Enjoyment,0
thôi tốt nhất là chịu thua đi . thắng hay thua cũng đâu_có_được gì .,Other,0
giao_lưu tí không . tự bấm chứ không_mua emoji_cuoi,Enjoyment,0
thằng nào quảng_cáo xe vãi thế,Surprise,0
đấy mới là điều càn đó . huhu,Sadness,2
hạnh_phúc là đây chứ đâu emoji_cuoi,Enjoyment,0
đó cũng là cái cốt_lõi cái then_chốt thúc_đẩy ông phát tiển sách_lược của mình bằng cái tâm và cái tầm .,Other,0
môn này đéo dành cho những người chân_ngắn như tao emoji_vui bay qua chắc lọt mẹ xuống sông emoji_vui,Fear,1
xem đi xem_lại vẫn hay,Enjoyment,0
per ông cháu không_nè kk,Enjoyment,0
có hôm tao đang vương_nỏ tính bắn vào con họa_mi đang đậu trên cành thì ai_ngờ nó phản_đame đứt_thun dội ngược vào mặt từ đó tao không_còn chơi nữa,Sadness,2
đằng nào thì điều hòa vẫn bật mà .,Other,0
emoji_vui mình sướng mà mình không_biết hưởng nhìn lại những mảnh đời bất_hạnh mình nguối mặt thẹn gấp 100 lần,Sadness,2
per đến con_nít chúng_ta cũng không_bằng là sao ......... tuổi_thơ và tuổi thanh_xuân nợ chúng_ta quá nhiều thứ rồi emoji_buon emoji_buon emoji_buon emoji_buon,Sadness,2
"đấy , chỉ có sale như tao mới tốt thôi , tao không_bao_giờ hỏi về nỗi đau của khách_hàng x",Enjoyment,0
kinh_dị thật nhìn ngu vãi,Disgust,3
con_bé xinh_ghê,Enjoyment,0
kaka cái mặt bà kìa,Enjoyment,0
lâu_lâu tự_nhiên ghen mặc_dù đéo là gì của nhau,Anger,4
per tự_nhiên thấy mình hơi thất_đức,Other,0
tưởng_tượng mà dưới sông có cá_sấu nữa chắc hết dám đi,Fear,1
cần xem cái kết của bọn này,Other,0
quá nguy_hiểm,Fear,1
maii ban thanh_nhung nhớ cái này không_hic emoji_buon emoji_buon emoji_buon emoji_buon emoji_buon,Sadness,2
hoàng thượng_mặc áo đầu_lâu mới sợ chứ,Other,0
tao chả_bao_giờ làm thế,Other,0
dume thằng mất dạy !,Anger,4
chưa_bao_giờ còn yêu nhiều hơn thế bởi cha_mẹ cho tôi tất_cả,Enjoyment,0
cuốn sổ vô_dụng nhất mà tôi từng biết . ơn giời nó không_còn nữa,Disgust,3
có những người như chủ_thớt bảo_sao đất_nước không_phát_triển,Disgust,3
má lỡ té xuống 1 cái tao nói lên tắm 8 năm cũng đéo sạch nữa,Fear,1
tao khuyên bọn mày đừng dắt bọn con gái theo . nó bắt bọn mày cõng nhảy qua đấy emoji_vui,Disgust,3
"bệnh quá , xấu_mặt người_dân 1 vùng quê đồng_bằng bắc_bộ",Disgust,3
hai bác học nghiêm_túc ghê emoji_vui,Enjoyment,0
không_thấy hay ho gì cả,Disgust,3
bóp dái thật mạnh xem còn dám sàm sỡ không,Anger,4
mấy đứa chân ngắn qua sao,Sadness,2
ôi vãi nhìn ảnh giật_mình đám nghiệt súc cười nhé_răng ! ! ! ! ! !_đhs ... emoji_buon đẻ ra đau_bết cả lồn,Disgust,3
bác nói vậy thì tao cũng quì,Other,0
cứ thải trực_tiếp ra sông thì có xử_lý công_nghệ mặt_trăng cũng bó_tay,Disgust,3
"tao bảo 99 , 99999 là mấy ông ngoài bắc và kiểu chửi này cũng ngoài bắc vì tao cũng bị chửi vậy khi còn bé . h thì bình_thường nhưng nghĩ_lại buồn chứ không_vui đâu tụi bay . ngoài bắc cách giáo_dục là miệt_thị . không_đồng_ý",Disgust,3
phim này ý_nghĩa lắm,Enjoyment,0
"ảnh đẹp lắm , nhưng không_có những người khổ này thì sẽ đẹp hơn emoji_vui",Other,0
"thì bác cứ tranh_luận đi , bác nói đúng thì mình cũng chả_nói gì , còn mình thấy cái kiểu cậy nhà mặt_đường nhưng tư_tưởng nhắn_tin kia thì kiểu gì cũng có ngày sấp mặt .",Anger,4
yêu thế,Enjoyment,0
nhưng vẫn tồn_tại nhiều đứa con gái không_như_vậy mà ? ?,Other,0
làm_sao mặc áo được ta emoji_cuoi emoji_cuoi,Surprise,0
"ê tao cũng hay giữ mấy cái linh_tinh_lại như_vậy để vài năm sau mở ra xem_lại có cảm_giác hoài_niệm , mà mẹ tao bắt tao vứt hết rồi emoji_buon",Sadness,2
ảnh đẹp quá,Enjoyment,0
"t không_tiếc mấy ly trà sữa , chỉ thấy tội cho mấy cô lao_công dọn_dẹp mà thôi",Sadness,2
người lớn_tuổi nhiều lúc rất dễ_thương emoji_vui,Enjoyment,0
sao giốg với mình v . nhưg mình từ_bỏ rồi người ta hình_như cũng có người khác . từ đầu là do mình ảo tưởg thôi giờ thì tỉnh đi cô gái ạ,Sadness,2
tôi đập cho tòe cái mỏ lun nha,Anger,4
có ai ngu như tao không_đơn_phương con_nhỏ cạnh nhà 4 năm mặc_dù nó ngồi chung bàn với tao suốt mấy năm cấp 3 emoji_buon,Sadness,2
ở nhà vênh lắm đi bộ_đội thì yếu_ớt vãi,Disgust,3
thương mấy anh quá mà tao không_kiềm được vẫn phải thả haha,Enjoyment,0
bẩn vãi,Disgust,3
đường của nhà_nước co phải nhà cụ đâu mà kêu_ca,Disgust,3
sao giống tôi rứa_hỉ ...,Surprise,0
đm độc bình_luận toàn kêu chọn nghề khác dume đây đéo phải nói tới cái nghề mà là nói tới ý_thức của tụi mày đó đầu trâu_óc chó . nếu chọn nghề khác thì dume ai làm công_việc đó ... nghề chọn mình mình không_chọn nghề được ... kể_cả làm phò như tụi mày cũng vậy,Disgust,3
mai người ta đi học mai tao đi du_lịch ố la_la emoji_cuoi,Enjoyment,0
có_khi nào kết_hôn xong nó giết lấy tiền bảo_hiểm không,Fear,1
nó mà cắn ai 1 phát thì ... nghĩ thôi đã rùng_mình,Fear,1
mát lồng lộng_mày ạ,Enjoyment,0
mưa lắm các con giời ở nhà ngủ cho khỏe nhé .,Other,0
năm nay con bao_nhiêu tuổi rồi ? emoji_cuoi,Other,0
vì chúng_ta không_nên nói_chuyện với nhau nữa,Sadness,2
tao xin bổ_sung thêm,Other,0
"ngu và ngang ngược quen rồi , chừa_tật nhé",Disgust,3
có người sinh ra đã làm ban giám_khảo anh nhé kk,Enjoyment,0
thật buồn khi mình thịt vợ thang khác mà thằng khác thịt vợ tưong lai mình,Sadness,2
hay bị giật khô trên đó rồi emoji_buon,Sadness,2
"đm lũ chó bán thịt lợn_sán cho các cháu lũ đấy phải tìm ra và xử_tử hết . loz mẹ chúng_mày vì lợi_nhuận giết hết cả tương_lai đất_nước , dume lũ chó chết",Anger,4
đéo có người_thương để mà làm ấy chứ emoji_buon,Sadness,2
"per chồng xem đi , hài lắm",Enjoyment,0
per dume lần sau có tỏ_tình thì cũng 1 vừa 2 phải thôi,Disgust,3
chạy ngay đi trước khi bọn chủ_tịch vào đây và giả làm con c c gì đó rồi bị coi_thường và tụi bay phải nhận cái kết đấy .,Other,0
nhưng_mà từ giờ trở đi đéo được tiếp_xúc rồii,Sadness,2
"per cùng suy_nghĩ , và sợ cả điện_giật nữa , giờ cứ ngồi cho chắc_ăn .",Other,0
"cái này ở shop đồng giá 40 k aeon có nè , tê tới dái luôn",Enjoyment,0
ngày buồn nhất trời đổ cơn mưa emoji_buon,Sadness,2
không_có khúc rớt dt_hả ..,Other,0
như con điên emoji_vui,Disgust,3
tao lại bị mọc lông chân rồi emoji_buon,Sadness,2
sao bắt nhanh thế sáng đọc báo có tin chôm ngân_ngàng chiều đọc báo đã bắt được rồi,Surprise,0
mỗi lần tao ăn đu_đủ bằng thìa thì bố tao lại chửi tao . bố tao bảo loại mày ăn_đu_đủ không_cần thìa đâu .,Sadness,2
"vãi cả ngứa mắt emoji_vui . lập_luận rất là có cái lí luôn . đấy , ngứa_mắt là sai cả lí rồi nhé mấy ông đỗ xe emoji_cuoi",Disgust,3
mua thuốc ngoài thú_y sức vào vài ngày nó không_bám nữa,Other,0
"tao cũng hay nằm_mơ con mèo của mình nó về , tao tưởng thật nên khóc cả trong mơ lẫn ngoài đời . nhưng nó đâu_có_thể về được nữa ...",Sadness,2
giá mà có ai để giận v,Sadness,2
"chân ta cũng là chân đi và giờ bị đứt dây_chằng , nằm một chỗ đợi mổ rồi mày . đồng_cảm vãi",Sadness,2
"ai ở gần đó xin hãy giúp chú , thương chú",Sadness,2
cuối ngày hình_ảnh của ông_bà là đẹp nhất ... chúc ông_bà mãi hạnh_phúc sống thật lâu_lâu nhé,Enjoyment,0
cắt như anh này gọn_gàng thoáng mát nhé auto đẹp_trai,Other,0
"có_thể xương của mày nó bị giòn , xuất_viện nhớ bổ_sug thêm nhiều canxi nhé",Other,0
per 1 lần chơi lớn xem em có trầm_trồ,Other,0
xin_lỗi mày nhưng tao đọc buồn_cười,Enjoyment,0
trải qua một cuộc bể_dâu . những điều trông thấy mà đau_đớn lòng,Sadness,2
t nghĩ thằng châu_phi kia nó rất nhiều tiền,Other,0
per đi đâu cũng nghe bài này riết muốn tắt dẹp cho rồi,Anger,4
nhìn thấy ghét ...,Disgust,3
per xàm_lol giáo_dục đéo gì,Disgust,3
per biết phân_biệt phải trái không_vậy ? ? ? và có biết đỗ như_thế_nào là đúng luật không ? ? ?,Anger,4
chán mấy ông thanh_niên .,Sadness,2
trẻ trâu thời nào cũng có thông_cảm đi,Disgust,3
cũng là chị_em nó làm nhà_trẻ nên chịu thôi,Other,0
bắt được rồi cho bọn này đi chết đi để chúng_nó sống rồi làm hại người khác,Disgust,3
đốt cháy túi_tiền thì ở nhà cho_rồi . xem chi không_biết,Anger,4
per có thằng bị tao bắn từ đó không_thấy họa mi hót nữa luôn,Enjoyment,0
"hôm_qua tôi đi grab gặp được bạn đẹp_trai , thơm phức_nè . có cô gái nào có hứng_thú hem ?",Enjoyment,0
đẹp quá v,Enjoyment,0
emoji_vui thế trong trường_hợp này thì sao ? có nhiều xe lắm đâu cụ,Other,0
lo cho thang bé lỡ rớt điện_thoại xuống_nước thì ....,Fear,1
per dăm_ba cái con nhện emoji_vui,Other,0
ủa rồi chân một khúc như tao nhảy kiểu gì ? emoji_vui,Other,0
trong 1 năm đó bố_mẹ ông cho ông 10 tỷ_đố là tiêu_vặt và 1 con lám_bồ để đi giao hàng,Other,0
không_chăm được thì đừng nuôi nhìn tội quá ? ?,Disgust,3
"có hôm nó lo đọc cho mình nên không_chép kịp bài , cô_giáo bắt phạt đánh_đòn cả hai đứa . năm sau bạn í chuyển trường mất , nhớ bạn quá !",Sadness,2
"đừng ám_tao nữa , sợ lắm",Fear,1
tao gửi từ ngã tư đồng_đội cơ_mà đi xa vãi,Other,0
"lạ_kì thật , một kì_thi quan_trọng như_vầy mà vẫ nhầm đề được .",Disgust,3
định_mệnh tao lại quên mang áo_mưa,Sadness,2
chia buồn cùng người_dân và đất_nước pháp,Sadness,2
per mày ơi_trò này lợi_hại nè áp_dụng ngay,Enjoyment,0
per emoji_vui không_bù cho nhũng người như cta,Sadness,2
ôi gu mình ! ! mà phim lâu quá rùi giờ mà đóng lại bản khác thì không_biết sao haa,Enjoyment,0
"giống_hệt mình , nhưng bạn may_mắn hơn vì bên này quyết trốn nợ tận_cùng",Sadness,2
"đéo mẹ bệnh_viện chứ có phải chỗ gửi xe đâu , nó niêm_yết rõ_ràng như_thế kêu_ca cái gì",Anger,4
per ngày_mai là ngày gì mà ra lắm phim vậy bạn ?,Surprise,0
"ước gì con về với mẹ ...._đợi mấy tháng rồi vẫn chưa_thấy bóng_dáng con , mong con vẫn sống ...",Sadness,2
chất đó có làm mềm_não không ?,Other,0
em này có cạo lông không_ta sao nhìn lông ngăn quá,Other,0
"ngày nào cũng thấy tàu trật bánh , khá buồn",Sadness,2
tao thấy nhảm quá,Disgust,3
y_tế 24 tr tháng á ? ? ? ? kinh_vầy ? ? ?,Surprise,0
"thế mày lại ghép nhạc vào làm gì cho con_bé bị tán mấy chục cái , mày ác lắm",Disgust,3
per em đã tìm ra giải_pháp thiết_kế rồi nhé emoji_vui,Enjoyment,0
sad cực mạnh,Sadness,2
per may cho bạn,Enjoyment,0
đợi đến ngày họp lớp đi,Sadness,2
tao thích con trai đầu tóc gọn_gàng vãi_chưởng,Enjoyment,0
"hành_động đẹp chứ sao , đằng nào cũng tiệt_kiệm hơn emoji_vui 0",Enjoyment,0
chỉ ước về sau mình được vay,Enjoyment,0
"bạn_bè nói_chuyện cũng chụp post facebook , vui không ?",Disgust,3
per mệt quá mấy con ơi,Sadness,2
nói tóm_lại là nó thích đỗ đâu thì nó đỗ mình thích thì mình gọi công_an . chứ mình không_có quyền,Other,0
mới_đây mẹ tao giúp tao làm lại giấy khai_sinh . mẹ có hỏi mày sinh ngày mấy để mẹ làm,Sadness,2
tôi muốn có một mối tình bình_dị .,Other,0
hú_hồn chim én emoji_vui,Fear,1
phải có bao_nhiêu tình_cảm mới có_thể viết ra được những dòng này ...,Sadness,2
"bờ biển thì rộng , có những chỗ mày viết có_thể rất lâu sau mới bị lấp đi tại_sao chọn chỗ khó_khăn nhất vậy . thảo nào đéo bao_giờ có người_yêu emoji_vui",Disgust,3
mệt mõi,Sadness,2
đã thử và rất thích_thú .,Enjoyment,0
"ủa bất_ngờ đây , thanh_niên nào đây emoji_cuoi",Surprise,0
con này chăm_sóc n là n bao đẹp,Enjoyment,0
"dume , phải con tao thì đéo bao_giờ chúng_mày có cơ_hội xin_lỗi luôn .",Anger,4
"thiệt ra bạn mày đẹp hơn , vì màt chỉ được cái lưng dài lười_biếng thui",Disgust,3
móng tay và tóc theo thời_gian thì mọc càng dài tại_sao chỉ có con chim là nó không_mọc dài hơn_nữa ta,Sadness,2
tuyệt thật,Enjoyment,0
năm nay vào quán net ngồi cho đỡ phải nhìn .....,Sadness,2
bé tí mà đã có múi rồi emoji_vui,Enjoyment,0
giờ nín ngay không ? việc gì phải khóc,Other,0
"chẳng_phải chuyện hài nhưng sao tao thấy buồn_cười quá , chắc thần_kinh có vấn_đề",Enjoyment,0
chuẩn không_can_chinh,Enjoyment,0
liên_quan đéo gì . trung_thu tết đoàn_viên gia_đình chứ đoàn_viên người_yêu đéo đâu .,Anger,4
cái đồng_hồ mọi người cho em hỏi giá bao_nhiêu ạ,Other,0
cụ í đỗ sai thì mợ cứ báo chính_quyền thôi,Other,0
tao chưa_nghe nói kính thủy_lực bai giờ .,Other,0
"khiển_trách là bị mắng rồi má , lại còn bắt chép phạt ác thật",Disgust,3
dăm_ba cái kỉu đây hồi nhỏ tao đốt chấy vài á mà,Enjoyment,0
cưng gì đâu,Enjoyment,0
2 chúng_mày yêu nhau chọc_tức bọn fa tụi tao thêm cay chứ an_ủi đéo gì,Disgust,3
per kk,Enjoyment,0
tao của ngày này năm trước đang ước đừng lấy quỳ tím đem ra thử_nghiệm . emoji_buon,Sadness,2
thính thơm không,Other,0
ôi không_đừng vậy mà emoji_buon,Sadness,2
"sao mày không_viết nhanh lên , mày lấy tay chặn làm gì có giúp mày tốt hơn không_hả ? ? ?",Anger,4
nghe anh ấy nới chuyện rất thuyết_phục,Enjoyment,0
khi nào tao nhìn con xò lông bánh_bèo mà tao không_mắc ói . thì khi đó tao lấy,Other,0
có_thể là nó yêu mày emoji_vui,Other,0
per ối bạn ơi quà sinh_nhật mình đây rồii,Enjoyment,0
ai cho mình xin page của con này với thích xem nó live stream bán đồ gê,Enjoyment,0
cho nó đi trồng lại 10 ha và chăm_sóc cho tới khi cây lớn bằng núc chúng_nó bơm chết,Other,0
toàn bọn óc chó . không_có lương_tâm . sao chúng_nó lại làm như_vậy không_nghĩ hậu_quả sau_này sao .,Disgust,3
"bảo không_ly_hôn_cơ mà , dma chơi nhau à",Anger,4
cần phải tỉnh_táo,Other,0
per thật_sự là có cách nào dắt bé đi theo được không ? emoji_buon,Other,0
"thâ tao ra thi nê_u 1 thă người con trai no yêu mày va coi tro người mày , câ n mày thi_mày co qua i_thai thê_na_o no cu người chi_u đươ c va cô gă người la_mày mày vui emoji_vui",Enjoyment,0
phim nay xem rất nhiều lân nhưng quá hay vẫn muốn sẽ tiếp_tục xem,Enjoyment,0
thôi thì đi xem avenger lần 3 để tránh nóng nốt chiều nay không_mai mưa rồi hehee,Enjoyment,0
cho xin tí muối ạ,Other,0
sao không_cắt móng chân cho em ... nhìn mặt_cute mà thấy móng chân em sợ phết,Fear,1
đã từng xem em là tất_cả . mỗi khi mỏi_mệt về thấy em và con cười là anh hạnh_phúc rồi,Enjoyment,0
nằm đó mà mơ emoji_vui,Disgust,3
duyên quá nói_chuyện hay,Enjoyment,0
"đm phạt 200 triệu đồng không_có tiền đóng phạt 12 tháng tù cho biết , câu thích câu view dơ_bẩn cho cá_nhân mình",Disgust,3
gắt quá nha emoji_cuoi,Disgust,3
đừng trách anh vô_tình vì em đã vô_tâm,Other,0
"wow , đẹp dữ vậy à hehe",Surprise,0
"ngồi chờ một người đi qua 1 và coi đó như 1 sự tình_cờ emoji_cuoi emoji_cuoi emoji_cuoi tao đã từng , nhưng đó là tao của ngày_xưa . buồn_cười thật",Enjoyment,0
"thôi , không_tranh_cãi , không_lại các bác . nói_chung không_cấm thì đỗ , còn đỗ để làm_gì thì do ý_thức mỗi người",Other,0
khóc vãi emoji_buon,Sadness,2
"việc của ông vũ_giờ là mua nhiều thật nhiều cigar và lên chùa xây cái am_trung_nguyên thiền_định tiếp đi qua ơi , qua quậy quá rồi để cho vợ và 4 con tiếp_quản được rồi qua ơi .",Disgust,3
cũng là ninja như nhau mà cũng hơn thua làm gì vậy trời,Disgust,3
và vui_mừng hơn khi biết tin chị vợ ở nhà vừa sinh_hạ em bé được 1 tuần,Enjoyment,0
lại là bà hàng_xóm,Disgust,3
bọn óc_vật emoji_vui đụng vào con_cháu nhà tao thử,Anger,4
hay . đỡ mệt,Enjoyment,0
"thế đàn_ông có thường gục ngã trước một đứa con gái xấu không ? vậy nên đó là chuyện thường_tình , đàn_ông mê_sắc đàn_bà mê tiền , mỗi giới một đam_mê , đó là công_bằng , khi nào mày yêu một con xấu đi rồi hãy nói đạo lol",Disgust,3
per nhìn quen_quen mày ơi,Surprise,0
mà ô chủ xe cũng ngu_vãi . mất_công_đậu thì đậu hẳn ra giữa đường day . để cho nó đỡ mất_công về lại phải mất_công đi đại_tu,Disgust,3
gv có tâm_vãi emoji_cuoi,Enjoyment,0
cầu mong_chú có cuộc_sống tốt hơn,Enjoyment,0
"bạn_bè thì nó hỏi_han , hay nhắn_tin thôi .. hồi trước hay ảo_tưởng lắm , nhưng giờ lớn nên hết trẻ trâu rồi",Other,0
khớp vãi emoji_cuoi mặt con_bé,Enjoyment,0
mạng nhện chắc đóng kín rồi nhỉ,Other,0
tao đéo ghê con rắn tao ghê mấy cái trồi lên kìa emoji_vui,Fear,1
ngày ấy cũng từng như_vậy,Enjoyment,0
"tao biết trước là nó sẽ lao vào màn_hình mà , vậy nên tâm vẫn tỉnh lúc nó lao vào .",Enjoyment,0
quả mặt dễ_thương dữ vậy,Surprise,0
"lúc sinh ra rồi , con gái không_nói , là con trai thì ổng sẽ phải ước mình chưa_đẻ ra nó , có thêm đứa tranh_vợ với mình mà emoji_cuoi emoji_cuoi",Other,0
cưng xĩu emoji_vui emoji_vui,Enjoyment,0
người ngoài hành_tinh nói tiếng anh ? ? ? ? ?_nà ní ? ? ? ? ?,Surprise,0
"nghĩ đến cảnh mặc áo là cảm_thấy mất cả tuổi thanh_xuân , chưa_kể là lúc ngứa thì gãi kiểu gì emoji_cuoi emoji_cuoi",Enjoyment,0
cứ thấy nó là ăn không_còn xác thì lấy gì chúng kịp phá . nhìn thèm ứ chịu được,Sadness,2
xem video chị này công_nhận hay và ý_nghĩa thật . giờ lên xem vid mới biết về tuổi_thơ chị này cơ_cực thật đấy,Enjoyment,0
nó giống tao ghê . gặp tao tao cũng chọn mày,Enjoyment,0
hiện_tại cảm_thấy hạnh_phúc khi môi_trường làm_việc toàn người lầy ....,Enjoyment,0
đúng là mỹ nhanh gọn dứt_khoát,Enjoyment,0
khúc cuối cười_lộn ruột,Enjoyment,0
mặt con_mèo giải_trí dữ,Enjoyment,0
tại con này xấu quá không_nhận_diện được khuôn_mặt,Disgust,3
"đã ra tù nhưng chắc nhớ tù quá , muốn quay lại trại nên mặc quả_đồ này vậy",Disgust,3
anh có tin em giận lại anh không ?,Enjoyment,0
ác đến vậy là cùng,Disgust,3
khi cô_đơn lòng em nhớ ai emoji_buon,Sadness,2
"nếu chiếc xe đỗ giữa cửa nhà tôi như trong hình của thớt tôi hoàn_toàn không_có cảm_giác gì , kể_cả ngày nào cũng vậy luôn .",Other,0
"đang định đi nhổ răng_khôn , nghe được tin này thấy ghê_răng",Fear,1
"ước gì boss không_co chân lên , tao vẫn sẽ nghĩ là boss thật khí chất emoji_cuoi",Sadness,2
xem xong tao đã khóc rất nhiều,Sadness,2
ha ha chất lắm,Enjoyment,0
bộ này hoàn_hảo quá,Surprise,0
đậu . tao mê nhất là giọng tuy hòa_phú_yên . nó luôn mang một ấn_tượng sâu_sắc . nghe cứ thích thế_nào ấy,Enjoyment,0
lại ngáo đá rồi,Disgust,3
tao thì nói xong lại thấy người ta không_hứng_thú thì lại lượn,Sadness,2
để có được cái nắm tay tuổi già là bao giông_bão của tuổi_trẻ . mấy_ai qua được bão_giông ?,Enjoyment,0
quan_trọng là có per luôn tạo_độ khó game cho tôi emoji_vui và không_thể thiếu sự trợ_giúp của các anh_em trong team emoji_cuoi,Enjoyment,0
điều tồi_tệ là học nửa_vời chã ra làm_sao,Sadness,2
chỉ có màn_hình là xấu thui,Other,0
cùng câu hỏi .. vụ thang_máy thì sao nhỉ,Other,0
"mỗi ngày đi làm về , tôi không_vội vào thang ngay mà thường ngồi sảnh tầm 20 p chỉ để ngắm gái xinh cùng tòa .",Enjoyment,0
đây mới là công_an của nhân_dân việt_nam cảm_ơn bạn nhiều điều tốt_đẹp hơn nhé vanew,Enjoyment,0
per sau hôm sinh_nhật là có cái này . ngon vãi,Enjoyment,0
per kinh_dị thấy mệ luôn nè,Fear,1
tuy hơi fail 1 chút nhưng rất có năng_khiếu lớn lên không_chừng làm ca_sĩ ấy chứ đừng đùa,Other,0
đúng là tấm gương xáng để con_cháu noi theo emoji_cuoi,Enjoyment,0
khi đã đổ_vỡ hàn_gắn lại chắc gì đã được như lúc đầu,Fear,1
"tào_lao , bịa_đặt",Disgust,3
"chia_sẻ cho anh_em , haha",Enjoyment,0
cách này nhiều người áp_dụng quá rồi emoji_vui,Enjoyment,0
tưởng bú được vài cái thích của tụi dân_trí thấp thì mình khôn ?,Disgust,3
doume khó vậy_mà cũng nghĩ ra được,Surprise,0
sao ảnh này nhìn con rắn đáng yêuc vãi emoji_vui,Enjoyment,0
sau mưa ra đường sợ nhất gặp giun,Fear,1
per đứa nào nghĩ ra được cái qcao hay vãi ...,Enjoyment,0
bạn trai thì chưa . nhưng mỗi lần thằng bạn nó cắt tóc cạo râu thì auto nhìn đẹp_trai,Enjoyment,0
í_thức mấy đứa đi xem như lol .,Disgust,3
đã từng . và bị phũ như 1 con chó emoji_cuoi emoji_cuoi emoji_cuoi emoji_cuoi,Sadness,2
thiểu_năng đội cái nón không_nổi thì sao đủ năng_lực chạy xe . nhìn là thấy hãm .,Disgust,3
anh lấy đi niềm tin trả lại cho em những gì,Sadness,2
thông_minh lắm,Enjoyment,0
thêm cái trang này ăn_cắp ý_tưởng của tôi,Anger,4
đề_nghị các bạn giữ trật_tự trong rạp phim ! ! ! ! ! !,Other,0
cam mà vắt_thế chỉ có đắng nhé thôi đồ ngu,Disgust,3
"t sẽ tự an_ủi tất_cả chỉ là diễn thôi , diễn thôi , đéo_thể tin được đâu",Disgust,3
ngu hết phần thiên_hạ,Disgust,3
tin tao đi tiền là thứ duy_nhất làm động_lực để mày vui emoji_vui tao chia_tay xong . cắm mặt vào làm để mua_sắm và du_lịch emoji_vui,Other,0
tao thấy con mèo xinh hơn,Enjoyment,0
cho nó cắn_phát xem có thành spider_man không_emoji_cuoi,Enjoyment,0
bếp ga hj hj,Enjoyment,0
"từ hành_động và lời_nói của tụi nhỏ này không_biết nên trách ai bây_giờ , , thối_nát một thế_hệ",Disgust,3
sớm bình_phục nhé,Other,0
căn_bản là họ không_đáng cho mình trân_trọng thôi . per,Disgust,3
giống thằng này vãi emoji_vui,Enjoyment,0
"năm nào cả sinh_nhật_âm hay dương_mẹ cũng gọi điện cho mình , bà ngoại trên 80 , bác ruột mình đều nhớ hết emoji_cuoi emoji_cuoi emoji_cuoi",Enjoyment,0
quan_trọng nhất vẫn là tấm lòng emoji_vui,Other,0
cái mặt hoang_mang thấy thương,Enjoyment,0
nhìn ức_chế vãi,Anger,4
coi mà cái tay nó rung trái_tim nó đập sợ cái thằng đó té sấp mặt luôn thì không_bình_thường họa_mi còn hót được không_emoji_vui,Fear,1
nhìn kinh_vãi,Disgust,3
hỡi thế_gian tình_ái là chi mà đôi lứa_nguyện thề sống_chết ?,Other,0
per bất_ngờ bốc cháy,Other,0
đọc bình_luận mới công_nhận mấy đứa nói đạo_lý sống như lol . đây là câu_chuyện vui bạn_bè trêu nhau thôi không_đến lượt mấy người dạy bé cách cư_xử như_thế_nào đâu . có người con như_thế_nào bố sẽ rất tự_hào đấy,Disgust,3
chuẩn kk,Enjoyment,0
emoji_cuoi emoji_cuoi emoji_cuoi nhìn và đợi chúng_nó chia_tay,Other,0
làm mấy chuyện dở_người để được nó chú_ý,Other,0
không_mưa thì kêu_trời mưa thì cũng kêu_trời,Disgust,3
họ có_thể không_giàu_có về vật_chất nhưng hạnh_phúc của họ giàu hơn rất nhìu người,Other,0
"người ta ăn_hàng tỉ lại phát 5 tr , còn gì là pháp_luật nữa",Disgust,3
à còn có_thể loại con trai cắt tóc xong rồi tự soi gương xong khen mình đẹp_trai mới vãi,Disgust,3
"per đi làm với c mình vui hết_xẩy , trừ những lúc khó_tính emoji_vui",Enjoyment,0
phải tôi đỗ lên vỉa_hè giáp cửa nhà bạn bán hàng luôn . vỉa_hè rộng thế kia cơ_mà . ? ? ? ? ? ? ? ? ? ?,Other,0
cảm_thấy sợ mấy thứ suy_nghĩ cổ_hủ của người_lớn emoji_buon,Sadness,2
bò ra mà cười emoji_vui,Enjoyment,0
per xem cái này đỡ chán đi ông,Other,0
em buông tay anh nhé .... quá_khứ ấy anh hãy xóa hết đi .......,Sadness,2
thông_minh vãi,Enjoyment,0
gửi đứa nào chưa_có người_yêu,Other,0
mày lười vãi lol,Disgust,3
đi xem 1 mình có sợ ma không,Other,0
chả_thấy nói nó cho admin bao_nhiêu xiền để pr nhỉ,Other,0
tôi đã xem đi xem_lại 3 lần và xem_lại lần hai mới hiểu hết nội_dung và thấy hay hơn khi xem_lại lần 3 . ai chưa_xem hãy vào xem thử 2 lần !,Enjoyment,0
"anh biết em có nhiều_chuyện , nhưng việc trước_mắt là em nộp phạt đã , nếu không_xe em sẽ bị thu vào đồn",Other,0
thế hóa ra nguy_cơ trầm_cảm của tao cao lắm,Sadness,2
mày giận lại tao hả tốt quá bố mày được đi chơi game rồi . tối về dỗ nó sau . chờ mãi câu giận của mày emoji_vui,Enjoyment,0
đừng đùa với người nước_ngoài nhé,Other,0
làm giáo_sư mấy chục năm mà cuốn giáo_trình chưa_thuộc hết nữa à,Disgust,3
anh lỡ mất em rồi huhu,Sadness,2
nhớ lại ngày_xưa,Other,0
bình_tĩnh vãi_chưởng emoji_cuoi,Enjoyment,0
đai giảm tốc_độ kiểu ấy mà gặp mấy bà đang đau_đẻ là xác_định đẻ trên xe hay ở nhà đi rồi hẳn đem lên bệnh_viện emoji_cuoi emoji_cuoi emoji_cuoi,Disgust,3
thạ timm đùa tao yêu mặt nó lúc ôm đầu vll xinh quá con ưii,Enjoyment,0
đứa nào tin là đơn_giản thế ra đây tao tát cho vài cái cho tỉnh emoji_vui,Anger,4
mẹ . trung_thu là tết thiếu_nhi . có phải mùa động_dục đâu mà phải có người yêu_nhỉ . vớ va_vớ vẩn,Anger,4
nhiều khi cũng muốn người_yêu chọc để dỗi_phát cho bằng người ta . mà nhận ra mình làm_gì có người_yêu,Sadness,2
lâu_lâu mới có dịp ăn bánh_trung_thu mà gặp bán hàng halo thế_này thì cho ế mẹ luôn không_mua_bán gì hết . xem ai bất_hạnh hơn ?,Anger,4
ngáo như con_cáo rồi ? ? ? ?,Other,0
khác đéo gì . về thái_độ lồi_lõm nhìn muốn sút cho phát,Anger,4
mấy con gà bị lừa mà đéo biết .,Other,0
móng dài thế lúc đi ỉa xong làm_sao xịt nước . xịt nước 1 tay còn tay kia phải rửa đít mới sạch được chứ . khả_năng cao ông này dùng giấy chứ không_dùng vòi xịt,Disgust,3
chút mua ... hehe,Enjoyment,0
tạm_biệt ánh_sáng của đời tao,Sadness,2
cái tháng học sấp mặt luôn,Sadness,2
làm ở đâu không_quan_trọng . quan_trọng là có chị_em tốt để tạo_nghiệp emoji_vui,Enjoyment,0
giống chó này hình_như không_có lông ạ ? ? chó nhà em lông rụng đầy nhà .. huhu,Sadness,2
tôi từng được sống . nhưng đấy là truyện của năm_ngoái rồi,Sadness,2
một lũ ngu,Disgust,3
dễ thươngg,Enjoyment,0
"vãi cả phí , có ... 81 tỷ hoy",Sadness,2
ra tới cổng tao nói ha xấu cái chắc tao cười ỉa,Disgust,3
nếu địa_phương không_xây cầu thì người_dân cũng có_thể tự làm cầu cây mà . phóng lỡ_hụt chân thì xác_định nát người .,Fear,1
cứ chiếu mấy bộ phim thế_này bảo sao tụi nhỏ không_chịu học,Disgust,3
giận làm_gì cho mệt_đằng nào mày cũnh phải xin_lỗi tao mà,Other,0
móng của bố tao . hồi trước và bây_giờ đã cắt vì lý_do . sức khỏe .,Sadness,2
uầy các cụ ngày_xưa đẹp_trai xinh_gái thế,Surprise,0
nín đi . sang ngủ với mẹ đi đêm_nay anh chông chị cho emoji_cuoi,Enjoyment,0
"không_nghe lời cha_mẹ , không_ăn_học , giờ đi hốt rác . không_có giá_trị trong xã_hội , bày đặt chữi ai .",Disgust,3
mày không_phải nhảy vào mồm tao như_thế . nhảy vào là tao cạp cạp_cạp ...,Anger,4
mình thiì chưa_năm nào được trọn_vẹn,Sadness,2
loại mất dậy,Anger,4
hỏi thế_gian tình_ái là chi emoji_cuoi,Other,0
quả mắt nhìn sợ vãi,Fear,1
vặt đôi gương cảnh_cáo emoji_vui,Anger,4
per chúng_ta vẩn xài . kk,Enjoyment,0
per nhớ lần mua mộc ra bờ sông ghê . đã thế còn làm_li đặc_biệt . dm,Other,0
cảm_xúc đéo gì khi mà họp lớp đéo đi,Disgust,3
vừa xử_lí vừa thải nước bẩn ra liên_tục thì coi như bó_tay,Disgust,3
moá cưng quá ? ?,Enjoyment,0
má con đàn_bà thối mồm gặp thằng say hèm,Disgust,3
đó là dấu hiện của sự trưởng_thành emoji_cuoi,Enjoyment,0
cứ mỗi lần có phim hay_là xách nhau đi,Enjoyment,0
vãi đông như này á_emoji_buon,Surprise,0
cười muốn tắt_thở emoji_cuoi emoji_cuoi emoji_cuoi,Enjoyment,0
ừ thế_là kể từ đấy về sau đứa con trai nào cũng trở_thành huynh_đệ với nó hết,Other,0
per không_lẽ sau_này kím bạn trai không_tập gym,Sadness,2
per huhuu không_biết lúc đấy thực_tập chưa_emoji_buon,Sadness,2
chất quá .. haha,Enjoyment,0
"per cái thứ yêu_nghiệt này cứ thấy tao như thấy crush , cứ gặp tao là đuổi emoji_vui",Disgust,3
"ốm cũng được , chỉ cần mát thôi",Other,0
cái vị mà ai cũg muốn thử và mỗi người thử lại cảm_nhận được một vị riêng,Other,0
per mày ăn_ở kiểu gì mà ra được_cái này luôn thế,Surprise,0
chứ còn con mẹ gì nữa,Disgust,3
"per 2 ce thì có_thể làm được , ly mà làm như_vầy thì",Other,0
chủ_tịch giả nghèo bán vé_số và cái kết đừng bao_giờ xem_thường người khác,Disgust,3
phải giết ngay không_nó lại đẻ trứng,Other,0
yêu chết dược,Enjoyment,0
"thằng bạn ngồi kế bên lớp 2 nhà bán vàng mà nó học_dốt , thế_là làm bình_thường về nhà cho nó , 1 bài 2 k , mồi ngày kiếm 8 10 k",Enjoyment,0
để tao nấu thì quên luôn . xác_định tối đó đói emoji_buon,Sadness,2
ngưỡn mộ chi lâu lắm oy . mà giờ biết thêm nhiều về chj nữa nên càng yêuc_chj nhiều hơn,Enjoyment,0
haha cứ lên_xuống thấp_thỏm kìa ..,Enjoyment,0
còn nhiều người chưa_có người_yêu lắm emoji_vui,Other,0
các bạn trẻ ! người_lớn có_thể nghe thấy tiếng chó kêu mà không_hành_động gì để cứu_vớt . các em thật đáng khen . cần những bạn trẻ nhân_ái như các bạn .,Enjoyment,0
cuối_cùng per cũng thành_công rồi nha per nha,Enjoyment,0
lau mặt_bằng quần_chíp của vợ à ?,Enjoyment,0
đồng_nghiệp của tôi là ai,Disgust,3
con chó có đuôi . con_người có ý_thức . đm mấy thằng lol này ý_thức đéo bằng con ruồi .,Disgust,3
"khi xưa bị rượt 1 lần mà nhớ_đời , còn mổ tao nữa chứ",Fear,1
việc mày giận lại không_còn quan_trọng khi mày đéo còn là món mà nó hứng_thú nữa emoji_vui,Disgust,3
gì mà ghê vậy sởn gai_ốc,Fear,1
ngầu lắm bạn ạ emoji_vui,Enjoyment,0
thực_ra chỉ cần nhập đúng input là được thôi mà d,Enjoyment,0
dăm_ba chuyện hẹn_hò có gì hay ho nhưng_mà thi_thoảng có dăm_ba cái chuyện này cũng hay emoji_vui tóm_lại xem để giải_trí đỡ buồn cũng tốt emoji_vui,Enjoyment,0
t tưởng nó nói tiếng việt chứ,Other,0
má đáng yêuc quá dạyy ? ?,Enjoyment,0
per đẳng_cấp nào rồi em,Other,0
"sao mày không_như crush của tao , thủy triều lên cũng đéo sợ nhé",Enjoyment,0
khổ thân_vãi emoji_vui xong bà lườm luôn emoji_vui,Sadness,2
học_sinh cứ làm mấy việc tốt như thế_này có phải các phụ_huynh yên_tâm không .,Other,0
dù trời có sập cũng phải ăn đã nhé emoji_vui anh có gấp lắm cũng phải chờ em nhé,Enjoyment,0
cưng thiệt chớ ? ? ? ?,Enjoyment,0
"màu này lạ quá , kết_hợp hài_hòa đẹp quá",Other,0
"dùng iq_xíu đi mấy má , người ta đang mô_tả tình_yêu của người ta",Other,0
đây là hình_ảnh của boss trước khi có vợ và sau khi có vợ là một tr một vực,Other,0
ý_thức người khác không_tốt thì cũng chẳng_bao_biện được hành_xử của bạn không_tốt . nghe từ đầu đến cuối là tiếng la_hét chửi_rủa .,Disgust,3
"thật là romantic , mà mà mà ... sao nghĩ tới cảnh_động phòng hoa chúc tao thấy nhột nhột lỗ đít",Fear,1
"per đi coi phim coi , hẹn quài luôn á",Anger,4
bố là số 1 vĩ_đại hơn những gì con cần,Enjoyment,0
tưởng thế mà ngầu,Disgust,3
hôm_nay anh xin_lỗi em về những việc anh đã làm hôm_nay .. anh không_thể kiểm_soát não anh được nữa rồi,Sadness,2
thế_này mà gặp per thì phải chạy phọt dắm ra quần_per nhỉ,Enjoyment,0
sao nỡ_lòng nào khiển_trách bác ấy . còn họp kiểm_điểm nữa . tội quá .,Sadness,2
khổ nhân_viên,Sadness,2
mới ho mà đã như_thế_nào thì lấy chồng chắc sống trong bệnh_viện cả đời mất thôi,Fear,1
hồi lúc nhà tao nuôi mấy con ngỗng . mỗi lần đi ngang nó là nó đòi dí cắn mà trong khi tao là người cho nó ăn . thứ ngu như bò,Anger,4
thế mà cũng bắt được siêu_vãi,Surprise,0
per ê xem đi phim này lâu rồi nhưng_mà hay lắm,Enjoyment,0
còn tao thì còn không_có nổi 1 người tỏ ra thân_thiết quan_tâm cơ . _ .,Sadness,2
có gặp cũng đéo dám ngẩng đầu lên nhìn,Sadness,2
"công_nhận lãng_mạn thật , nhưng tao đang tưởng_tượng cái cảnh_động phòng , eo ơi ......",Fear,1
ông định làm gì anh vợ tôi ?,Other,0
có đủ mọi gia_vị em thấy vị đắng của sự chua_sót quá nhiều emoji_vui,Sadness,2
thằng chó chết mày quá dã_ư,Anger,4
có duyên nhưng không_có phận ... người ở lại vẫn luôn là người đau nhất !,Sadness,2
per hôm_nay c cũng bị giống thằng này này,Other,0
mua thêm vài trăm con cá xấu thả chắc vui hơn,Enjoyment,0
emoji_buon cầu chúa_ơn nhiều ban bình_an cho những người kém may_mắn như_vậy,Sadness,2
đéo hề dễ_thương khi nó cười với đứa khác emoji_vui,Disgust,3
dài quá vướn_víu,Other,0
nhiều lúc sợ bị pê đi,Fear,1
"trượt rồi , còn đâu mà rủ emoji_buon",Sadness,2
hình_như đây là 3 đứa ranh con củ lồn đó,Disgust,3
"kiến đỏ thì được , nhưng đây thì lại mấy con kiến hay bò qua cứt .... mấy ổng ăn ngon_vãi",Disgust,3
azz 3 mặt cưng xĩu,Enjoyment,0
"lâu lắm đéo được gặp nhện trong wc , quên mất cảm_giác nhịn_ỉa như nào rồi emoji_cuoi",Fear,1
cái thứ bán hàng đéo có tâm . rồi mày sẽ ế bánh cho mà xem,Anger,4
không_biết đúng_sai như_thế_nào giờ báo đài ai cũng bênh ông vũ_tự_nhiên cảm_thấy táo_xàm vì tiền bất_chấp .,Disgust,3
gặp tao cũng thế emoji_vui,Enjoyment,0
"cái quá phơi lúa xong mưa , tao đang cười vì bà béo thì phải ngậm_mồm .",Enjoyment,0
chụp xong về chia_tay ráng chịu emoji_vui,Disgust,3
"per huyền_thoại , kk",Enjoyment,0
3 chàng ngốc . top 1 imdb phim đáng xem nhất mọi thời_đại,Enjoyment,0
giống con_nít quá ba emoji_vui,Disgust,3
đúng là thằng admin khùng,Disgust,3
"ngày_xưa toàn bị mẹ đánh bằng dây_điện , vụt_phát nào ứa máu phát đấy . giờ nghĩ_lại tự_nhiên lại thấy hay , vì ngày_xưa mẹ nghiêm_khắc như_thế giờ mình mới ngoan emoji_vui",Enjoyment,0
thằng dăm này phải cho vào tù nó mới biết thế_nào là dâm_rê,Anger,4
per cú này hoành_tráng hơn bệnh_nhân của anh luôn nè,Surprise,0
cái này đẹp_tía,Surprise,0
nào tao cũng phải thử emoji_cuoi,Enjoyment,0
ngu thì chết . chẳng_biết nó nghĩ sao mà lao vô cướp ngân_hàng ... có thằng nào thoát bao_giờ đâu . không_biết nó có hiểu không,Disgust,3
này 2 đứa . đã chia_tay chưa . chia_tay rồi có xem_lại video này không .,Other,0
cho hết vào trường_giáo_dưỡng,Other,0
cao_su không_thu mà đồi cao_su đắt vậy,Other,0
per gặp thần_tượng mỗi ngày kk,Enjoyment,0
lâu lắm không_nghe bài này .. có bà bạn bình_luận dạo mới nghe lại ? ?,Other,0
con mèo mặt lol dám đập con thỏ của tao sao . dkm mày,Anger,4
sau nay em cung_uoc duoc nhu vay,Enjoyment,0
ngộ nghĩnh_nhỉ !_lạ lờ_nhỉ !,Enjoyment,0
một năm đầy biến_động và thăng_trầm của nước pháp,Sadness,2
"dm gì cũng bắt phải làm , phí thu_vãi thì chả_top1 emoji_vui_nhân với chả_viên",Disgust,3
per emoji_vui hiểu được nỗi_lòng anh chưa !_mốt đừng giận anh nhiều nữa nha,Enjoyment,0
việt_nam có hệ_thống bật tường sắt như nước_ngoài luôn à v,Surprise,0
nhìn mặt con mèo là thấy ghét rồi,Disgust,3
phận làm con trai haizz,Sadness,2
chơi ngu vừa thôi mày,Disgust,3
thiết_kế vậy tiện . nào hư của xe thì lấy của quạt gắn vào đỡ mất tiền thay,Other,0
biết_bao khó_khăn mới được vậy,Other,0
3 giờ sáng nằm xem xong khóc miên_man emoji_buon emoji_buon,Sadness,2
em mình là con trai viết đẹp y_chang thế_này nhé,Enjoyment,0
hóa chó nhiều quá thì cũng có lúc phải hóa thành người chứ emoji_cuoi,Other,0
dm con già mà hành_xử trâu chó . đời nó sẽ gặp báo ứng,Anger,4
per má có điểm cho sướng vãi,Enjoyment,0
cảm_ơn những người thả nên mình biết là đéo hay nên mình đéo xem . may vãi,Enjoyment,0
đề này cũng bình_thường mà đâu_có_khó,Other,0
mắc dại thiệt chứ,Disgust,3
kém sang,Disgust,3
thanh_xuân là để bỏ lỡ,Sadness,2
tẩy được bao_nhiêu mà hô_hào gớm thế,Other,0
công_khai biết sai sao vẫn làm .,Other,0
năm_ngoái nhìn rồi năm nay ở nhà xem_lại phim ác_quỷ valak the nun .,Enjoyment,0
đẹp trai v emoji_buon,Enjoyment,0
"chủ quá vô_tâm ? ?_thà đừng có nuôi , nhà tôi nuôi chó cỏ thôi nhưng vẫn tim thuốc định_kì đấy ? ?",Disgust,3
do kiếp trước mày_nghiệp nhiều quá lên giờ phải trả thôi,Disgust,3
có tâm mới có tầm haha,Enjoyment,0
lấy tiền tỷ mat phạt có 5 tr thôi á ?,Surprise,0
per nghe lại buồn vãi,Sadness,2
năm nay chạnh_lòng quá . haizz,Sadness,2
"mình theo_dõi mấy nick quân_nhân , tập_trận , pcc ... hay vãi luôn á .",Enjoyment,0
ám_ảnh đến bây_giờ 24 tuổi vẫn sợ ngỗng emoji_vui,Fear,1
"thao_trường đổ mồ_hôi để chiến_trường đỡ đổ_máu , ý_thức từ bé đi emoji_vui",Other,0
"và mấy mẹ thấy mỗi cái chi_tiết ông vũ_khuyên_bà thảo_lui về sau . chăm_lo cho gia_đình . , , , là gào mồm lên , kêu đàn_ông gia_trưởng này nọ , vũ_phu , bảo_thủ nọ kia .... đúng là toàn mấy con bò ... chả_ai hiểu bà thảo bằng ông vũ_cả đâu , người ta khuyên_vợ lui về vì thừa biết tính vợ , tầm nhìn của vợ đến đâu . còn thực_vợ giỏi , có tầm thì chả_thằng nào không_muốn sát_cánh , đồng_lòng với người chăn_gối , tay ấp cùng mình cả . vấn_đề là cái tầm của bà thảo để mà đưa tn đi lên chỉ có vậy , vì đó là tâm_trí của một con_buôn .",Disgust,3
"ba cái đồ yêu , 1 ngày 2 lần nấu đây , ngon_bá cháy bọ_chét nhé , thơm mùi khói nữa ...",Enjoyment,0
nó sẵn_sàng kiếm cớ bỏ người đang quen để theo người có tiền nhiều hơn,Disgust,3
tại ông bố bảo_thủ hết,Other,0
"trung_thi thì liên_quan mẹ gì đến việc có gấu , tao thà ngồi nhà cho khỏe để xem mấy thằng đó dắt vợ của thằng khác đi chơi ! !",Anger,4
emoji_vui đồng_nghiệp đáng yêu,Enjoyment,0
chuẩn không_cần chỉnh chỉ cần sửa thôi ...,Enjoyment,0
chuẩn lun,Enjoyment,0
dume hẩy kiểu đó làm_sao mấy bà kia ăn_dô nữa emoji_vui,Disgust,3
crush của tao cười hơi bị xinh 3 xinh cười đỗ mãi 3,Enjoyment,0
"trông mấy anh bên người ta vẫn men_nhỉ , bên mình bạn nam dưới nhìn hơi íu đúi .",Disgust,3
woa ... dài dữ ..,Surprise,0
đừng ai lấy cả hộp kẹp của anh ý nhé emoji_buon,Fear,1
lại mất tiền ngu,Sadness,2
có người còn thả haha_não gì ấy nhỉ . gạch_đá xin nhận,Other,0
sau vụ 200 k thì vụ 5 tr này có nội_dung hài_hước y_hịt emoji_vui,Enjoyment,0
sang năm khênh hẳn giường ra nằm xem cho đỡ mỏi lưng,Other,0
má chắc gặp tao chạy mất giày,Fear,1
thế chân_ngắn như tao thì phải làm_sao với cái cầu,Sadness,2
phim rất ư là hay lun_quả xứng_đáng là đạo_diễn phim việt_nam tài_ba,Enjoyment,0
mẹ mấy tk chê này chê nọ thử chạy 5 vòng sân bóng_đá đi đã rồi hãy phán người khác .,Disgust,3
thằng biến_thái,Disgust,3
ra xã_hội rồi mới biết mình còn may_mắn hơn rất nhiều người vậy nên hãy trân_trọng những gì mình có emoji_vui,Enjoyment,0
đéo thấy vui đến lúc nó dừng xe_đạp nó_vả cho vỡ mõm lại hỏi tại_sao,Anger,4
đầu năm chúc đại_kỷ_nguyên vạn_sự như_ý nhé,Enjoyment,0
"hồi nhỏ chỉ khi nào mẹ làm bánh_tai yến thì mới dùng tới bếp dầu hôi này , không_là bỏ tủ để_dành",Other,0
khi bạn ngu tất_cả các lĩnh_vực như toán_học văn_học nhưng vẫn cố tỏ ra nguy_hiểm,Disgust,3
tự_nhiên mình lại không_muốn làm single_mum nữa .,Sadness,2
quan_trọng là đồng_nghiệp tốt và sếp,Other,0
không_có gì là tồn_tại mãi nhỉ,Sadness,2
đau_lòng lắm khi tối nay chồng tương_lai của tao lại cống_hiến sức_lực để chăm_sóc vợ thằng khác ..,Sadness,2
nhiều cụ cứ chửi người ta mà không_chịu xem_lại bản_thân mình emoji_vui,Disgust,3
đi hành_xác chẳng_có cái vẹo gì emoji_vui tao đi 1 lần tao_cạch,Disgust,3
chưa_hoàn_thiện hết đâu .,Other,0
các bạn đã xuất_sắc hoàn_thành nhiệm_vụ,Enjoyment,0
"chạy xe ra đường mà che_kín mặt , làm_sao mà quan_sát xung_quanh được . đúng là ninja xành_điệu , mai_mốt thành ninja bàn_thờ cho mà xem .",Disgust,3
per mỗi ngày đi làm thấy per là như có thêm power cho 1 ngày siêng_năng ! ! ! !,Enjoyment,0
con gái thật lòng nhất khi con trai không_có gì . con trai thật lòng nhất khi anh ta có tất_cả mọi thứ . cuộc_sống mà có chắc mình thấy gái xinh là không_tớn lên không_mà đòi con_người ta không_mê tiền . phát_biểu nghe thực_dụng vãi,Disgust,3
"dume lương cao nhất vẫn là các lãnh_đạo nhé , trăm đến nghìn tỷ_emoji_vui mà toàn chạy thêm xe_ôm với bán rau emoji_vui",Disgust,3
cuối_cùng tao cũng được xem hết mấy cái video mà trước đọc comt đéo hiểu gì,Enjoyment,0
cái phim vietsub đang hay lồng_tiếng vào nghe dị_ứng thật,Disgust,3
nắng quá chứ bộ ai muốn,Other,0
sau vụ này ý_thức đậu đỗ xe của tài_xế sẽ tốt hơn rất nhiều !,Other,0
hôm ấy tao chân_ướt_chân_ráo từ quận 6 lên quận 3 cũng rẽ trái đoạn ntmk và cmt8 . mất 3 lít emoji_buon_khôn hẳn ra,Sadness,2
nổii da gà hic,Fear,1
tìm mọi lí_do để có_thể chạy xe ngang nhà nhìn nhà nó phát xong cười mãn_nguyện đi về emoji_vui,Enjoyment,0
nguy_hiểm lắm,Fear,1
ông này chính xa_c làm biến nhất thế_giới ! ! ! để bộ móng tay như thế_này sao làm được mọi viê c !,Disgust,3
tính ra tao lúc_nào cũng hài_hước vui_vẻ luôn đó trời emoji_vui,Enjoyment,0
"cũng tùy , đôi_khi không_cần vật_chất mà chỉ cần động_viên , san sẽ những khi con mình vấp_ngã hay khó_khăn trong cuộc_sống thì ...",Sadness,2
cảm_thấy bị tổn_thương,Sadness,2
eo ....,Disgust,3
sởn gai_ốc với chị ấy,Fear,1
"haha con hãm bán nước hoa_fake mà kêu real , bị tao vạch mặt rồi block tao",Other,0
hóng mấy đứa mấy thằng tag người_yêu rồi ảo_tưởng như thế_này xd,Disgust,3
"còn tôi thì lại khác , thanh_xuân của tôi chả_có bây_giờ gặp được aii và hạnh_phúc bền lâu cả emoji_buon",Sadness,2
càng nhìn tấm ảnh càng thấy thương cha_mẹ nhiều hơn,Other,0
"ám_ảnh hồi bé của c , con này trông nhà oke hơn cả chó luôn",Fear,1
cai lo xô tôi đang xài mỗi ngày,Other,0
hình_như xe biển xanh,Other,0
lớp tao thì học nhau 3 năm chụp kỉ_yếu nói đéo có tiền đi chụp . địt mẹ mấy con mặt lồn . quá đen khi học còn mấy con đấy,Disgust,3
trời ơi quảng_cáo ngói mà sống_động quá,Surprise,0
"hy_vọng chừng đó con đã đi mẫu_giáo lớn , 1 xe bảy chổ và nhà hai tấm",Enjoyment,0
per đừng lầm_tưởng,Other,0
bưởi chín nó như_vậy đấy ngu ạ,Disgust,3
không_sao đâu emoji_vui bệnh này lây qua đường tình bạn,Other,0
1 bạt tai 2 đạp chứ ở đó bướng,Anger,4
súc_vật là có thật .,Disgust,3
anh vui thì anh ngồi thôi ... chú_cự để mặc anh . v,Enjoyment,0
"phim này nên xem và thuộc mấy đoạn_thoại , rất hay",Enjoyment,0
vn là vậy . bn công chăm_sóc của tao đổ sông đổ biển .,Sadness,2
thế em ăn anh được không ?,Other,0
như kiểu người_yêu luôn ấy emoji_cuoi nhẹ_nhàng,Enjoyment,0
per cđ chỉ cần đơn_giản như_thế đã ấm lòng thế ... rơi cả nói_chuyện mắt ...,Enjoyment,0
chỉ mong_cảnh này sẽ không_còn xãy ra ở xã_hội này nữa . bất_hạnh vậy đủ rồi emoji_buon,Sadness,2
đúng phải chia_tay gặp loại_óc chó thế_này cơ mà,Disgust,3
xạo quá add ơi ! y_tế nào lương 24 tr thế ?,Disgust,3
"tao thì chưa_cắt thì đã đéo có sức hút rồi cắt , bùn vãi",Sadness,2
"per đâ_y , hiê_u vi_sao nên cha o_mo i ngươ i chưa",Enjoyment,0
khó hiểu lắm,Other,0
ước gì tôi cũng được kiên_trì như anh ấy để dạy con gào mất_nết nhà tôi,Sadness,2
con này ăn_cức mà lớn hay sao ấy . đánh không_lại thì chạy ngu như bò đứng cho tụi nó đánh,Disgust,3
khi nào có người mang trầu_cau sang hỏi cưới thì tao kết_hôn . hỏi thừa thế,Disgust,3
cho em canh với . hehe,Enjoyment,0
"vừa về xong , phải nói là đông_vãi đông chứ không_phải đông bình_thường emoji_cuoi",Enjoyment,0
trên đời vẫn còn nhiều điều tốt_đẹp,Enjoyment,0
chắc học từ_bỏ quá,Sadness,2
mẹ thấy đơn_giản không ? đấy giờ chỉ việc lên số cái .... lên ...,Enjoyment,0
và thế những thanh_niên ô_dâm vào bình_luận về cô_giáo mình như đúng rồi . nhân_cách mất mẹ nó rồi,Disgust,3
per tôi có 1 thằng bạn lúc_nào cũng chỉ lo dìm hàng chiều cao của tôi thôi .,Disgust,3
yêu làm mẹ gì rồi phải chia_tay người ơi,Sadness,2
cô per vợ ông per trung_nguyên có phải là cô_giáo per huyền_thoại không_nhỉ ?,Other,0
chỉ sợ tốc_độ ăn của dân mình thì không_kịp gây hại thôi,Other,0
phạt là đúng rồi,Disgust,3
cần có cơ_quan_chức_năng tới để làm rõ vụ_việc với ngư_dân đã bắt nó,Other,0
ai bảo đi mách_lẻo làm_gì chúng_nó chả_đánh cho .,Disgust,3
chúc_mừng em và chúc em học_tập tốt ngành học đã chọn !_niềm tự_hào của tây_bắc !,Enjoyment,0
t nghĩ thợ chụp đéo có tâm bằng thợ make đăng và thợ photoshop đâu,Disgust,3
"nói dân_trí thấp lại tự_ái , hỏi nhiều hỏng nhiệm_vụ nó lại quy_tội chống người thi_hành công_vụ thì ăn lồn",Disgust,3
có chị_em nào khu_vực loc đi coi cùng mình không ...,Enjoyment,0
vì ai cũng có mối quan_tâm riêng,Other,0
"nói câu sau là nuốt câu trước , y_chang nuốt não nó v đó nhỉ_kk thật thú_vị",Enjoyment,0
mới mua p30 luôn,Other,0
rồi nhận ra chỉ mình là cảm_thấy như_thế thôi hả emoji_buon,Sadness,2
nhìn cách dạy chó là biết cách dạy con,Disgust,3
ngày nào cũng ngủ với mẹ rồi mà vẫn còn tiếc emoji_vui,Enjoyment,0
"thằng nào vẽ đẹp , vẽ giúp tao tấm ảnh per phòng hờ cúp điện không_có tài_liệu quay tay emoji_buon",Enjoyment,0
cho chừa cái thói_chạy xe khôn_lõi,Disgust,3
thề luôn con ngáo nó thích trêu mấy đứa sợ sợ như này emoji_cuoi,Enjoyment,0
"đm tao quăng bể mẹ nó cái màn_hình , chó admin _",Anger,4
không_biết nguyên_nhân từ đâu,Other,0
tài_năng sáng_tạo vẩy_bút thôi cũng là nghệ_thuật,Other,0
má emoji_vui đoạn đeo mặt_nạ kinh_dị vkl emoji_vui,Fear,1
thế mới bảo . chủ_động riết rồi nó xem_thường emoji_vui,Disgust,3
cafe nguyên_chất emoji_vui,Other,0
"chưa_nói_chuyện thân_thiết quan_tâm , mới xã giao_thôi đã lầm_tưởng rồi ấy chứ , haizz_khổ lắm",Sadness,2
các mày trốn đi bọn chủ_tịch đang đến kìa,Fear,1
cái này phải hơn 20 năm rồi . lần đầu không_biết canh_lửa nên cơm_khét hoài,Enjoyment,0
per ông này ác thật con_bé nó van_xin thế rồi,Disgust,3
per sự_tích con chim họa tao với mấy thắc_mắc hồi trước nè,Other,0
"mỏi lần làm_phiền và sát_hại bao nhiu con kiến , tôi không_tu_hành nhưng làm thế vì miếng ăn_ác_ôn quá ngon_lành gì",Disgust,3
lớn lên sẽ rất đẹp chaii ? ?,Enjoyment,0
"thấy bảo sang năm được tủi , nhưng_mà năm nay vẫn chưa_có người êu",Sadness,2
diễn_viên có cá_tính hay nhât từng xem,Enjoyment,0
mệt như chó 3 nhưng_mà hoan_hỉ đầu năm đi xin lộc v,Enjoyment,0
per cái dume mày thấy tác_hại của tập gym chưa,Fear,1
bạn đặt câu hỏi với mục_đích không_cần_câu trả_lời thì thôi mình không_nói_chuyện,Disgust,3
tao sợ chó lắm .,Fear,1
"đấm liên_tục vào mồm , không_trượt phát nào ...",Other,0
"per nếu có_khi nào thấy bản_thân vô_dụng hay_là thất_bại , thì hãy nhớ có những người chế_tạo ra mấy cái của nợ này . emoji_cuoi",Enjoyment,0
per ai bày_mày thiết_kế thế_này hả ? ? ?,Other,0
gd năm nay chán,Sadness,2
em chờ được mà emoji_vui,Enjoyment,0
thanh_niên thích chơi nổi nhưng nói ngọng vậy,Disgust,3
sau khi xem ảnh này xong tôi quyết_định ... mua honda v,Enjoyment,0
tao cừi tao ỉa,Enjoyment,0
per tuổi_thơ của mềnh đi học là lúc_nào bạn tao cũng ngồi trên và khi nào múa giờ ra chơi cũng múa chung với mềnh,Enjoyment,0
thấy không_có gì hấp_dẫn,Other,0
chẳng_bao_giờ thấy sai,Other,0
per bài tủ 1 thời emoji_cuoi,Enjoyment,0
hồi xưa đã có giày sục_mõm cá_sấu rồi cơ à ? ?,Surprise,0
chỉ mong ở cái độ tuổi ấy chúng_ta còn được như_vậy,Enjoyment,0
trong luật có khung_hình_phạt xử bắn không ... ghê tởm,Disgust,3
nhanh thật . đã bắt được rồi,Surprise,0
"lên kiểm_tra phòng thấy dơ quá thì x10 x20 lên cho nó trả lòi lồn , lần sau nó không_làm nữa việc chi không_kiểm_tra phòng giờ gào_thét , nhiều phòng nó phạt nặng vụ bánh_kem , rồi bình_xịt xà_phồng các kiểu , ghi tổn_thất_đồ trong phòng đền gấp đôi .",Disgust,3
rải đinh nhiều thật,Other,0
nếu yêu anh ! em sẽ hỏi ý_kiến anh về mọi việc .,Other,0
giữ mãi lòng nhân_ái các em nhé ! tấm lòng các em đẹp biết_bao .,Enjoyment,0
hình_như chính là cái nhà_thờ đó đó,Other,0
"sao nghiệt_ngã vậy đề_nghị bắt luôn con mụ tri_hô vớ_vẩn , phá vỡ hạnh_phúc 1 gia_đình",Disgust,3
bình_yên thật,Enjoyment,0
quan_trọng là có con đồng_nghiệp đầy khẩu_nghiệp yến đặng,Enjoyment,0
"ở việt_nam một_số người không_giàu đơn_thuần , tiền_của họ không_biết từ đâu ra nên khi lập sân sau họ có_thể chơi_trò này .",Other,0
má tao coi mà cứ sợ nó bay ra,Fear,1
đù mé nó ... bơi nhiều quá não rớt mẹ xuống hồ rồi hay gì mấy thằng chó,Anger,4
chân ngắn sao đi đây ta ?,Other,0
mẹ mắng lúc sáng sớm là xui cả ngày emoji_buon,Sadness,2
per_mã mẹ biết hôm_qua quay video sớm hơn ự,Sadness,2
"dân_trí thấp , trẻ trâu , trai làng emoji_vui",Disgust,3
tự_dưng cụt con mẹ nó 1 tay trong 66 năm emoji_cuoi chả_để làm đéo gì . nhìn bẩn bựa vkl emoji_cuoi,Disgust,3
nhện đéo bằng thằng lằn đâu emoji_vui dume kinhh tởm vll emoji_buon,Disgust,3
địt mẹ 2 thằng bạn lol,Disgust,3
đùa ... cảnh_sát việt_nam tài thật . vụ gì cũng bắt trong 48 giờ,Enjoyment,0
xem chỉ đợi đến đoạn nó ngã để cười emoji_vui,Enjoyment,0
per đồ ảo_tưởng,Disgust,3
đó là lý_do tao chỉ muốn điện_thoại là phương_tiện liên_lạc . không_phảu phương_tiện chứa_đựng bí_mật,Other,0
"gia_đình và tình_yêu , để thay_đổi mọi thứ",Other,0
"hồi lớp 1 đú theo lũ bạn về học nấu . thế_là cơm sống , sợ quá vùi gạo trong đống tro",Fear,1
năm_ngoái là hôm hai chị_em chuẩn_bị làm mứt tết ... cũng không_nhó có gato với họ không ... năm nay thì khác .... vẫn cô_đơn nhưng không_hề gato .....,Enjoyment,0
chỉ là không_có ai để nhắn thì mới nhắn cho mình . công_nhận nguy_hiểm,Fear,1
tau cố_gắng chỉ được từng này,Other,0
tội này nên cho đi tù cả lũ đi người mình hại người mình,Anger,4
thằng này cục súc vãi,Disgust,3
nhỏ ngầu lớn lên nhìn bê đi emoji_cuoi,Enjoyment,0
thằng lái tàu mua bằng .. con ông cháu cha mới xin vào đây được ...._bẻ lái lách ra 1 chút thì có sao đâu ... cục súc vãi ....,Disgust,3
tối nay chồng tương_lai sẽ đưa con khác đi chơi,Sadness,2
hôm_nay đi qua vẫn thấy nói_chuyện thải chảy thẳng ra sông thì bao_giờ mới sạch được ... haiz,Sadness,2
"đó là 1 câu_chuyện buồn , tao không_có bạn trai hix hix",Sadness,2
ở daklak nữa không_xử_phạt thì còn mất nhiều,Other,0
đầu mùa chua_chua ăn ngon_vãi_chưởng . thích vải lắm luôn . trong khi nhà toàn nhãn .,Enjoyment,0
chẳng_thấm vào đâu . so với số tiền khủng_kiếm được . hằng ngày mụ ta nói khoác_lác vài câu . ? ? ?,Disgust,3
"tao có 4 cái ăn không_tao share bớt cho , cạch mặt đứa bán hàng đi",Disgust,3
đầu_óc đến giờ vẫn còn nặng và đang né_tránh mọi người .,Fear,1
chuyên cơ_tt quá đẹp ! bao_giờ má mua được chiêc như vâ y_trơi ! !,Enjoyment,0
bó_tay . lại khiển_trách . rút kinh_nghiệm,Anger,4
điên_khùng . nhưng hahahah . nhiều tiền quá mạ ơi,Enjoyment,0
một nỗi buồn thầm_lặng,Sadness,2
béo tí đáng yêu mà emoji_cuoi,Enjoyment,0
tag cái đứa bạn nghĩ nó nên gia_nhập hội này,Other,0
sau_này có nhắn_tin thì không_phải là chào_em mà là chào mọi người,Other,0
tài_liệu mật mà mày cũng biết à max xạo_lờ,Disgust,3
ổng múa đẹp thiệt chứ bộ .,Surprise,0
per anh có định_quát mắng em không,Other,0
"má ơi , coi đến fire_tưởng quảng_cáo rạp chiếu_phim , đến cuối té_ra là mái nhà emoji_cuoi",Surprise,0
ra chỗ khác sóng không_tới viết đi cậu emoji_buon nhìn buồn_vãi,Sadness,2
rơi mất tim . nguy_hiểm thiệt_emoji_vui,Fear,1
"hồi nhỏ thì tao bị cả bầy dí , được fine emoji_vui đến khi tao 12 và đi học đh năm nhất , sau 1 tháng xa nhà , về nhà và cái kết là tao không_còn bước ra khỏi cửa nữa , n dí everywhere emoji_vui",Fear,1
per ngồi ôm bụng cười và liên_tưởng đến nhiều nhân_vật,Enjoyment,0
không_sợ gì chỉ sợ con ml_ý emoji_buon,Fear,1
cảm_thấy bạn trai tớ giận_dỗi đáng yêu cực,Enjoyment,0
ủa xưng mày tao thì có vấn_đề gì nhễ,Other,0
"toàn xử_ép , đi tù gần được 7 năm rồi đền người ta 200 triệu . thời_gian tuổi_trẻ của con_người rẻ_mạt quâ",Disgust,3
thứ mà dễ_dàng qa cũng nguy_hiểm,Fear,1
"đúng vại , với ai nó cũng tỏ ra như_thế . hihi emoji_cuoi",Enjoyment,0
với mình đoạn mấy thằng đỡ_đẻ là hay nhất,Enjoyment,0
nhà em có tính lắp không_per,Other,0
gái đĩ già mồm,Disgust,3
thương em emoji_buon,Sadness,2
sáu múi đâu rồi,Other,0
đậu_phộng hahhahah may hềy,Enjoyment,0
nó ở cái tầm_vũ_trụ chuẩn mẹ rồi,Other,0
đổ vỏ chắc luôn,Disgust,3
cô ấy còn không_thèm coi tin nhắn của tao emoji_buon,Disgust,3
hạnh_phúc phát khóc,Enjoyment,0
per tụi này bản_lĩnh ghê .,Surprise,0
mai thi xong tao sẽ mang đống đề_cương đi bán cho đỡ ghét,Disgust,3
dự là sắp có án_mạng xảy ra emoji_cuoi,Other,0
phòng gì vậy .,Other,0
"hai đứa đều có máu ở tay , mù à mà không_nhìn thấy",Disgust,3
thằng nào sửa xe này dễ đau tim mà chết lắm . emoji_vui . nhất là những thằng sợ rắn .,Fear,1
đó cứ có phải trông giàu sang phú_quý là sẽ sòng_phẳng đâu,Other,0
sao đũy đó có_thể mập được vậy nhỉ,Surprise,0
lại công_cốc rồi . cả thế_giới kì_vọng,Sadness,2
tao tưởng_tượng sau_này sẽ có 1 thằng bồ vừa điên vừa ngáo giống tao .. chắc vui hết sảy,Enjoyment,0
ai hát tao cho tao nge bài này chắc tao say quá,Enjoyment,0
cách tốt nhất là đứng lên và chọn 1 nơi khác để tìm 1 thứ tốt_đẹp hơn và dễ viết hơn emoji_vui,Enjoyment,0
lập đội cảnh sat chuyên đi dẹp những nơi tụ_tập như thế,Other,0
tao ngự ở trong uống nước cho nhàn_thân rồi,Enjoyment,0
nếu bạn kinh_doanh mà tôi đỗ xe trước cửa nhà bạn cả buổi thì đường của ai nhỉ,Disgust,3
per thuê kiểm_kê tài_sản do tòa_án làm_bạn ơi . emoji_cuoi cả 1 nùi người làm cật_lực đấy .,Other,0
yêu quá !_xinh quá ? ? ? ? ? ?,Enjoyment,0
ước_mơ làm ngành thật đam_mê,Other,0
câu_chuyện của em làm anh cảm_động quá ...,Sadness,2
êu ơi sao con mụ này không_gặp mình nhờ emoji_vui_ước gì có con mụ thế_này tông vào mình ý emoji_vui klq mà giọng bé quay video_đáng yêu thế,Enjoyment,0
thề dume đứa nào nghĩ ra cái đoạn kết như kiểu hết phim như này nhàm vãi ra . đang hay thì tụt_hứng,Disgust,3
không_như thằng per năm ấy ngồi cạnh tao một_hai không_cho chép bài thi ! đm,Anger,4
tuổi gì so với anh ! emoji_vui haha,Enjoyment,0
"nó gieo cho tao mầm hi_vọng , hi_vọng vừa chớm nở nó đạp xẹp lép_sự hi_vọng bằg sự lặng_im",Sadness,2
bỏ tù hết lũ xả_thải như thế_này đi,Anger,4
chữ tao từ lớp 3 đã kiểu như_thế_nào và còn đẹp hơn nhé .,Enjoyment,0
dume nó hết con mẹ nó hồn .... emoji_buon emoji_buon emoji_buon emoji_buon,Fear,1
14 2 năm_ngoái tao mọc sừng . nên 14 2 năm nay tao quyết_định cưa sừng_emoji_vui,Enjoyment,0
đm trí_tuệ vãi,Enjoyment,0
thấy tội em thỏ bị ăn đòn tới_tấp,Sadness,2
một bài dịch hay,Enjoyment,0
giọng cute phết,Enjoyment,0
mày độc_ác vãi,Disgust,3
ở đây chúng_tôi không_làm thế,Other,0
uầy . ngọt thế ? ? ? ? ? ?,Enjoyment,0
mỗi lần chào_cờ emoji_vui đậu má dth vãi v,Enjoyment,0
lâu quá rồi không_nghe,Other,0
sẽ được toại_nguyện thôi . yên_tâm .,Other,0
"à , thì_ra là nó dỗ mình emoji_cuoi",Surprise,0
dth quá haha,Enjoyment,0
bớt rung_động đời bớt suy_nghĩ,Other,0
tóm_lại gọi_là nghệt_thuật của kinh_doanh là bán lỗ ho nhanh,Other,0
mấy thằng con nào sủa câu công_việc thì chịu đi than cái lol thì dume tụi bây sau_này ráng làm_giàu làm chủ_nha con chứ nghèo thì con_cái tụi bây phải đi làm_thuê làm_mướn gặp hoàn_cảnh tương_tự rồi tụi nó quay lại chửi vô_mặt cha_mẹ nó là chúng_mày thì nhục lắm nha con .,Disgust,3
per một thời nè,Enjoyment,0
"má gần nhà có nuôi 1 cặp ngày nào đi ngang nó nhìn thấy nó quay đầu bỏ chạy , con gì mà dữ thấy mẹ hà",Fear,1
cái kết hay nhất là đuổi khỏi dòng_họ tiếp_theo nhàm quá,Disgust,3
định share mà đọc bình_luận tắt con mẹ nó cảm_xúc emoji_buon,Sadness,2
thật là một sự mỉa_mai,Other,0
tao đang cố un crush nhưng khi xem xong video trên thì .......... khóc không_ra nước_mắt,Sadness,2
lúc mày vui thì sao emoji_vui những lúc buồn_hãy nghĩ_lại trước_kia vui_sướng !,Enjoyment,0
anh ơi 3 hôm_nay em thích anh chơi game và đi ngủ sớm đấy 3 đừng đi chơi với gái,Other,0
ai ngu như mày,Disgust,3
per bị phạt 10 tr à c,Enjoyment,0
xem mấy lần rồi vẫn thấy hay,Enjoyment,0
đơn_giản mà mấy_ai làm được ...._ngưỡng mộ,Enjoyment,0
hạnh_phúc ghê,Enjoyment,0
vớ vẩn emoji_vui,Disgust,3
nt thêm cái dạ_vâng thấy quý_vãi,Enjoyment,0
emoji_vui đàn_ông mà nặng tình_vãi lol ra,Sadness,2
loài vật đang dần_dần có trí_khôn và hành_động như một con_người còn một_số người thì đang tiến hóa ngược v,Disgust,3
khiếp quá có đẹp_đẽ gì đâu chứ ?,Disgust,3
"dù chỉ để nhìn 1 cái , để biết người ấy vẫn ổn , người ấy còn tồn_tại . ít_nhất là nv",Sadness,2
biết đâu mưa xuống ổng ấy lại hết ngáo ? ? ? ? ? ?,Other,0
"phải chi có ai đối_với tao như này ha . nghĩ_lại , mình không_bằng cả chó . aiyo ....",Sadness,2
tao mà ở đây là sợ rụng trứng luôn chứ đừng nói ăn,Fear,1
tao rất thích nhạc trung_từ giai_điệu đến ý_nghĩa rất hay,Enjoyment,0
"đứng nhất tại trừ_phí nhiều chứ khỉ gì . mới lãnh_lương xong là trừ , không_đki dịch_vụ gì hết mà tháng nào cũng trừ , tới lúc cần giải_quyết ra đợi cả buổi , rồi lại hẹn cả tuần .",Anger,4
làm phục_vụ xong 4 tháng đi hà_nội 1 lần chỉ để gặp người_yêu xong giờ thì mới biết là nó cắm nguyên cây sừng lên đầu mình,Sadness,2
thế con lồn chủ_nhiệm kia đéo có trách_nhiệm gì nữa à giáo_viên mà sao nghĩ ngắn_thế ?,Anger,4
trong khi đó lũ con trai lớp tao mỗi lần cắt tóc xong là một vở kịch mới được mở_màn vv,Enjoyment,0
"chúg mày cứ bảo_nhắn thêm , tao thấy mày nhắn_chữ dạ_vâng là đã thấy đáng yêu rồi emoji_vui",Enjoyment,0
con đũy ngổng ngáo,Disgust,3
add xem ảnh ngoài đời chưa_mà nói dume,Disgust,3
có người sinh ra đã giàu_có người làm cực_khổ cũng không_thể giàu . thương ông,Sadness,2
cho hỏi ngu_tí là tiền bồi_thươ người mấy vụ án oan lấy ra từ đâu vậy ? ?,Surprise,0
tên thì tất_nhiên nhớ nhưng ngày_sinh của tao thì ông_bà bô nhà tao không_một ai nhớ cả emoji_vui,Sadness,2
câu_chuyện vui ha,Enjoyment,0
sao em này lại xinh_vậy ?,Surprise,0
đáng yêu mà sợ gì,Enjoyment,0
không_hiểu lắm,Other,0
"tao chả_thấy cười ở cái đoạn buồi nào cả , sắp đến đoạn hay tí lại ngắt cmnl",Disgust,3
chúc trump chuyến bay thật may_mắn nhớ tới thăm hà_nội nhé xin chào,Enjoyment,0
"gặp tao , tao ré cái hoảng mất emoji_buon_đáng sợ qué",Fear,1
có đứa nào giống tao vào đọc bình_luận để biết cái này là cái gì không . ?,Other,0
"này hai đứa , đã đi niềng răng chưa , chưa_thì đi niềng đi rồi quay lại nhé_nhởn ra cười như hai đứa thần_kinh nhé",Disgust,3
"sai nhé ! không_phải trầm_cảm đâu . thứ đó , kinh_khủng hơn rất nhiều",Other,0
lò bếp dầu một thời nè gì per,Other,0
khi nhỏ còn bị nghiện mùi khói này nữa chớ .,Enjoyment,0
lâu lắm rồi mới nghe lại bài này,Enjoyment,0
phim này xem rồi ý_nghĩa vài,Enjoyment,0
khi đang xây cầu mà bị rút bớt kinh_phí !,Other,0
ít_nhất con nhện nó còn yêu mày emoji_vui emoji_vui emoji_vui,Enjoyment,0
tao bẻ cổ_mày luôn ấy,Anger,4
"đm 3 tiếng đi được 20 m , đéo biết bao_giờ mới về đến nhà",Disgust,3
dell hiểu phí cái con cặc gì emoji_cuoi cái tỷ_lệ mặt này .,Disgust,3
mày chặt một tay đi cho dễ nhớ,Other,0
khoảng gần chục năm về trước thì còn vàng trắng ...._giờ thì bán còn không_đủ không_đủ để trả công nữa là,Sadness,2
1 chút vị cay pha thêm 1 chút vị đắng nhưng đôi_khi cũng có chút ngọt_ngào,Other,0
tình_yêu là lời_nói_dối của 1 thằng khùng được tin bởi 1 con ngu,Disgust,3
má 2 thằng áo vàng lầy ghê emoji_cuoi,Other,0
bộ phim truyền cảm_hứng hay nhất,Enjoyment,0
cái kết có_hậu quá emoji_vui,Enjoyment,0
mặt hài_vãi chưởng emoji_cuoi,Enjoyment,0
câu_chuyện thật cục súc emoji_vui,Disgust,3
em sẽ mãi không_biết có lúc tôi gọi chỉ để nghe câu ai vậy ?,Sadness,2
per kinh_nghiệm nha,Enjoyment,0
bếp dầu lại nhớ thời sinh_viên,Other,0
"các bạn đừng dạy người giàu đặc_biệt đàn_ông cách khoan_dung và của chồng công_vợ . qua bao_nhiêu bài tìm_hiểu . chị vợ rất thâm ! ! ! tuy mình là phụ_nữ , nhưng đọc qua nhiều bài mới nể_phục anh vũ . và cảm_thấy sự khinh_bỉ đâu_đó dành cho c_thảo , dù c tài_năng đến đâu nhưng c tham thì thâm mọi người sẽ không_bao_giờ ủng_hộ c .",Disgust,3
người ta thật_thà phết,Enjoyment,0
chàng trai vàng trong làng bấm biển emoji_cuoi,Enjoyment,0
sao không_thây lên báo nhỉ,Other,0
lần sau mua mấy con vít gỗ 2 cm lém gần bánh emoji_vui lần sau sợ ngay emoji_vui,Other,0
ai sẽ chở tớ đi đâyy,Other,0
không_may thụt chân xuống thì sẽ như_thế_nào nhỉ chắc là thốn đến tận rốn,Fear,1
nhìn ông với bà chất hơn thanh_niên bây_giờ,Enjoyment,0
per đồng_nghiệp tốt giúp ta dễ vào nhà_thương điên kk,Enjoyment,0
"thứ hãm_lol , trêu vô_duyên_vãi , xấu mặt dân tao",Disgust,3
per vẽ đẹp cũng có thú_vui của nó mày emoji_vui,Enjoyment,0
"ngày_xưa nuôi mấy con mèo . đêm hôm nó cứ lựa lúc cửa mở là chạy đi chơi mất . những lần nó không_về buồn thối_ruột , tối cứ mở_cửa để đợi tiếng meo meo",Sadness,2
xem cả chục lần vẫn thấy hạnh_phúc lây với cụ bà emoji_vui không_biết mai_sau mình có được vậy không,Enjoyment,0
phim này rất hay . tình_cảm nhẹ_nhàng . toàn zai đẹp . hehe,Enjoyment,0
per thế mà cháu tôi không_biết chơi emoji_buon emoji_buon,Sadness,2
là nhân_duyên_trời ban_cớ sao chẳng_thành đôi emoji_buon,Sadness,2
per c . bị tinh_thần đi xem đi,Enjoyment,0
đáng yêuc quad,Enjoyment,0
thu_nhập bình_quân chứ không_phải thu_nhập của nhân_viên nào cũng thế,Other,0
tốt nhất là không_nên mang điện_thoại theo người,Other,0
dume sởn gai_ốc emoji_buon,Fear,1
"chả_lẽ không_không cô bắt học_sinh quỳ như_thế à ... bây_giờ vài bọn học_giả cứ rả_rích là thầy_cô không_giáo_dục học_trò chỉ đăm_đăm vào dạy , lúc thầy_cô dạy thì lại rôm_rả về đạo_đức nghề_giáo ... ôi thôi ... đủ các thể_loại",Disgust,3
"đẹp quá mày , còn không_cho tao xin ít",Enjoyment,0
mày nghĩ mày cản được tao à ? emoji_vui,Other,0
thế là dấu_ấn lịch_sử và hình_tượng thằng gù nhà_thờ đức bà của nước_pháp đã thành tàn tro emoji_buon,Sadness,2
mày cứ đái ra võng là lần sau vợ mày sẽ rút kinh_nghiệm,Disgust,3
dkm bọn này thất_đức thật,Anger,4
add cứ khoe đi . mai lại chặt hết như nguyễn_trãi mà emoji_cuoi emoji_cuoi emoji_cuoi,Enjoyment,0
cảm_giác lúc đấy mình quá đáng vãi ra,Disgust,3
nghe quả tên nó đã khét_vãi rồi . emoji_vui,Enjoyment,0
mình cũng có con mèo đực nuôi được 1 năm thì nó biệt_tích 1 năm sau nó về rồi 1 năm sau thì nó mất .... buồn,Sadness,2
per cứ chuẩn_bị tiền đi hú là tôi đi,Other,0
ui mấy ông tướng men nì từ bé luôn nhỉ . đáng yêuc chết được,Surprise,0
quá đáng !,Anger,4
cái này thì ai chả_đau_lòng trời,Sadness,2
hay lắm,Enjoyment,0
thế_này lại thành xây nhà cho nhà hàng_xóm rồi,Sadness,2
"nhiều nước quá , lấy bát về múc nước ra thêm tí đường vào là có 1 bát nước gạo ngon_lành",Enjoyment,0
"phải nói thằng lái_xe đỗ quá_thể , sau vụ này chắc sẽ khôn ra nhiều",Disgust,3
"xem tới xem_lui không_biết_bao_nhiêu lần , nhưng đều có cùng cảm_xúc mỗi lần xem_lại . một bộ phim tuyệt_vời",Enjoyment,0
"tàn_nhẫn thế_nào , là khi mình trao họ hết hy_vọng rồi họ lại dập tắt đi nó",Sadness,2
có tiến_bộ ! kk,Enjoyment,0
chờ một ngày tao ưu_tú rồi mọi thứ sẽ tự tìm đến với ta,Other,0
t_định thả sad nhưng đọc bình_luận buồn_cười vailon_emoji_cuoi nên thả hahaa v,Enjoyment,0
quá nguy_hiểm . chúng_nó có_thể đang đùa_cợt với mày đấy,Other,0
"người ta đi trước cả ý_nghĩ của ông rồi đừng dậy người ta , phải tự_hào chứ",Disgust,3
buồn thế_nhỉ . t mới mua con per chưa_nổi 1 năm . thế_này thì biết sống sao,Sadness,2
phải thế mới hết thối được,Other,0
thấy cái thèm ts quá,Enjoyment,0
nếu diễn_viên chính trẻ hơn đẹp hơn đang yêuc hơn thì mình sẽ xem haizz,Other,0
dm cưng vll emoji_cuoi,Enjoyment,0
"quan_trọng là lòng tin , bạn_bè mình một_số người mình đã mất_lòng tin thì đừng bao_giờ nói_chuyện tiền_nong . khâm_phục anh",Enjoyment,0
dm . đồ dạo này lắm tạp_chất hay s í nó đéo phê_nhg mà vẫn bị ngáo,Fear,1
chỉ khổ_thân bọn trẻ thôi đau_sót lắm,Sadness,2
chứ sao mày không_ngủ mà kêu tao ngủ,Other,0
mấy con bò nó nhột nó lại cắn cho giờ,Other,0
tao sẽ chỉ tự an_ủi là đấy chỉ có trong phim truỵên_ngôn_tình emoji_vui,Sadness,2
dume sự_nghiệp vứt đi đâu,Other,0
t mà bị như này thì chắc tao chết luôn c ạ emoji_cuoi emoji_cuoi per,Fear,1
lại cái trò đéo cho đỗ ? ? ?,Anger,4
"hăm_hở đón_nhận tất_cả , thậm_chí là nỗi buồn , nếu điều ấy khiến việc tồn_tại của bạn mang một hương_vị đáng nhớ ...",Sadness,2
đôi mắt to quá,Surprise,0
buồn dễ sợ mà huhu,Sadness,2
thú_vị vậy emoji_cuoi,Enjoyment,0
giống tao thế nhỉ !,Surprise,0
nói_chuyện như người_yêu ? ?,Enjoyment,0
toàn bọn lùn haizz,Disgust,3
"per mày nhìn thành long hồi này có thấy giống mặt anh chung nhung hồi xưa không_emoji_vui . thề luôn , tao thấy giống vãi",Enjoyment,0
thôi chết . thế thì tao đứt dây thần_kinh gây cười rồi,Other,0
tao lại lấy mỡ đè chết mày bây_giờ,Anger,4
"rất thích g7 hồi từ 2012 trở_lại , có_lẽ sẽ uống lại trung_nguyên emoji_vui",Enjoyment,0
chuỗi ngày tủi_nhục cũng từ đó mà bắt_đầu,Sadness,2
per hihi nhớ không,Enjoyment,0
con_cháu thằng nào ra đường mà không_dạy thế,Disgust,3
chắc là không_sợ chó ha,Other,0
tks admin ... tôi muốn tìm phim này lâu rồi mà không_nhớ tên phim ... tks admin nhiều,Enjoyment,0
thính hơn chó_động 1 tí là kêu inh_ỏi điếc cả tai . đuổi thì đuổi dai,Anger,4
lạy_chúa con còn lứa tuổi học_sinh,Other,0
"nhìn cảnh này mình nhớ lại cảnh ông ngoại mình đứng ngay quan_tài bà ngoại khóc nức_nở . bà đi rồi để ông ở lại một_mình , đau_lòng quá",Sadness,2
"bánh_tráng trộn năm đó ở roai ờ_ti , ruột_đau như cắt nói_chuyện mắt đầm_đìa đền thg_dưa gang_cốc dưa_hấu kem chi per",Sadness,2
bây thấy nó vô_lý vãi lol không ?,Disgust,3
chuẩn con mẹ nó cơm oy emoji_cuoi emoji_cuoi emoji_cuoi,Enjoyment,0
ngày_xưa mẹ tao dạy ở miền núi . năm tao học lớp 3 lần đầu_tiên lên trường với mẹ . đaumoa mấy con ngỗng mất dạy rượt tao leo lên cây phượng cao chót_vót cả tiếng không_dám xuống .,Fear,1
đúng rồi . tất_cả chỉ là lừa_dối thôi . nhớ nhé ..,Disgust,3
mày chuẩn_bị ra rìa rồi con,Other,0
"chứ tao mà viết đến giờ chắc dày lắm , nhiều đứa bị lôi vào_sổ ghi nợ lắm d",Other,0
xem 1 lần rồi thôi ! !,Other,0
cắt tóc xong rùi_gội đầu xong tóc còn ướt_ý nhìn đẹp_trai lắm luôn ý,Enjoyment,0
"sau 1 thời còm men dạo khắp muôn nơi , cháu đã lên được fan cứng rất rất cứng",Enjoyment,0
ông lại tự phức_tạp hóa vấn_đề lên thôi v,Other,0
"mất 1 phút để say_mê một người , một giờ để thích một người và một ngày để yêu một người nhưng có_thể lại mất một đời để quên đi hình_bóng ấy . đấy là câu xạo lol trong ngôn_tình thôi chứ tin thế_đéo nào được",Disgust,3
hạnh_phúc . mà hạnh_phúc của đàn_ông thì khó nói lắm . kaka,Enjoyment,0
tripod dựng cao lên để chụp thì thần_kinh chỗ nào emoji_vui dume ghép video đếu xem mà chèn tiêu_đề như con cặc ấy,Disgust,3
thấy ớn,Disgust,3
mấy bọn thả chó không_rọ_mõm gây hại cho người khác phải bị chó cắn mới thích_đáng per,Disgust,3
"đó là do bạn ngu , đéo biết chọn chỗ viết",Disgust,3
"giờ_đây chúng_ta , những con_người của ngày ấy giờ không_còn nữa ... những lời_nói về mai_sau nhưng ta đâu_ngờ sau_này chúng_ta càng trở lên xa_lạ",Sadness,2
ngại gì thế vừa nhanh vừa tiện,Other,0
nhà anh có cơ_to nhưng óc anh bằng quả nho ! !,Disgust,3
bếp dầu vặn tim rồi chăm_lửa nó mới cháy nha chỉ cho mấy đứa không_bit sài,Other,0
không_biết thật mà hix .,Sadness,2
về nhà_thể hiển_nhé chú em,Disgust,3
"per anh nào nhắn vậy là tao yêuc luôn đéo suy_nghĩ , ngọt vãi",Enjoyment,0
lỗi là do phụ_huynh . nên đừng gây áp_lực cho mấy em trẻ,Disgust,3
"sai rõ rồi , bếp công_cộng nào cũng phải có lưu_mẫu chứ . nếu không_lưu thì lại vi_phạm thì xử cái đó",Disgust,3
"đang lười quá nè , làm_sao để bớt lười",Other,0
đẹp quá vi_diệu,Surprise,0
"đến lúc yêu nhạt cực emoji_vui tao thề ! kiểu chán_chán , muốn quay về đơn_phương hơn",Sadness,2
ngiu tao cắt tóc xong nhìn như cặc . phải để tầm nữa tháng sau nhìn mới nung trở_lại,Disgust,3
có_lẽ chỉ là con tốt thí_thân cho cả bầy bụng phệ phía sau,Disgust,3
nghèo mà đi tập_huấn sang chảnh ? ?,Disgust,3
tao toàn bạn gái mà sao vẫn tưng tửng nhể ? ? ?,Sadness,2
vậy cứ mở mồm chó ra đổ thừa trung_quốc . toàn mình giết mình,Anger,4
"cấm đỗ thì gọi phường hay thanh_tra giao_thông xuống cẩu đi , chứ đường nhà chủ thớt bỏ tiền mua chắc ? ? ? ? ? ?",Disgust,3
"cái dòng ế mà dễ_dãi , hứ tao khinh",Disgust,3
xem lâu rồi giờ xem_lại vẫn buồn_cười,Enjoyment,0
"còn giữ 2 cái đĩa cổ này luôn á , ghê_hông",Enjoyment,0
quen với quên rồi thì hết đau thôi mà,Sadness,2
anh này còn phim pk nữa rất hay và ý_nghĩa,Enjoyment,0
"cả phim_trừ anh dv chính ra thì thấy anh này là đáng yêu nhất , dù nhìn hơi hâm_hâm tý",Enjoyment,0
mua mà không_được phát_tán virut bán ra chợ_đen thì mua để mà tế_ah .,Disgust,3
cẩn_thận quá cô ơi,Other,0
muốn nhanh thì phải từ_từ emoji_cuoi,Enjoyment,0
nhìn phiêu thật chắc nhẹ mất mấy cân một bên tai emoji_cuoi emoji_cuoi emoji_cuoi,Other,0
đang có phong_trào tế trượt chân bể bình_hả,Other,0
có_khi nào là chủ_tịch giả_vờ không ?,Other,0
một giây rung_động con tim emoji_vui,Enjoyment,0
này làm mình liên_tưởng tới hóa,Other,0
"thích_hôn , thèm_hôn_ư ư ...",Enjoyment,0
"nhớ lúc nhỏ tao và nó mỗi đứa 1 đường đi không_ai đá_động gì đến nó mà dume tao đang đi nó chạy sang đá cho tao mấy phát , dume đúng là đồ họa mi_điên ... thứ độg_vật không_thể_nào yêu_thương nổi ...",Disgust,3
"nhìn mặt đã thấy tởm , lũ thầy_cô trong trường biết còn trêu_chọc các em . rặt một lũ cặn_bã , súc_sinh .",Anger,4
"tự_nhiên chơi với con trai cái bị kêu không_đàng_quàng , con gái gì kỳ_vậy , lại còn nhiều bồ , đi với ai cũng nghĩ là bồ . mệt_thiệt chứ",Anger,4
tao ho_rụng hết tóc rồi emoji_buon,Sadness,2
tưởng đàng_hoàng cho chơi chung ai dè_bạn xấu,Disgust,3
per bit cái nay không . hihi,Enjoyment,0
vừa lên dốc thấy crush cười emoji_cuoi,Enjoyment,0
kiếp trước sống lỗi quá nên kiếp này_nghiệp quật emoji_buon,Sadness,2
kk tao chọn anh đầu_tiên,Enjoyment,0
lol emoji_vui dume nhảm nhí,Disgust,3
thằng hack game nó gặp trùm cuối rồi emoji_buon emoji_buon_truyện đến đây là kết_thúc sao emoji_buon,Sadness,2
lúc đầu tao còn tưởng thật ấy chứ,Other,0
rất chi là chờ_đợi,Other,0
chị_em mình giờ nói ít thôi haha,Enjoyment,0
per rồi sẽ có 1 ngày vừa cười tao vừa kể chuyện khiến tao rơi nước_mắt,Sadness,2
ăn vào lại thức dậy ở một nơi xa thì bỏ mẹ emoji_vui,Fear,1
em ấy đang ở đâu ạ,Other,0
gọi gọi người ra cái lờ ! gặp bố đập mày lun cho rảnh lol nhá,Anger,4
"giả_bộ vô_tình gặp nhìn lén rồi đi , lại còn tìm_hiểu cả gia_phả người ta nữa chứ ... một thời ngu_ngốc đáng yêu .",Enjoyment,0
nghe lần 3 đéo thấy hay,Disgust,3
ủa sao biết ? ?,Surprise,0
dume cà_rốt bố đéo thèm nhé !,Anger,4
nhạt hơn tao,Disgust,3
tao hiểu cảm_giác đó,Other,0
anh thật máu_lửa,Surprise,0
"per vì ss thích coi nặn mụn , c cũng ráng coi hết và cái kết có hậu_emoji_cuoi emoji_cuoi",Enjoyment,0
bọn fa sẽ nói tao lấy ảnh mạng cho mà xem,Disgust,3
bắt võng nằm cho sướng,Enjoyment,0
đúng là khổ trước sướng sau thế mới giàu emoji_cuoi,Enjoyment,0
nói thiệt là 10 người thanh_hóa hết 9 người chả_ra gì ...,Disgust,3
đó là tìm đúng người còn sai người thì auto mối quan_hệ kết_thúc emoji_vui,Enjoyment,0
bọn công_ty nào vậy mọi người cùng nhau lên xiên cho bọn nó mỗi đứa vài phát,Anger,4
"có_thể là ngày_mai , tháng sau , cuối năm , sang_năm hoặc 30 tuổi emoji_vui khi nào có tình_yêu .",Other,0
dume mấy con nhãi_danh .,Anger,4
mình còn chưa_được nắm tay,Sadness,2
boss dễ_thương vãi lúa,Enjoyment,0
"nhà nuôi 1 cặp ngỗng kêu thì ôi thôi điếc tai luôn . chạy xe thì cứ canh ngay đầu xe mà nhào ra mổ , dí hơn cả chó nữa",Other,0
mặt thằng mèo khó ở vãi,Disgust,3
hỏng xe và phải đền tầu_hỏa . có_thể phải đi tù nếu gây hậu_quả nghiêm_trọng . đầu đất là có thật .,Disgust,3
2 năm rồi và đã kết_thúc rồi,Sadness,2
ngáo cỏ này đáng yêu nhỉ,Enjoyment,0
ấm áp_vãi .,Enjoyment,0
per được đi thi chưa_babe emoji_cuoi,Enjoyment,0
mấy vụ giết người chặt xác gần đây ở việt_nam toàn là người hiền_lành,Other,0
"cảm_ơn các em , tuổi học_sinh lắm nghịch_ngợm nhưng có lòng yêu_thương con vật nhỏ_bé đã giúp bé cún được sống",Enjoyment,0
dume cười muốn chết người ta,Enjoyment,0
ngày_xưa có 1 cái,Enjoyment,0
dm đã mải_đạp xe rồi còn hỏi_hoi cái lol gì vậy ? ? ? ?,Anger,4
"kaka bạn này best bán_hành luôn kaka . bó_tay . miệng nói một đường , não nghỉ một lối",Disgust,3
"đm buồn_cười đéo_chịu được , đặc_vụ nằm vùng đi xe_đạp thì đuổi sao kịp mấy th lol đi xe_máy",Enjoyment,0
"con sâu làm rầu nồi_canh , tuyệt_đối không_có chuyện ....",Disgust,3
đứng trụ điện mới_lạ chứ,Surprise,0
bọn tiếp_tay cho kẻ giết người,Disgust,3
"cho phải công_bằng , nếu không_anh_chị_em không_hòa_thuận ...",Other,0
rồi rủi gặp phải thằng người_yêu con kia cục súc nó lại xiên cả đám emoji_vui,Other,0
cái này mình thấy ở ngoài đường người ta diễn nhiều lắm . nay chỗ này mai chỗ khác à . nhìn thấy riết rồi cũng nhạt cái mặt ra,Disgust,3
đi mà ngửi nách nhau à ? mua được cái cây về đến nhà còn trơ cọng,Disgust,3
quá ẩu vay mà bỏ tù người ta tân 7 nam giờ đền 200 tr . quá tội cho chị ấy còn những thằng kia thi quá tồi ...,Disgust,3
ngu . vào quán uống nước lúc_nào thích đi thì gọi bạn mang mũ_bảo_hiểm tới,Disgust,3
"đều do lòng tham và sự ngu_dốt của cá_nhân gây ra , ngu cũng ngu vừa thôi .",Disgust,3
đùa chứ cái tầm nghịch ngu này cho vào trại giáo_dưỡng mấy tháng cũng được,Disgust,3
cần lắm những nhà tuyển_dụng như_vầy emoji_vui,Enjoyment,0
crush mới thích ảnh tao mà tao đã . nghĩ đến chuyện đặt tên con rồi,Enjoyment,0
vl đánh_đòn hic emoji_vui,Sadness,2
"tui đây vừa vô_phòng thì con vợ mặt trắng_bóc nhảy ra đây , tưởng là ma",Fear,1
nhìn vậy nhớ ông ngoại quá emoji_buon,Sadness,2
emoji_vui cảm_giác đó đau lắm các mày ạ,Sadness,2
"đang coi thấy nghi_nghi , tắt vô xem bình_luận , đoán ngay là sẽ giật_mình , nên thôi không_xem nữa haha , dễ gì bị dụ haha",Enjoyment,0
ủa rồi mắc gì phí cả 1 đời emoji_vui,Surprise,0
"ủa chứ bộ mày bán_phá_giá thì thị_trường để yên cho mày à v , mua tận gốc mà_còn đòi giảm , ủa chứ giảm sao ?_ủa chứ mày ngu mày bán đúng giá chứ mày đòi tao giảm tao phá_sản nghỉ làm à v",Disgust,3
nhìn cái ngành giáo_dục việt_nam bây_giờ ai cũng mệt_mỏi,Sadness,2
cưng tởm,Disgust,3
mẹ đang buồn_ỉa mà trên đường về gặp mớ gờ giảm_tốc kia thì phọt bà ra quần,Fear,1
người gì đâu mà đẹp_trai hết_sức !,Enjoyment,0
khá trẩu emoji_cuoi,Disgust,3
đéo hiểu sao mấy thằng khốn_nạn thì lại nhiều đứa yêu . anh_em ngoan_hiền đâu điểm_danh,Disgust,3
hết hôi nhưng cống vẫn xả xuống sông thì nó lại thành hòa vốn,Other,0
"lũ âm_binh khí_đụ này phải truy_gấp , tao tính đi bơi mà bọn bây làm_vậy mất mặt đàn_ông chân_chính bơi vì đam_mê như tao quá",Disgust,3
2 câu giống nhau,Other,0
chổ mình là miền núi nên là không_nấu bằng rơm nhé,Other,0
tao nghi chị xác_chết với chị bác_sĩ pháp_y đó yêu nhau quá chúng_mày emoji_vui,Other,0
đau ruột với thằng số 9,Enjoyment,0
đang đi ỉa tự_nhiên xem phim này cái cười ỉa ra cứt luôn emoji_vui,Enjoyment,0
cái máy không_có lỗi lỗi ở mấy lão kỹ_sư trắc_địa,Disgust,3
sau_này nó lớn lên làm kinh_doanh thứ gì đó thì lúc đó nó mới biết thế_nào là quả báo,Disgust,3
cưng quá hà,Enjoyment,0
fan của nhà_thờ đức bà paris vào cảm_thông cái per,Other,0
phim cực hay và cực cảm_động lòng người,Enjoyment,0
hàng nhà tao cắt tóc xong thì tao cười như con điên từ sáng đến tối emoji_cuoi,Enjoyment,0
"chúng_mày nhìn , tao nuốt cũng không_xuống nổi , ông địa",Fear,1
hoan hô anh emoji_cuoi,Enjoyment,0
lấy ghế ra ngồi thật tuyệt,Enjoyment,0
per phim nào cũ thì người cũng hay hêt tao anh ơi,Enjoyment,0
dù 22 tuổi nhưng bố giàu là được,Other,0
"ước gì mày được quay về tuổi_thơ , trước mày cũng có 1 b trai như_vậy đó",Sadness,2
làm kiểu không_cần bẻ phê hơn emoji_cuoi,Enjoyment,0
khó tính chảnh chó như mèo,Disgust,3
chủ_tịch giả_vờ nấu kiểu này và cái kết cháy trụi làng,Surprise,0
per nhớ thật_sự,Other,0
"đấy , nó đấy . con tim tao đau quá .",Sadness,2
ngày_xưa hồi còn học mẫu_giáo mỗi lần đi qua là nó rượt tao chạy té khói dume còn thiếu_nước chạy lại quỳ xuống van_xin nó nữa thôi . đến giờ nó vẫn là nỗi ám_ảnh với tao emoji_vui,Fear,1
chính_xác là con gái xinh_auto đáng yêu emoji_cuoi,Enjoyment,0
vớ vẩn thặc !_marketing cũng có dăm_bảy loại và tùy lĩnh_vực . dăm_ba cái này đăng mà không_đọc à,Disgust,3
kết nhất cái điệu xời quá là điều bình_thường luôn,Enjoyment,0
chàng trai mạnh_mẽ !,Enjoyment,0
thấy hơi sợ sợ rồi đấy emoji_buon,Fear,1
như con đười ươi emoji_vui,Enjoyment,0
per thần_thái còn phải thua haha,Enjoyment,0
chuẩn_bị cho chim ăn cức,Other,0
"có chỗ tự đào_thải nhưng có chỗ có đào cũng không_thải , vì cơ_chế đồng_tiền có lỗ_xỏ . khó nói lắm",Disgust,3
đang thất_tình mà dume cứ bắt đi bán xoài,Sadness,2
đm y_chang mẹ tao chửi tao luôn emoji_vui,Surprise,0
trông ô_uế vãi,Disgust,3
đúng rất nguy_hiểm ! đằng sau 1 thằng đàn_ông đôi_khi là cả một tủ váy,Disgust,3
dm đang yên đang lành tự_dưng bị nhét cẩu lương,Anger,4
phản_cảm,Disgust,3
"ba_mẹ mình nhớ tất_cả ngày_tháng năm sinh_âm_lịch , giờ_sinh , tên_tuổi ...... của 4 chị_em .....",Enjoyment,0
bị tát lần đầu có_thể sẽ hơi sốc một_chút nhưng bị nhiều lần rồi sẽ quen ngay ấy mà emoji_cuoi,Enjoyment,0
ghê thật,Disgust,3
không_biết đến 2021 tao có lấy được chồng không_nữa emoji_buon,Sadness,2
"kỳ nghỉ_hè muộn của anh mà , xõa hết đi anh .",Enjoyment,0
nhỏ không_học lớn lên làm nhà_báo,Other,0
2 3 tuần gì đấy . sao thế,Other,0
per đu_me như 1 tro đu anh emoji_cuoi đi gia_mày tô_c co_n nhiê_u hơn khu nha ông,Anger,4
dở hơi,Disgust,3
cũng chỉ là ít protein dạng sợi thôi béo tốt gì mà gìn_giữ 66 năm xã_hội giờ là vậy . khi bạn không_có tài_năng nhưng bạn muốn tạo sự quan_tâm của xã_hội thì phải .....,Disgust,3
"đó là những cô gái cần được bảo_tồn , vì biết lo_nghĩ đến thứ anh ta đang nghĩ",Other,0
đó là mày chưa_nhận ra việc mày yêu tiền như_thế_nào và muốn kiếm tiền nhiều bao_nhiêu ?,Other,0
tại thợ_hàn bất_cẩn_chăng ...,Other,0
đúng là không_có nhân_tính,Disgust,3
"học xong cấp 3 , ngoài mừng vì được thoát khỏi đó thì không_hề có lưu_luyến 1 chút nào emoji_vui",Enjoyment,0
hóa ra chúng_ta không_biết nhiều về tình_yêu như ta vẫn nghĩ emoji_buon,Sadness,2
lòng_đường không_phải nhà cụ nên cụ sai nhé . vỉa_hè to vậy rồi cụ còn muốn như_thế_nào,Anger,4
thiệt hả cái ? ? ?,Surprise,0
per mi phải học con nay bán hàng lai_chim mới chạy hàng này,Enjoyment,0
"ước_mơ của tao , thích vẽ lắm luôn , nhưng mỗi tội vẽ xong cho lên màu thì lại tệ",Sadness,2
dăm_ba cái trò nấu cơm này sao làm_khó tao .,Enjoyment,0
em chân_thành nên em tổn_thương,Sadness,2
bộ phim này hay từng đoạt giải oscar có_lẽ là bộ hay nhất của ấn_độ,Enjoyment,0
ủa ? chọn người nào cũng như nhau thôi . vì cả 2 người chắc_đéo gì đã thích bạn đâu ? emoji_vui,Other,0
đcm . mấy hôm này đi đâu cungz thấy chủ_tịch . đéo ngán à ?,Anger,4
hồi đó cấp 2 mà bán đồ lời mấy chục là mừng quýnh lên rồi emoji_cuoi,Enjoyment,0
và sau đó mẹ mày đánh_thức mày dậy,Other,0
per đưa anh nè không_cần năn_nỉ . chỉ cần em cởi hết đồ ra thôi . đúng không,Enjoyment,0
bà này hên_vãi . bữa bên gò vấp cũng v . nhỏ kia nói_chuyện rất đàng_hoàng bà này thấy v làm tới mà lỗi sai rành_rành . xui đâu_có_vài bà đi đường nghe không_lọt_tai hay sao_vả cho mấy phát . hả_dạ !,Disgust,3
dm gớm chó thiệt chứ,Disgust,3
nhớ lại thời đi học xa nhà . bếp dầu ... emoji_buon,Sadness,2
trời ơi . giết hết lũ xúc_sinh liên_quan đi . lũ giết người hàng_loạt . yêu_cầu thủ_tướng đứng ra chỉ_đạo vụ_việc này cho dân . diệt tận gốc nhổ tận rể lũ súc_vật này .,Anger,4
sẽ gây sự chú_ý . cố_tình xuất_hiện trước mặt nhưng giả_vờ như không_quan_tâm,Other,0
nản kèo vãi,Sadness,2
"vẫn là thụ_động , làm_sao phải chặn_đứng hiện_tượng rải_đinh .",Other,0
"per xuống_cấp những vật_liệu dễ bị cháy , chắc có_thể do chập điện hoặc nguyên_nhân gì đó khiến ngọn lửa bắt lên nhanh cộng với gió lớn .",Other,0
để được maiz ngắm nhìn nụ cười đó nên quyết_định chỉ crush mà thôi 3,Enjoyment,0
thế là .... nổi_tiếng sao ?,Surprise,0
hình_phạt đó quá nhẹ không_có sức dặn_đe kẻ khác,Anger,4
dume nghe kể mà đau cổ_họng vãi emoji_vui,Fear,1
khiếp ăn_tạp chẳng_chết,Fear,1
một cái tết nhiều tiền,Enjoyment,0
phim này thật_ra hay nhưng không_có tính thực_tế . không_hay bằng truyện .,Disgust,3
sao tao ghét mấy cái tiếng cười của bọn khựa_vãi mà video lồn nào cũng nge,Disgust,3
"giáo_viên tiếng anh ở cấp thcs cực_kì chán , phát_âm sai bét , giao_tiếp tiếng anh thì cứ ừ à .",Other,0
nó còn kể với bạn nó .. bạn nó cũng là bạn mình,Disgust,3
dume tao chửi cho nó sấp_mặt luôn chứ còn gì nữa,Anger,4
cầu trời_phật cho đại_gia_đình con sức khỏe !,Enjoyment,0
do chính_sách quản_lý yếu_kém mới ra vậy đó,Disgust,3
con đáng yêu quá,Enjoyment,0
hồi xưa còn bị vén tà áo_dài nằm lên bàn rồi đánh . chứ quỳ thế_này có là gì đâu . giờ mới thấy cảm_ơn thầy_cô vì hồi đó đã như_vậy .,Enjoyment,0
phim nay và phim triệu_phú ổ_chuột là 2 phim của ấn mà mình thích nhất,Enjoyment,0
emoji_vui bố mày nghi_nghi rồi . tắt loa auto sáng_suốt emoji_vui,Other,0
trời . cưng chết được,Enjoyment,0
dù chỉ là 1 cây_bông nhưng nó là tất_cả tình_yêu của ông dành cho bà,Enjoyment,0
thằng nào phán sai bỏ tiền_túi ra mà đền cho người bị oan sai đừng lấy tiền_của nhà_nước,Disgust,3
chỉ để nhìn cái thôi emoji_vui,Enjoyment,0
"thôi , không_tranh_luận với các ông . thế đi đường gặp thằng nào đỗ thế_này cả nửa ngày , mà tắc đường và gọi nó không_được , các ông đừng há mồm ra dume nó nhé . vì nó đúng mà",Anger,4
2 thằng chúng_mày lại không_làm gì được ư ?,Surprise,0
chai này mới ghi được nhìu chữ kk,Enjoyment,0
không_biết mình có được may_mắn như cụ bà này không,Other,0
mũ sơ_sài mà hiệu_quả vãi,Surprise,0
"per nghe đồn mày yêu_mèo , mà sao mày không_đáng yêu emoji_vui",Disgust,3
đcm ác_mộng,Fear,1
per gặp tao chắc tao đái trong vần,Fear,1
mấy thằng súc_vật,Disgust,3
cáu vãi emoji_vui,Anger,4
per bảo sao tao cứ muốn nghỉ_việc . lm với cái tao sờ_choét lắm,Other,0
"vậy là đủ tuổi ngồi tù rồi nhỉ ? , mặt anh rất tỉnh và đẹp zai emoji_cuoi",Enjoyment,0
giống chó này tên là gì vậy các bác,Other,0
làm bộ_mặt ngầu cho thằng thỏ để_ý mà thằng này láo_ăn thiệt_đéo cho mình ăn_ké quê thiệt là quê luôn,Sadness,2
tao thấy dễ_thương màaa,Enjoyment,0
cách người ta phản_ứng cũng văn_minh ghê,Enjoyment,0
"per cảm_thấy tội_lỗi quá , từ nay không_chụp nữa thiệt luôn",Sadness,2
em mà biết nó vô_văn hóa thế thì em cũng làm cách này luôn cho nó nhanh ah,Disgust,3
per hồi lớp 1 tao quên nhãn_vở mỹ_thuật sợ đánh quá ngồi khóc tè_le,Other,0
cảm_ơn các anh tình_nguyện_viên .,Enjoyment,0
thật tuyệt_vời !,Enjoyment,0
3 thằng ngốc . xem ý_nghĩa lắm,Enjoyment,0
dễ_thương quá ! ! !,Enjoyment,0
"thì đi ra chỗ khác viết , đụ mẹ coi mà tao tức á .",Anger,4
bà ngoại của em đáng yêu hơn thế_này nhiều,Enjoyment,0
đem hủy mẹ đi . đấu_giá cái quần_què gì xong thằng mua lại nó hứng nó cho cả thế_giới dính vr cmnl .,Anger,4
đã sợ rồi .. cố_gắng hí_mắt để xa ra để coi như_thế_nào .. khúc cuối hết hồn_dục luôn cái điện_thoại emoji_vui,Fear,1
tao thấy cảm_động vãi .,Enjoyment,0
cũng sợ mấy con ngoe_nguẩy như giòi,Fear,1
đáng lẽ bệnh của tao đã không_nặng đến thế,Sadness,2
đẹp khó tin quá,Surprise,0
xấu mà đáng yêuc quá,Enjoyment,0
"t xem cái này từ lâu_lâu_lâu rồi cơ , đéo bất_ngờ gì cạ",Other,0
duới miền tây là kiến_vàng sao ngoài ấy lại dùng kiến đen nhỉ ?,Surprise,0
xưa dữ luôn,Surprise,0
"con_cái có hư_hỏng thì cha_mẹ phải dạy_dỗ , chứ cái loại thờ_ơ khi con mình hư_hỏng thế_này thì đúng là dột từ nóc rồi .",Disgust,3
mê trai hơn bạn có thật emoji_buon,Enjoyment,0
má toàn truyện trong mơ không_hà_mắc cười quá emoji_cuoi,Enjoyment,0
per khóc quá trời rủ họp lớp đéo thấy đâu,Disgust,3
phim ấn thì của lão amir khan là hay vol,Enjoyment,0
"cha quay_phim cũng không_phải dạng vừa , mẹ diễn_viên thần_thái vãi",Enjoyment,0
ơ thế hóa ra tao không_bị ngu một_mình ?,Sadness,2
"động_lực là lo được cho gdinh , tự_chủ bản_thân",Enjoyment,0
nhìn nữa sao . hỏng yêu đi . cho doi . vui_vẻ,Enjoyment,0
trời_đất . 580 k không_tiếc thì tiếc gì trời . người ta làm_ăn đàng_hoàng . hứa hươu hứa vượn . là người_lớn mà làm_trò mất_nết vậy trời,Disgust,3
cảm_ơn bạn vì đã chia_sẻ cũng như đã luôn sáng_suốt để không_làm gì sai,Enjoyment,0
"rất dũng_cảm , đáng yêu quá",Enjoyment,0
nhà tao còn nè,Enjoyment,0
dễ_thương quá hà,Enjoyment,0
"như mọi năm thôi mưa_gió rét_mướt , bây_giờ mót_ỉa là chỉ có thánh mới giúp được",Disgust,3
đoạn con chó tao cười đau bụng,Enjoyment,0
đó cũng là giải_pháp hay để lừa một thèn ngu emoji_vui,Enjoyment,0
tao lại sợ_ngôn_tình quá cơ,Fear,1
per ít bữa dẫn mày xem cái này,Other,0
lên báo sớm thôi nhỉ,Other,0
tỏ_tình cho nó biết thôi chứ yêu_đương gì tầm này emoji_buon,Disgust,3
cầu_mong những công_ơn sinh_thành luôn mạnh_khỏe .,Enjoyment,0
cái miệng nó nhanh hơn cái não,Disgust,3
thành_phố tao nhiều người còn dân_trí thấp là sao ? bố_con dở người,Disgust,3
per giống súp_lơ của bạn mình,Other,0
"không_có con gì ác bằng con_người , các con_bé như_thế mà nó không_tha",Fear,1
chi_phí kiểm_toán và thuê người tổ_chức hòa giải chia_chác thôi,Other,0
thêm cả trò mắt mèo khốn_nạn nữa,Anger,4
ăn_ở cái gì huhu,Sadness,2
nhiều lúc ngáo_ngáo thoải_mái đến mức người_yêu cũng đéo bằng nó và đến khi nó thổ_lộ tình_cảm thì tao đéo tin v,Enjoyment,0
vẫn bình_thường chán làm khách_sạn nhọc_nhục hơn xoạc nhau nước nôi máu_me be bét ra emoji_buon kinh chết mẹ,Disgust,3
đúng là khốn_nạn mà,Anger,4
ôi hạnh_phúc quá,Enjoyment,0
"per hồi học đại_học , điện hỏi xin tiền bố , bố ra ngân_hàng gửi tiền rồi điện em hỏi stk rồi hỏi tên mày là gì ? ? emoji_buon emoji_buon",Sadness,2
đúng . biết là sự_thật tàn_nhẫn nhưng vẫn muốn biết rõ cho nhẹ lòng hơn emoji_buon,Sadness,2
mấy kiếp tu_luyện mà có 5 triệu thôi à ?,Surprise,0
đau còn hơn tỏ_tình bị từ_chối per,Sadness,2
dễ thương_vãi,Enjoyment,0
bố mày đã sợ nhện rồi xem cái video này ... vãi đái_emoji_buon,Fear,1
bà xinh thật_sự,Enjoyment,0
đây là hội à mày ? làm tao phải lên gg_tra sao lại đông người thế emoji_vui,Surprise,0
lại khoe có người_yêu _,Other,0
đừng trao_duyên cho tao khi chưa_biết rõ tao emoji_buon,Disgust,3
chưa_có cơ_hội nói cảm_ơn và xin_lỗi . vì chúng_ta xứng_đáng được bình_yên,Sadness,2
đáng nhẽ nên làm_việc này từ sớm . chứ hàn_quốc họ làm từ lâu rồi ạ,Other,0
"quá bản_lĩnh luôn , người đáng nể , tiếc là anh ấy sắp bị tử_hình rồi",Sadness,2
không_biết_mấy ba mấy mẹ chơi bửa đó có xem được bài viết này không_emoji_cuoi emoji_cuoi emoji_cuoi ... có ai lên incon phẫn_nộ thì hiểu rồi ha,Disgust,3
góp_phần xây_dựng đất_nước chứ gì kk đóng nhiếu rứa,Enjoyment,0
"đm hồi đó nhà có nuôi bốn con , bữa đang ngồi chơi nặn đất_sét nó chạy cả lũ tới , thật_sự là tao không_biết con đéo nào nhma có một con trong đó kéo áo phía sau lưng tao lên rồi cả lũ cắn lưng tao dume nó thốn vãi luôn . thề !",Anger,4
cải_ngu lắm ... chưa_ai ngu như cải_tao thì không_yêu đi yêu đứa vừa béo vừa lắm lông,Disgust,3
toàn lũ đầu trâu mặt ngựa,Disgust,3
làm tao liên_tưởng đển phượng_hoàng cổ trấn_emoji_vui,Enjoyment,0
cố_gắng đi gần người ta 1 xíu . rồi lướt qua nhau như 1 cơn gió,Other,0
chơi vậy ai chơi,Disgust,3
per thì tốt nhỉ quá đỉnh luôn ... nhưng không_biết được trọng_dụng không_nữa buồn quá,Sadness,2
đồ điên,Anger,4
tự_nhiên muốn có con dume,Enjoyment,0
cảm_động người thầy đưa học_sinh đi làm hồ_sơ,Enjoyment,0
đúng là lợi_ích kinh_tế lâu_dài .,Other,0
thái_bình nắng to rồi,Other,0
nói như việt_nam . nhưng hơi láo cá chắc thầy của ônc cũng như ông,Disgust,3
lò xô_xài bằng dầu lửa con gọi là dầu thôi,Other,0
đi đường buổi đêm nhìn thấy hãi vãi ? ?,Fear,1
nặng tay cho chừa cái tật_hại người,Disgust,3
"ngàn cân treo sợi tóc nhỉ , csong mong_manh quá",Sadness,2
không_1 từ nào để diễn_tả bộ phim này ...,Enjoyment,0
"nhỏ thấy qua 1 lần , nó bị cột ngay trước cửa nhà người ta ở trong hẻm , mỗi lần đi ngang qua là nó lại định_lao tới cà_khịa",Fear,1
cười ị v,Enjoyment,0
bởi_vì gặp nhau sai thời_điểm nên tôi mất người mãi_mãi ...,Sadness,2
gia_đình thì không_còn . tình_yêu thì chưa_có gì chắc_chắn .,Sadness,2
"chỉ cần bạn dùng tình yêu_thương , sự chân_thành của mình đối_với nó thì không_gì là không_thể .",Other,0
disme tao chưa_thấy con họa_mi nào hót_dở như con này luôn á .,Disgust,3
"muốn em vui_vẻ đơn_giản lắm , chỉ cần bao ăn bao xem phim tuần 1 lần thôi hỡi các đồng_nghiệp ơii",Enjoyment,0
hay ý_nghĩa sâu_sắc emoji_vui,Enjoyment,0
trẻ trâu quá đông và nguy_hiểm,Disgust,3
chắc_chắn là vị mặn của mồ_hôi,Other,0
mày uống trà sữa thôi . đéo ăn gì nữa emoji_cuoi,Other,0
tất_cả cùng không_tính điểm . thế là xong v,Other,0
nó cũng làm thế với bao người khác đấy,Other,0
quay vào ô mất lượt emoji_vui,Sadness,2
"mình đã xem rất nhiều video như này rồi , nên thấy cũng bình_thường emoji_cuoi",Other,0
"sợ nhất mấy đứa ảo_tưởng sức_mạnh , nhắn_tin nhiều chút là auto mình thích nó",Fear,1
chắc từ giờ tao đéo giám_ho nữa quá .,Fear,1
đm mưa đâu đéo thấy . nóng vãi,Disgust,3
per không_cho anh đi tập đâu nha mất_bồ như_chơi,Fear,1
đối_với thế_giới này bà lão chỉ là một ai đó . nhưng đối_với ông lão đó bà lão là cả thế_giới emoji_vui,Enjoyment,0
"per haha nhiều tiền quá mang đây tao tiêu hộ cho , đóng thuế 10 củ phí quá emoji_cuoi",Other,0
"trời đụ , tội bé",Sadness,2
có lưu_luyến thì lưu_luyến người mình thích chứ lưu_luyến gì cái trường đấy,Disgust,3
"đụ mẹ_tục , cuối tuần về ra nha emoji_vui",Disgust,3
nốt hôm_nay thui . thui không_ngĩ đến và bắt_đầu từ_bỏ 1 thói_quen,Sadness,2
uii xinh_gái thế ...,Enjoyment,0
chạy 200 tr là vào biên_chế ngay . thực_trạng chung . cần gì có chuyên_môn hay không,Disgust,3
vì đồng_tiền mà chúng_mày giết bao_nhiêu gia_đình . chúng_mày ăn những đồng_tiền đấy mà chúng_mày cũng nuốt_trôi được à . bọn khốn_nạn,Anger,4
cảm_ơn các anh_chị báo_chí phóng_viên đã đưa tin . mong cơ_quan_chức_năng hãy làm thật nghiêm . thật mạnh_tay vụ này . đến khổ mấy đứa nhỏ . mưa rét thế_này . càng nghĩ càng tức .,Anger,4
c trai như_thế_nào tuyệt_chủng rồi emoji_vui,Sadness,2
per_ngóng cuộc đấu_tranh công_nghệ này . tq đồng_lòng ghê_nhỉ,Sadness,2
nước mình chả_í_thức gì cả xả rác bừa_bãi để trôi rác đầy đường_thể này thật buồn,Sadness,2
nhờn emoji_vui,Disgust,3
"năm nay mua cân_na về nhà ăn dần , tối ra đường xem chúng_nó dẫn vợ thằng khác đi chơi ... kaka",Enjoyment,0
tiền bồi_thường lấy ở đâu ? cứ làm bừa làm ẩu rồi lấy tiền của dân mà đền đề_nghị sửa lại nếu ai làm sai thì bỏ tiền_túi ra mà đền,Disgust,3
điềm báo gì đây,Fear,1
siêu_phẩm để đời .,Enjoyment,0
tao phải công_nhận là nó giỏi vãi . từ đứa diễn đến đứa quay và edit_video .. giỏi vãi,Enjoyment,0
per trai hay gái thì vẫn thấy tữn như thường kk,Enjoyment,0
động_lực cho tôi tiếp_tục .,Other,0
"thôi bảo em_gái xuống ngủ với mẹ đi , còn em percó sợ ma không ? thì ngủ với anh . hehe",Enjoyment,0
đã nuôi thì nên chăm_sóc bé cẩn_thận ? ?,Other,0
quê vải mà chưa_được ăn quả nào . huhu,Sadness,2
"mới_đây thôi mà đa 3 năm rồi , những ngày chia_tay buồn đó emoji_buon",Sadness,2
"ý_thức đéo gì đâu , từ già đến trẻ luôn",Disgust,3
"tao cũng vậy , mấy cái thiệp chúc_noel thời cấp 2 trẻ trâu của lũ bạn vẫn còn nguyên xi",Other,0
per haha . đặt bánh thì đặt thành cặp nhé . haha . emoji_cuoi emoji_cuoi,Enjoyment,0
thể_loại này next sớm đi em,Disgust,3
làm chung với con mẹ ngáo là phải chuyển đi liền emoji_vui per ngọc_kiều_dung,Disgust,3
per ta_nguyện nằm im,Other,0
thôi nhà đang yên_ổn,Other,0
"chưa_học cách kiếm tiền đã học thói đi lừa tiền , thua",Disgust,3
t tin crush của tao không_bị thịt vì tao đéo crush ai cả emoji_cuoi,Enjoyment,0
con mẹ kia có vấn_đề về thần_kinh emoji_vui không_cần biết ai đúng ai sai nhưng đéo lịch_sự thì đã đéo có tư_cách nói_chuyện rồi emoji_vui con bà kia xem được video chắc buồn làm,Disgust,3
ai chưa_xem thì nên xem 1 lần đi . đảm_bảo không_phí 3 h đồng_hồ của các bạn,Enjoyment,0
chơi cái kiểu này nè emoji_vui per,Enjoyment,0
đéo mẹ . nhìn nổi da_gà ..,Disgust,3
cười trước nỗi đau của người khác,Other,0
có ai biết 2 người này không_ạ ?,Other,0
per coi đoạn con chó chết cười luôn em emoji_vui,Enjoyment,0
chủ_tịch lén_lút dùng đồ của vợ làm vlog và cái kết ?,Other,0
chúc_mừng anh chúc anh may_mắn . cố lênn,Enjoyment,0
phê thật . cái tai nó đang thâm_đen xì lấy ra hết lại trắng hồng luôn,Enjoyment,0
do cái áo . mặc giống nhau làm đíuu gì,Anger,4
tội còn nặng hơn cả khẩu_nghiệp nữa,Disgust,3
hồi xưa anh hay bị chửi trẻ trâu này nọ ... giờ anh là tổng_giám_đốc rồi,Enjoyment,0
nv thu nhâ p cao thi_hu tao ma_u ngươ i dân phi cao hơn hê tao .,Disgust,3
người tài như_vậy lại không_được sử_dụng đúng mục_đích ... quá buồn,Sadness,2
một câu_chuyện cổ_tích xiaolon đầy tính nhân_văn ! ! !,Disgust,3
còn chả_có ai nói_chuyện thân_thiết quan_tâm đến tôi,Sadness,2
đoạn phỏng_vấn xin đi chụp hình cạo râu_lão là hay nhất theo mình,Enjoyment,0
coi thôi cũng đủ nghiện rồi,Enjoyment,0
năm nào cũng phải ở nhà trông nhà emoji_buon,Sadness,2
idol có skill mới chất quá emoji_cuoi 1 cú đánh mông thôi mà đối_thủ bay sấp_mặt luôn_luôn,Enjoyment,0
"hy_vọng cơ_quan điều_tra làm rõ được danh_tính người phụ_nữ , chỉ vì cái miệng mà làm tan_nát cả 1 gia_đình",Disgust,3
tấu hài_cực mạnh,Disgust,3
con đĩ mất_dại . trời đánh tránh bữa ăn_nha con ml,Anger,4
cười xĩu,Enjoyment,0
mẹ nó chứ xem xong mình khóc hết cả nước_mắt,Sadness,2
có tiền chưa_mà đòi,Disgust,3
"một hình_ảnh hay nhưng một loại âm_thanh rất chối_tai , câu đầu_tiên đã chửi_thể và tiếp_theo cũng vậy , rất vô_văn_hóa .",Disgust,3
mình chụp mấy lần liền chả_thấy bác_sĩ cho mặc lớp áo gì cả emoji_buon emoji_buon emoji_buon,Sadness,2
thề đi ngoài đường giờ nhiều người_lớn cứ nghĩ mình mình già rồi thích đi như nào thì đi . xong quay sang chửi bọn thanh_niên là đi_đứng mất_dạy này nọ . chán . mang_tiếng người_lớn mà cư_xử chán đcđ .,Disgust,3
trường gửi điểm về và mẹ cũng điện chửi emoji_buon,Sadness,2
ngày_nay bã đã thay cho thính emoji_vui,Other,0
thế sao tao hát tệ thế_này,Other,0
còn đồng_nghiệp hãm_lờ thì ...,Disgust,3
"nếu nói chị thảo tham_thì chưa_thỏa_đáng , vì ngay cả con chị cũng được niêm_yết , định_giá để chia_chác ý_kiến cá_nhân mình , chỉ chia phần của chị và phần của những người con sẽ được nhận vào 18 tuổi",Disgust,3
chỉ cần 1 cây hoa . nói lên tất_cả .. hi,Enjoyment,0
ngày_xưa đi học_văn và toán chắc noa dưới trung_bình hết,Disgust,3
t lên facebook không_phải để coi mấy cái thứ này,Disgust,3
dễ_thương quá à ? ? ? ? ? ? ? ?,Enjoyment,0
làm khách đi qua_lại mắc mệt lun,Sadness,2
trả lại tuổi_thơ cho tao,Other,0
để con mẹ mày tiếng bình_thường nghe cho dễ . lại còn làm đéo đéo,Anger,4
chỗ tao cũng có cây tình_yêu 3,Enjoyment,0
ngày nào cũng bị tụi siêu_thị_hành không_dưới 10 lần,Other,0
qua câu_chuyện này mong mọi người đừng có cái nhìn ác_cảm về các anh csgt về việc hay núp_lùm bắt xe nữa mà_còn nghệ_thuật ăn_nói kể chuyện xạolin_đẳng_cấp emoji_vui emoji_vui emoji_vui,Disgust,3
việc nhỏ như_vậy mà hai con này hàng sử thiếu văn_hóa quá quá,Disgust,3
thỉnh_thoảng lại xem_lại phim này quá hay và ý_nghĩa,Enjoyment,0
"lúc đầu tưởng con ma , nó đi tẩy_trang xong hiện nguyên_hình đếu phải ma mà là con quỷ cái",Disgust,3
2 đg thẳng mãi_mãi song_song không_bao_giờ cắt nhau hix hix,Sadness,2
mai chơi trò_hứng nước mà nóng quá chắc chơi vầy luôn,Other,0
per chơi với con trai riết nên giờ đéo có người_yêu nổi vì tính_tình không_khác_gì con trai,Sadness,2
đm chơi mất dạy_vãi . tưởng khúc cuối là gì dume làm giật_mình,Fear,1
"các bạn trẻ thấy cái gì cũng có_mặt giờ trái_đất có , thử_thách nhặt rác có , vứt rác bừa_bãi có . toàn thấy các trẻ trâu tham_gia .",Disgust,3
chạy ngay đi sợ quá .,Fear,1
"tao không_lấy chồng nữa , ở nhà nấu cơm cho mẹ , tao sợ lắm",Fear,1
"bữa tao coi cái video này nhưng nó ghép nhạc bựa_vãi ... mỗi lần mỗi anh té là first blood , double kill , ... các kiểu emoji_cuoi",Enjoyment,0
chính_xác ! chỉ cần đồng_nghiệp tốt thì mọi ngày đi làm đều vui emoji_vui emoji_vui emoji_vui,Enjoyment,0
đơn_giản_nha .. cơm này ngon hơn cơm điện nhiều . không_tin thì cứ thử,Enjoyment,0
làm_công thì chấp_nhận . chỉ trách khách không_ý_tứ chứ quyền gì cấm nó đem mấy cái này vào ... có trách thì trách bản_thân không_có khả_năng làm_việc khác ngoài làm nhân_viên vệ_sinh,Disgust,3
per anh tập gym cho to để như_thế_nào ư,Surprise,0
nhìn cái đống lúa phơi mưa ướt nhẹp_ma ghép cười được .,Other,0
đã sáng_suốt hơn năm_ngoái nhiều . ka ka,Enjoyment,0
vậy nếu mình lên_cơn điên và giết người khác thì nỗi đau gấp_bội phải không ?,Anger,4
lòng_đường là để giao_thông chứ để nhà các bác đỗ xe à ?,Anger,4
mình không_áo_mưa rồi emoji_buon,Sadness,2
giọng không_nhìn màn_hình tao_tưởng là ông_bà già nào trên 60 tuổi đang nói á .,Other,0
nhưng nói thì cứ bảo hay than_thở emoji_buon,Sadness,2
xiaolin không_có gì vui . chúng_ta không_nên xiaolin,Disgust,3
còn tao mỗi lần cắt tóc là y_như_rằng ... nó tệ_vãi emoji_buon,Sadness,2
được . đỡ tốn 5 nghìn,Enjoyment,0
"replay chục lần đoạn cuối , phê quá",Enjoyment,0
đáng yêu quá !_tình_yêu ông_bà thật đẹp !,Enjoyment,0
đứng tim luôn,Fear,1
vì bạn chỉ là con trai nắng hoặc em_gái mưa thô_emoji_buon,Sadness,2
đau nếu còn nghĩ về nhau thì hãy quay về bên nhau emoji_vui,Sadness,2
nhấp mẹ miếng da chính giữa 2 lỗ rồi lấy muỗng múc là xong,Other,0
tư_cách của người hành_nghề,Other,0
đéo bít sợ là gì đến lúc chết lại đổ cho tại số,Disgust,3
chỉ mong_thương nhau đến đầu bạc răng long . vậy là đủ,Enjoyment,0
khi gặp được người đem lại cảm_giác bình_yên mà từ trước đến giờ chưa_từng có .,Other,0
"bên đó cậu sao rồi , có hay cười nữa không ?",Other,0
"con gái ăn_nói kiểu gì vậy trời , mình rất ghét con gái nói_tục chữi thề",Disgust,3
"suốt ngày sân si , chia bè_phái bốc phốt nhau mà khi nghe chia lớp theo tn xh lại bảo buồn",Disgust,3
"thú_vui mới , thay_vì chọc chó thì ghẹo_ngỗng cho nó dí emoji_cuoi",Enjoyment,0
có_lẽ vậy là tốt nhất,Sadness,2
tận_cùng của nỗi đau,Sadness,2
chị dâu thì vãi rồi,Disgust,3
nhờ mất bạn nên mình mới biết emoji_cuoi emoji_cuoi emoji_cuoi emoji_cuoi,Enjoyment,0
con quan rồi lại thành_quan . chỉ dân mãi là kẻ bần_hàn,Other,0
kinh_khủng,Fear,1
cưng quá mà,Enjoyment,0
xiên chết cụ nó đi,Anger,4
khi nào nha anh sẽ lắp hả per,Other,0
cưng vãi ấy,Enjoyment,0
lớp chúng_mình rất rất vui anh_em ta chan_hòa tình_thân emoji_cuoi,Enjoyment,0
tinh_trùng của người ngoài hành_tinh thật đáng sợ,Fear,1
tội em vợ thế emoji_buon,Sadness,2
ơ hóa ra là em à_emoji_buon lâu quá không_gặp,Surprise,0
không_nên nhé các cụ .... hãy cho họ 1 cơ_hội ... hãy nhìn sự_việc từ nhiều khía_cạnh khác nhau,Other,0
bắt ve cho nó đii . trông khổ quá,Sadness,2
hic . nhiều khi thấy bả ngu thiệc chứ kp đùa emoji_cuoi,Disgust,3
rất chuẩn hãy sống làm người cơn luôn_luôn co hiểu thảo với cha_mẹ của mình nhé moi người ơi,Enjoyment,0
sao không_ghé quán rồi nhờ người_nhà cầm nón qua cho emoji_vui tự làm_khó mình vậy,Other,0
con xe thần_thánh . chạy hơn 50 năm chưa_nát emoji_cuoi,Enjoyment,0
có người_yêu thì vẫn ăn bánh_trung_thu nhé . bánh_trung_thu là thứ tồn_tại duy_nhất . có em hay không_không quan_trọng,Other,0
đã từng . hix,Sadness,2
chắc là năm lớp 4 5 gì đó emoji_vui tao mua bánh_kẹo đem vô_lớp bán_lẻ lại ... mỗi lần đem bán như_vậy chắc cũng kiếm được lãi 2 30 k emoji_cuoi,Enjoyment,0
có cái con cặc .. chúng_mày chỉ diễn thôi đúng không . dume chỉ diễn thôi ..,Disgust,3
nháy mắt cũng đáng yêu kk,Enjoyment,0
nghĩ cũng tội mà thôi cũng kệ,Other,0
trẻ trâu chấp nó làm gì,Disgust,3
bắc sơn lạng_sơn đang cháy khô rồi mưa cái gì chứ,Other,0
per chị ơi còn học được cả tiếng anh nữa luôn này v hịn quá,Enjoyment,0
"cổ_nhân có câu_thương cho roi , cho vọt ghét cho ngọt cho bùi . muốn con trở_thành người tốt , nhưng gv nghiêm_khắc thì lại phản_đối . thật không_thể hiểu nổi .",Anger,4
biết nấu cơm bếp củi từ lớp 2_3 gì đó,Enjoyment,0
dạ đây là chị_gái em nha không_phải chồng đâu ạ người trong hình là em huhu ?,Sadness,2
giỏi thật chứ đùa . biểu_cảm gần như 90 chuẩn mẹ rồi . thằng quay và edit cũng ghê luôn . nhảy cũng tốt ra phét chứ . ác thật,Enjoyment,0
không_cẩn_thận phát là ngậm_bả như_chơi,Fear,1
có thịt bò nướng là ngon rồi bày đặt kiến đốt,Disgust,3
"không_có sức hút thì tao vẫn cắt , mùa_hè để tóc dài nóng thấy mẹ",Other,0
bạn có phải óc chó không ? chắc bạn không_trả_lời được đâu nhỉ . óc chó mà emoji_cuoi,Disgust,3
"móng tay dài như_vậy thì làm gì để sống phục_vụ bản_thân cũng khó_khăn uổng_phí hết tuổi_trẻ một đời người để nuôi một bộ móng , thay vào đó làm_việc gì có_ích cho bản_thân gia_đình và xã_hội , đời người ngắn_ngủi nên trân_trọng thời_gian quý_báu của mình",Disgust,3
chỉ ăn 1 miếng thịt mà phải đốt chết thêm nhiều sinh_mạng bé_nhỏ nữa hả,Surprise,0
có đứa nào nấu cơm rồi nấu luôn cái bếp như tao không,Other,0
"đếu_thể đỡ được tiền_mừng , tiền mừng hahaha",Enjoyment,0
hãm lol nhưng thật lòng chứ còn hơn cứ tỏ ra trưởng_thành mà bên trong thì như đồ bỏ đi,Disgust,3
per nghe có_vẻ hợp_lí_nhỉ ?,Other,0
ngoài_ra thì nó còn bị mang_tiếng là thả thính cả xã_hội nữa,Other,0
"từ nhỏ đến lớn chỉ nghe được câu mày béo_thế , mày nên giảm cân đi chứ không_ai nói rằng mày gầy lắm ăn nhiều lên",Disgust,3
cơ mà tao bị thần_kinh thật,Sadness,2
kiện chết mẹ mấy con súc_vật đó đi,Anger,4
sắm về hỏi mấy thứ v,Other,0
cứ bảo ngon lắm với chả_ngon vừa . không_biết nghĩ trước khi ăn à,Disgust,3
con này là con lợn hay con gấu hay con ong vậy ? ? ? ?,Other,0
tại mình thử hết rồi emoji_vui nên cậu nói thế thì mình bình_luận thôi emoji_vui,Other,0
thề cứ 1 lần trượt là tao cười to hơn,Enjoyment,0
mặt_nạ chứ không_phải mặt lạ nhé . ngọng_thế mà cũng lấy được vợ ? ? ? ?,Disgust,3
per nhờ mất bạn nên mình mới biết emoji_cuoi emoji_cuoi emoji_cuoi emoji_cuoi,Enjoyment,0
thứ ba_mẹ cho con và con nhận thấy đó là sự đức_hạnh tấm lòng cao_cả cam_on ba_mẹ rất nhìu,Enjoyment,0
nhìn mặt thấy hãm_buồi rồi .,Disgust,3
hãy nên trân_trọng những người bạn như_vậy .,Enjoyment,0
nhớ bộ phim thằng gù nhà_thờ đức bà không ?,Other,0
bây_giờ nhìn vào cứ kiện_tụng mà nãn emoji_buon,Sadness,2
thiết_kế tinh_tế quá,Surprise,0
tớ cũng muốn có mối_tình như_vậy ? ?,Sadness,2
một bộ phim quá_suất sắc,Enjoyment,0
suốt ngày bị chửi ? ?,Anger,4
mình không_hiểu tại_sao nó không_bị phóng_điện chết nhỉ ?,Surprise,0
vì tao hay bị chúng_nó chọc nên thấy buồn,Sadness,2
một bình_luận của người trong cuộc . đọc xong thấy ấm lòng cho per !,Enjoyment,0
chó nhà tao mới đi lạc 3 hôm thôi mà quên mẹ hết chủ rồi vậy,Disgust,3
"có hình_ảnh rõ_ràng kiện chúng_nó tội quấy_rối đi . mịe cái lũ khốn_kiếp , hay ho lắm cái trò dơ_bẩn",Anger,4
nhà nó giàu vãi,Surprise,0
per quả lừa con chó ngoài bờ_rào,Other,0
wow đỉnh quá,Surprise,0
ước gì tao thất_tình cũng được giống như mày,Other,0
"cái kết thật bất_ngờ , không_thể đoán được vậy",Surprise,0
per nhìn mặt cưng gê,Enjoyment,0
là đứa quay video,Other,0
cái lò_xô ngày_xưa ma,Other,0
một chuyến du_lịch vui_vẻ,Other,0
hành_động nhỏ v thôi_thì cũng ấm lòng rồi ... nói thôi cũng vuii rồi ...,Enjoyment,0
"chúng_ta những tháng_ngày sau đó vẫn gặp nhau , vẫn nói_chuyện nhưng không_phải những cô_cậu của hồi c3 nữa . chúng_ta đều khác",Sadness,2
bé gái đáng yêuc quá emoji_vui . dth nữa,Enjoyment,0
cho khỏi đá ở việt_nam . gì mà căng,Disgust,3
hình_thức này .. là chúng_nó đang hủy_hoại mầm_mống tương_lai của đất_nước đấy,Disgust,3
trông tội quá,Sadness,2
"hai con ma đấu đầu , con mũ đen ăn toàn_cứt nên đanh hơn ?",Other,0
"nó mừng kiểu nhảy_vồ lên dơ_đồ thôi , chứ dòng này gặp ai cũng mừng",Other,0
per ghét ghê bây,Anger,4
"học chán_phèo , chả_có gì đáng nhớ",Sadness,2
"tao cảnh_cáo , page mà đăng mấy video kiểu_ngôn_lù thế_này tao unlike , trả per trả cụ lầy , trả anh thai cho tao",Anger,4
chắc làm theo yêu_cầu,Other,0
"coi 3 lần mà vẫn cười , phim hay nhân_vật dễ_thương",Enjoyment,0
per sự thích thể_hiện của các bạn mà bóng_đá per tốn một món tiền không_nhỏ !,Sadness,2
"mất nhân_tính tiền không_phải tất_cả , nhưng làm tất_cả vì tiền",Disgust,3
thớt là gu của tôi emoji_vui yêu quá hiuhiu,Enjoyment,0
muộn rồi emoji_vui,Sadness,2
thề lun anh ấy rất kĩ_thuật lun á,Enjoyment,0
per có sub rồi nè . má coi đi coi lại vẫn mắc cười . với đưa anh stk đi,Enjoyment,0
bt mà tao vẫn lạng_lách ở đây suốt,Enjoyment,0
chỉ mong có người đến cuối đời vẫn yêu mình như ngày đầu_tiên,Enjoyment,0
anh thíck kiểu tra_tấn hằng ngày emoji_vui,Enjoyment,0
tuổi_thơ với nó đấy,Other,0
vợ_chồng nhà này mặc quần_áo ngủ đôi à ? ?,Surprise,0
buồn_cười nhất cái đoạn cã lũ bạn đồng_thanh chó nó lấy emoji_cuoi,Enjoyment,0
"đúng rồi còn quay quay , lớ nga lớ_ngớ xuống_trách người ta . có phải bãi xe tự_phát đâu mà người_ta dám làm láo .",Anger,4
dăm_ba cái yêu đương_vớ vẩn emoji_vui,Disgust,3
ủa tao đang coi cái gì v emoji_cuoi,Other,0
tàn nhang là xác_định nhá ? ? ? ? ? ?,Other,0
sao toàn gặp hãm không_àh . gần nhất là thằng âm_binh nhất,Disgust,3
phe áo vàng thích điều này,Other,0
có_khi giờ tỉnh rồi đéo dám xuống nữa,Other,0
lại đến giờ giải_trí rồi mềnh ơii per emoji_cuoi,Enjoyment,0
vừa xung_điện tim xong ra ngoài bác_sĩ lắc_đầu emoji_cuoi cả nhà tao đưa bác_sĩ vô nằm kế tao,Other,0
thói_ích kỷ,Disgust,3
thứ học_sinh mất dạy emoji_cuoi,Disgust,3
má tự_dưng bị đánh vào đầu emoji_buon,Anger,4
mong ông_bà nhiều sức_khỏe . đáng yêu thực_sự,Enjoyment,0
nhìn gai_vãi,Disgust,3
đọc thôi cũng mệt,Disgust,3
có những ngày mọi thứ nó bỗng ập đến,Sadness,2
per thề emoji_vui cười cơ_mà tao nghĩ nó cũng đéo_ổn tí nào đâu,Disgust,3
chỉ khổ các con thôi ! !_sao người ta lại có_thể mất nhân_tính như_vậy,Sadness,2
cute vậyy,Enjoyment,0
thế rồi cha lái_xe có giả tiền không_các bác,Other,0
nàng ấy chả_yêu ta gì cả,Sadness,2
1 năm không_biết_bao_nhiêu lần x quang emoji_buon,Sadness,2
thôi xong tao rồi emoji_buon,Fear,1
chỉ cần nhìn họ thì đã thấy tim đập mạnh rồi emoji_cuoi,Enjoyment,0
phú_thọ tởm quá,Disgust,3
smart phone thành cục gạch là có thật luôn hả ? ?,Surprise,0
"3 idiots , bộ phim rất đáng xem",Enjoyment,0
nói gì thì tụi bây cũng không_tin đâu ..,Sadness,2
per nhà mình cũng có nè,Other,0
bây_giờ lại chơi_trò đánh_tư_sản_mại bản như ngày_xưa đi nhể,Other,0
anh đánh mất thật rồi,Sadness,2
đậu xanh tao giỡn_mặt với mày hả,Anger,4
những cái đáng làm không_làm những cái không_đáng làm thì làm cho tới,Disgust,3
hình_như sau boss bị chết ạ,Sadness,2
xong tao đưa mày uống nha,Other,0
may_mà không_mua laptop này không_thì ăn_lìn lâu rồi emoji_buon,Enjoyment,0
nếu chịu_khó đặt vào hoàn_cảnh của nhau mà sống thì mọi chuyện đã đơn_giản hơn rồi .,Sadness,2
đéo đùa emoji_vui,Anger,4
nhìn hình_vẽ khẩu_trang lại tưởng 1 con mắt emoji_cuoi,Other,0
có đứa nào đéo giật_mình như tao không_emoji_vui,Enjoyment,0
"băng băng cái lol , chưa_đóng vào mặt nhau là may rồi",Anger,4
"ôi mệt quá , một ngày buồn_tẻ",Sadness,2
bố đi đường mà sợ quá,Fear,1
bác_sĩ mất dạy,Anger,4
diss giật hết cả mình . emoji_vui,Fear,1
có_lẽ vì_vậy nên moi thứ trở_nên thật khó_khăn lúc này emoji_buon,Sadness,2
bà đã được sống 1 kiếp người hạnh_phúc . mấy_ai có được điều đó . ngưỡng_mộ tình_yêu ông dành cho bà .,Enjoyment,0
sau khi có vợ anh per đã có đồ giả gái xinh và tinh_tế hơn,Enjoyment,0
"per đi coi với tao , phim này hay nhất_định phải coi",Enjoyment,0
đứng trước mặt nó tụt quần ra auto hết giận,Enjoyment,0
haha đây là cổng chợ này ? ?,Enjoyment,0
giống y con bạn tao emoji_vui mặc_dù nó không_phải gvien hay gì cả nhưng nó khá trẻ trâu,Enjoyment,0
nói_chuyện yêuu thế đmaa ? ?,Enjoyment,0
dễ thương_ghê . thằng quay_phim cũng không_phải dạng vừa emoji_vui,Enjoyment,0
yên_tâm đi ông trời không_bất_công với ai đâu,Other,0
không_biết crush bây_giờ có ở nhà không_nữa emoji_buon emoji_buon emoji_buon emoji_buon,Sadness,2
là khi lạc giữa 1 biển người hôm khai_giảng nhưng vẫn nhìn thấy người đó rõ nhất,Enjoyment,0
đồ điên . quét đéo được thì lấy máy hút bụi hút mẹ hết đi . hét hét cái lol gì emoji_cuoi,Anger,4
"hay ta , hay ta",Enjoyment,0
anh ấy không_thương tao,Sadness,2
mặc cái váy thì phải cạp lông_lách chứ emoji_vui,Other,0
nhìn lũ trẻ yêu nhau mà lòng già_xao xuyến,Sadness,2
ai đã dùng nó bây_giờ phải 50 tuổi rồi,Other,0
"1 đoạn phim được trích ra tuy ngắn nhưng , chứa 1 thông_điệp rất có tầm quan_trọng",Enjoyment,0
quan_trọng là đỉnh .,Enjoyment,0
đem người đó ra biển cho biển cuốn đi lun .. hihii,Enjoyment,0
"hàng_loạt các sai_phạm , vi_phạm diễn ra nhưng bộ giáo_dục chưa_đưa ra được biện_pháp nào có hiệu_quả chấm_dứt các sự_việc tiếp_tục xảy ra",Anger,4
"trách_nhiệm của con mẹ giáo_viên chủ_nhiệm là lớn nhất luôn , đuổi con mẹ nó việc đi",Anger,4
đúng rồi con gái là vậy mà kk,Enjoyment,0
tan_tành rồi .,Sadness,2
chẳng_biết nói gì . xem video em cười suốt mà lòng tôi không_thấy vui_tẹo nào . thương em,Sadness,2
xử tử_hiệu_trưởng . nhà_nước phải làm thẳng tay bọn chó,Anger,4
người ta mất 6 tháng để học lái_xe nhưng lại mất cả đời để học văn_hóa đỗ xe,Disgust,3
ngày_xưa nghèo . có bếp dầu là mai rồi .,Other,0
ba o giâ tao_ti tao_la mày hoa người loa n ngươ i dân . haizz,Sadness,2
hãy tôn_trọng quyền được mưu_cầu hạnh_phúc của mỗi cá_nhân con_người trên thế_giới này đi . đừng kì_thị họ ! tội_lỗi lắm emoji_vui,Other,0
"má .. , ruồi bay qua táp chết tươi_emoji_vui",Enjoyment,0
per cái gì mình không_làm được chứ đánh cái lũ đéo phải người thì mình làm tốt kk,Enjoyment,0
per hèn gì thấy ngày nào anh cũng đi tập emoji_cuoi emoji_cuoi emoji_cuoi,Other,0
ẹc lông chân_mày mọc nhanh_dữ .,Surprise,0
ngày_xưa cũng vui lắm mà giờ mỗi đứa 1 nơi rồi,Sadness,2
per em cười mệt quá emoji_cuoi,Enjoyment,0
móng tay gì mà nhìn vừa bẩn vừa ghê,Disgust,3
"tuổi_thơ của tao sợ nhất là con này , không_làm gì mà nó cũng rược , suốt ngày thì kêu um_sùm",Fear,1
lần sau nhìn thấy hắt nước_tiểu vào người nó ngay,Anger,4
bấy_bề ơi . thật là đáng yêu,Enjoyment,0
tùy người tùy loại,Other,0
cư như kiê_u emoji_cuoi ngươ i yêu,Enjoyment,0
"thằng ác_ôn , con_nhỏ nhờ tháo mạng_nhện thôi mà cũng không_giúp , tao là móc gậy ra thọc .. à nhầm tháo_mạng nhện ra liền ..",Anger,4
"hồi nhỏ đi học phải ngang qua nhà nuôi ngỗng nó dí chạy thấy bà luôn , ngày nào cũng phải cầm cái cây theo . thề luôn tới giờ tao vẫn còn sợ con này khiếp luôn emoji_buon",Fear,1
ăn cơm mốc có khả_năng bị ung_thư gan cao . hít,Sadness,2
bác này nói hay,Enjoyment,0
mới sáng ra,Other,0
"tao có một nỗi sợ khác cũng khá giống con yêu_tinh này đó là con yêu_nghiệt ngan đực 3 con này thành tinh_hung ác_vãi_chưởng , đi ra vườn đéo làm gì nó , nó cũng rượt mình . đậu ! đó là tao kể ngày bé thôi chứ lớn lên tao biết vơ cây củi theo để đi ra vườn rồi emoji_cuoi",Fear,1
cười vãi ? ? ? ? ? ? ? ?_mặt con_bé cũng hài_ghê,Enjoyment,0
"quán này chắc không_đông , đang ăn mà thấy có mà ói",Disgust,3
để nó vậy không_thấy tội sao,Sadness,2
boss dễ_thương hết_sức,Enjoyment,0
nấu thì nấu được mà không_biết có ăn được hay không_thôi,Other,0
"dume tao từ giờ sẽ bỏ thích cái page này huhu , nghiệp mà",Disgust,3
đi xe cao mà ý_thức thấp quá !,Disgust,3
mình đã về đến nhà an_toàn hihi,Enjoyment,0
lông chân mọc nhanh thế emoji_vui,Surprise,0
quá nguy_hiểm .,Fear,1
ơ tao cũng học ông này hướng_dẫn hay sao ấy emoji_vui,Enjoyment,0
và người đó đang ở nơi đâu về với em đi . đợi người rồi người sẽ đến chứ ?,Sadness,2
bảo sao đi đâu ai cũng ghét emoji_cuoi,Disgust,3
đã gọi_là mật mà nó lại công_khai cho mày xem àk,Disgust,3
hahaa ngọt vãii emoji_vui,Enjoyment,0
mơ chứ còn gì nữa,Other,0
per tìm được đối_tượng nào để cầu_hôn chưa_emoji_vui,Enjoyment,0
dự là 30 mà 30 sợ già quá chả_chó nào nó rước . năm nay đã 26 rồi mà vẫn chả_ai thèm yêu,Sadness,2
nhìn em mà thương_roi nói_chuyện mắt,Sadness,2
em vợ tao đấy emoji_vui,Enjoyment,0
"con_bé xinh_nhờ , khốn_nạn là cái thằng edit video_ý emoji_vui",Enjoyment,0
1 lần chơi lớn xem thế_giới có trầm_trồ ? ?,Surprise,0
per phim này thấy trailer hấp_dẫn ghê,Enjoyment,0
ngồi nhìn nó ngủ cũng thấy dth vler đừng nói cười,Enjoyment,0
cái này ghê_vãi mày sẽ hiểu cảm_giác khi nó lún xuống,Fear,1
không_thấy tên phim thì hỏi . ở đấy mà hội người mụ cái đéo gì . đã mất_công ghi tên phim thì ghi cho đàng_hoàng vào . bất_lịch_sự vậy !,Disgust,3
hèn_dì mấy nay đi học thấy bạn của crush nhìn mình cười,Enjoyment,0
wow vừa vẽ đẹp lại còn biết sáng_tạo emoji_vui,Surprise,0
cái này đi móc cống_thốn lắm nè,Other,0
từ nay tôi quết_định nuôi_dưỡng con chim tôi tới già . và tôi mong được unesco công_nhận kỳ_quan thứ 8 của thế_giới,Enjoyment,0
mình chỉ quan_tâm cái quần bạn chồng mặc màu hường hình cô gái ? ? ? ?,Other,0
loại gái già mất dạy chách sao không_dạy được con_cháu .,Disgust,3
chộm chó đâu làm_ăn như céc lúc cần thì chả_thấy đâu,Disgust,3
thông_minh hơi muộn nhưng vẫn kịp thông_minh !,Enjoyment,0
cay_đắng và mặn emoji_buon,Sadness,2
cóc nào tao không_có thích_thầm đứa nào để đứng lại ngắm cái chỗ ngồi nhể,Enjoyment,0
nó sale còn 225 k là được rồi emoji_vui lời quá còn gì . mẹ mày per bình_luận chi để nó nhận ra chi v emoji_cuoi,Anger,4
"loại này nó vậy , y con chó nhà mình .. hjj",Disgust,3
đỉnh vậy luôn hả,Surprise,0
chẳng_những hư xe mà_còn bị phạt nặng nữa,Sadness,2
mẹ còn không_trị được thì ai trị,Other,0
tớ có thấy con ngáo đấy nhưng không_dám lại sờ_huhu tt,Sadness,2
nhờ đó mà tôi cảm_thấy nhẹ_nhõm và trở_nên mạnh_mẽ,Enjoyment,0
tao ấn_tượng anh đầm hường ghê emoji_cuoi,Enjoyment,0
đứa nào bắt_cóc nhỏ này thấy khổ vãi,Other,0
đồng cảnh_ngộ emoji_buon,Sadness,2
ngọt hơn cả người_yêu haa,Enjoyment,0
thôi mấy bác bị dắt mũi rồi . nghe đến đoạn au mobile là biết nó quảng_cáo game trá_hình rồi . như con cặc,Disgust,3
đọc nhiều_chuyện cổ_tích vầy thấy yêu cuộc_sống hẳn emoji_vui,Enjoyment,0
bố mày lậy chúng_mày đấy,Disgust,3
mấy cái video của bọn này đóng hay vãi,Surprise,0
"ở nói_chuyện ngoài hộ không_khì_thị về giới_tính , họ cho được kết_hôn . chứ họ không_kì_thị như ở việt_nam mình hai người kia họ thật dũng_cảm khi sống thật với giới_tính của mình",Enjoyment,0
bà chủ_tịch giả mang thai và cái kết,Other,0
phạt 5 triệu ... pháp_luật vn hay dữ,Disgust,3
phải chi có người để giận mình nhỉ emoji_buon,Sadness,2
"per cần thêm những trái dâu xinh_xắn để ngăn_chặn sự u_ám này , huhu",Sadness,2
lúc nhỏ bà hàng_xóm của tao bị dí chạy tới mức bã phải nhảy xuống sông bã lội trốn mà tụi nó cũng nhảy theo với bã,Enjoyment,0
tao cũng có ghệ và tao cũng dị_ứng mấy trường_hợp mắc mệt giống vậy,Disgust,3
khổ_thân em ý .,Sadness,2
không_những hạnh_phúc tao còn cứng nữa emoji_vui,Enjoyment,0
"chỉ có bọn nông_dân mới nghĩ ra mấy trò này , phải con_cháu nhà tao thì tao đến từng nhà 1 bắt từng thằng ăn cứt",Anger,4
phải là người_yêu tao thì sống_chết tao cũng vả hết,Anger,4
vậy nên phải lịch_sự và thổ_con mẹ nó lộ với cả đống người chúc_mừng mày thành_trò cười thiên_hạ,Disgust,3
đkm lại diễn rồi pr cho game aumobile chứ gì tuổi lol qua mắt tao emoji_cuoi,Enjoyment,0
"cà_phê vần luôn cả với sa_tế , thế_là đủ vị đắng cay",Other,0
chuẩn luôn 3 độc vô_tình bắt_gặp thôi_cơ mà giờ tao bị ăn_bơ rồi emoji_buon,Sadness,2
có ai luyện mới được như mình không_dạ,Enjoyment,0
còn thằng súc_sinh này,Disgust,3
"lớp 1 tao đã bị nằm sấp lên bàn , bị đánh 20 30 cây vì tội viết chữ không_có tiến_bộ mà có dám hó_hé gì đâu . còn học_sinh giờ sắp thành hiệu_trưởng hết rồi",Disgust,3
hết hồn chim én,Fear,1
thật ư,Surprise,0
cô ấy không_yêu tôi,Sadness,2
ừ công_nhận không_có tiền mua,Sadness,2
"xã_hội giờ nguy_hiểm quá . có_khi cái con mẹ kia mới là người có ý_định bắt_cóc trẻ_con ấy chứ , hoặc chỉ một câu trêu đùa quái_ác như_thế cũng đủ mệt",Disgust,3
nó ăn_chay mà,Other,0
trò cười . v,Enjoyment,0
đáng yêu vậy,Enjoyment,0
người ta dùng con kiến_bống . loại có chất_axit có vị chua . chứ đéo ai dùng loại kiến đen cứt trâu này .,Disgust,3
"gặp tao là đéo nói nhìu , lùi xe ra rồ ga tông thẳng vào emoji_vui",Anger,4
phải chi_quán đầu_tư cái máy_hút bụi thì đỡ cho anh ấy quá emoji_cuoi,Other,0
cũng dể_thương đấy chứ,Enjoyment,0
thực_ra ngoài mày nó còn quan_tâm nhiều đứa nữa,Other,0
anh quay_phim giọng hơi cute nhỉ emoji_cuoi emoji_cuoi emoji_cuoi,Surprise,0
cảm_ơn bố !,Enjoyment,0
nhìn đã thật,Enjoyment,0
niềm vui của cđv việt_nam đây mà,Enjoyment,0
tao thích vẽ . nhưng vẽ xấu từ đó chuyển hẳn sang mê chụp ảnh .,Enjoyment,0
tạm_biệt ông emoji_buon,Sadness,2
khoảnh_khắc nhận ra đồng_nghiệp mình is the best emoji_vui nguyễn_ngọc_thái hiền,Enjoyment,0
tao cười tao ỉa emoji_cuoi hâhhahhahahahaha,Enjoyment,0
nên là có sắp chết tao cũng đéo kể cho ai nghe emoji_vui,Other,0
tiền nhiều để làm_gì ? để rồi lại chia ly,Sadness,2
"và nếu có 1 người_yêu mà chơi với nhiều thằng con trai thì hãy cẩn_thận , mày có_thể bị cắm sừng khi nào không_hay",Other,0
thường thôi . hồi nhỏ tao nấu kiểu này hoài . nấu lun cái bếp nhà chú,Enjoyment,0
xỉu lên xỉu xuống emoji_buon,Sadness,2
để anh dẫn em đi ăn_nha emoji_vui,Enjoyment,0
tao đã khóc khi xem phim nay,Sadness,2
cây như cổ_chân thì sao_năng xuất . cại đủ tiền công không_mà chia,Other,0
per một thời của chậy em mình nè,Other,0
thiệt là dễ_thương quá đi mất .,Enjoyment,0
nhảy không_lo nhảy còn quay quay,Disgust,3
giòi béo lắm emoji_vui,Enjoyment,0
"á_đù , per ạ , chị_em mềnh vừa làm thế",Surprise,0
per trung_thu đéo liên_quan đến việc có gấu cho lắm bạn nhể .... nhưng_mà lễ gì cũng thế thì đúng là bất_hạnh mà huhu,Sadness,2
per cản tao không_tao chửi thề,Anger,4
quả drama khi nàng say_giấc là minh_chứng rõ_ràng nhất cho ví_dụ trên emoji_cuoi,Other,0
tao hiểu rất rõ cảm_giác của em ấy ....,Sadness,2
"tình đến , rồi tình cũng đii emoji_vui emoji_vui emoji_vui",Sadness,2
gớm không_tưởng,Disgust,3
"phục nhất ông cưa móng tay mà không_cần đeo bao_tay và đeo khẩu_trang , gặp tao là tao ói ngay từ khi thấy bộ móng này rồi .",Disgust,3
cảnh này gặp cũng nhiều rồi . dọn thấy mẹ luôn mà vẫn không_sạch được . tức ghê . ức_chế lắm . 1 lần thì không_sao mà cả chục lần như_vậy,Anger,4
vô nhân_đạo thật emoji_buon,Disgust,3
"ngày em đến anh mất_ngủ suốt mấy đêm vì vui_sướng , ngày em nói dừng lại nước_mắt anh rơi trên đường chạy về nhà",Sadness,2
có gì đâu bé vậy mới cool đó anh thích,Enjoyment,0
tuổi_thơ không_có gì đặc_biệt cho đến khi năm lớp 12 . nhớ cả cuộc_đời cậu bạn ngồi cạnh,Other,0
tính giải_trí cao_vãi,Enjoyment,0
cơm từ_thiện không_tốn tiền nên không_biết quí_trọng ý_thức còn thấp quá,Disgust,3
"cảm_ơn cha_mẹ đã cho mình hình_hài này , xin được khôn_ngoan để đừng làm đau người khác",Enjoyment,0
hóa ra là vậy à emoji_cuoi,Surprise,0
"tao cũng nghĩ là vậy , chứ ở đó mà mừng rồi nuôi đẻ . bố mày không_thích ăn_sừng , phắng",Anger,4
có quá nhiều lựa_chọn trong một tháng,Other,0
nguyễn_thị hồng_phấn cũng may tao không_thấy cặp nao hêtd,Sadness,2
nói_thẳng mẹ nó là con kia gato cho xem emoji_vui,Other,0
"đi qua hết rồi mới nhận ra cấp 3 là thời tươi_đẹp nhất của mình . ở đó có bố_mẹ luôn đồng_hành , có tình_yêu học_trò , có nghịch_ngợm trốn_học ... là quãng thời_gian hồn_nhiên vui_vẻ nhất .",Enjoyment,0
bếp củi emoji_cuoi emoji_cuoi emoji_cuoi,Enjoyment,0
emoji_buon tội bé,Sadness,2
ăn cho mập_thây để chết phải đặt hòm riêng chứ bắt_trộm hay cướp thì làm được gì .,Disgust,3
"đéo biết ong rừng thật không_nhưng đổ mà bắt em dọn thế à , xách mông xuống dọn đi .",Anger,4
tuổi_trẻ tài cao mà emoji_vui,Enjoyment,0
quay lip_miệng chửi liên_tục còn đăng_mạng cho mọi người biết ... hài .,Disgust,3
sg chưa_mưa đâu,Other,0
per cho vợ đi cầu này để giảm cân nhá,Enjoyment,0
tôi đoán rằng ông này đã lấy vợ trước khi lên mặt trăng,Other,0
chả_hiểu sao có phẫn_nộ emoji_vui,Disgust,3
"nhìn cảnh 2 bố_con hôn từ_biệt , em bé cũng rướn_mặt theo hôn_bố mà chảy nước_mắt , em bé như_thế chắc không_biết diễn , đúng là cảnh đẹp quá",Sadness,2
per học_hỏi nhé kk,Other,0
cái đoạn nướng cháy pizza để phốt công_nhận là chuyên_nghiệp thật emoji_vui,Enjoyment,0
mỗi lần chạy xe ngang kv bình_chánh là cảm_thấy sợ,Fear,1
"ở trên mái sảnh nhà tao cũng có một con nhện mẹ tao bảo tao giết nó hờ_hờ , còn bố tao bảo_mày cứ đi qua là nó rơi giữa đầu",Fear,1
2 năm xa nhà rồi tao đéo được đi ? ? ? ? . năm sau nhất_định đi,Other,0
có những ngày làm tới đâu là sai tới đó emoji_vui muốn tát vào mặt hết_sức,Sadness,2
"per nhớ ngày_tháng cta bên nhau ghê , giờ thì chả_còn gì",Sadness,2
thành_phần_nào cũng có emoji_vui ăn_hiếp con gái emoji_vui_thua cả súc_sinh,Disgust,3
lò vi_sóng đó hjhj,Enjoyment,0
đàn_bà ở nhà thế kia không_sợ ngoại_tình à ? tao đang lo vợ tao đây này,Fear,1
không_nỡ bỏ đi mấy thứ linh_tinh_thời đi học,Other,0
chưa_cho ba_mẹ được gì . vậy có quyền gì mà đòi phàn_nàn về những thứ ba_mẹ đã rành_rụng bao_nhiêu năm để lại cho mình,Sadness,2
per đợt này tao đi học full . nên để mấy hnua rảnh tao alo nha emoji_cuoi emoji_cuoi,Other,0
"từ nhỏ tới lớn đi học toàn ngồi chung bàn với nam , toàn phải đương_đầu chiến_đấu với vạch phấn chia đôi bàn_ghế .",Enjoyment,0
mày là con_bé gái bố_mày là con lợn nhé . khi con nào còn mở mồm bảo chỉ theo bạn bỏ zai thì bị ăn_vả thế đấy emoji_cuoi,Disgust,3
cái thứ súc_vật,Disgust,3
"đúng rồi , vàng là phải vàng mới có giá_trị , vàng trắng làm_gì có giá_trị",Sadness,2
thế mới làm nên_nghiệp lớn chứ,Enjoyment,0
ảo_tưởng là đây emoji_buon,Disgust,3
đúng bài của người việt thường dùng rồi,Other,0
họ đã cho ta có_mặt ở trên cột đời này rồi còn gì bằng nữa chứ,Enjoyment,0
cả tết được có 400 k emoji_buon,Sadness,2
bắt được rồi cho bọn này đi chết đi để chúng_nó sốn rồi làm hại người khác,Anger,4
rất tiếc cho 1 bài quyền,Sadness,2
wao đáng yêuc vậy chời ơii,Surprise,0
có đéo gì mà kì_thích thì đi . xin_lỗi hơi thô_emoji_vui,Disgust,3
đề_kháng của tao với mọi loại thính rồi cơ_emoji_cuoi,Enjoyment,0
ý anh là đụ em xong có con rồi ct á_hả vậy,Disgust,3
vậy là xử xong rồi đó hả ? nhanh dữ,Surprise,0
tao cũng muốn học vẽ lắm emoji_buon_cơ mà không_có điều_kiện để đi học,Sadness,2
má nhay emoji_vui,Disgust,3
hiền thì hiền_thật đấy cơ_mà quá ngưỡng_nhịn thì bùng_phát thôi emoji_vui,Other,0
bất_hạnh_qué gì . trung_thu thì liên_quan mẹ gì đến việc có gấu . tào_lao,Disgust,3
sao lại ga lăng_z được ta,Surprise,0
per chịu_khó đọc trong này cũng được phết,Other,0
đây là một câu_chuyện buồn,Sadness,2
"bọn tàu copy kịch_bản phương_tây , chắc_bữa sau lại có mấy video make in việt_nam như_vậy và kịch_bản tàu haha",Enjoyment,0
"giờ nghĩ_lại mới thấy vui_thế , đến nay bạn_bè lập gia_đình cả rồi emoji_buon",Sadness,2
"có_thể trường_học không_trọng_dụng bác ý nên bác_ý không_muốn về , ý_kiến riêng em",Other,0
chuyên_mục chọc chó cực mạnh à nhầm mèo kk,Enjoyment,0
giọng mình thì như tát vào mặt người nghe,Disgust,3
per tạo hóa thật đáng sợ emoji_vui,Fear,1
hôm_nay bạn đi làm . tiền đâu mà mua,Sadness,2
"không_được uống đã_đành , ngồi dọn sấp mặt luôn , như con_cáo và chùm nho xanh per",Sadness,2
sai còn không_biết sửa còn thích giận lại . cút hộ,Anger,4
"đau_lòng vãi . cứ tưởng là đùa . ai_ngờ , bồ nhau thiệt . ơ . tớ có sừng không",Sadness,2
vừa thấy thương vừa buồn_cười vãi_emoji_vui,Enjoyment,0
sở khanh như boss chịu liền .. đẹp_trai quá trời ui,Enjoyment,0
chính những người như_thế họ rất cẩn_trọng khi bật xi_nhan đấy,Fear,1
video này là để động_viên mấy đứa chán_đời và cuộc_sống này rất nhạt ahihi,Disgust,3
chiều mưa hứa_tự sẽ tự đi mua đôi giầy mới emoji_cuoi,Enjoyment,0
"cái khó_ló_cái_khôn , yên_tâm",Other,0
à thì_ra là vậy,Surprise,0
ng anh_em thiện_lành đã rời việt_nam . sayy goodbye,Other,0
cần lắm những sẻ_chia . cần lắm những thấu_hiểu,Sadness,2
người ta chỉ hỏi hàng tháng bạn kiếm được bao_nhiêu tiền chứ không_hỏi công_việc của bạn có làm cho bạn mệt nhiều không,Other,0
khi em nói 2 chữ muốn dừng là nước_mắt không_bao_giờ ngưng . . . đau,Sadness,2
ngưỡng_mộ anh_chị,Enjoyment,0
t còn được nghỉ 1 tuần emoji_vui,Enjoyment,0
t cười đấy . thế tao thả haha nhé . mà dume đấy là cháu tao . thế bây_giờ không_có icon vừa khóc vừa cười à,Enjoyment,0
"lúc trước tao đi thực_tập cũng có làm bên dọn phòng được 1 tháng . đm kinh_khủng lắm tụi bay , rác xả thì đéo nói nha , bcs vứt ngay trên giường emoji_vui dume sao chơi xong đéo nhét vào mồm ăn mẹ đi cho rồi",Disgust,3
tao coi xong tao khóc .,Sadness,2
thà chia_tay rồi ghét hận nhau còn hơn là đang lúc dang_dở thì mất nhau emoji_vui,Sadness,2
xem mà rơi nói_chuyện mắt khi ăn luôn emoji_buon emoji_buon emoji_buon,Sadness,2
đồng nai mùa chim nướng yên xe kaka,Enjoyment,0
con nhà người ta kbh làm bố_mẹ mình thất_vọng,Other,0
ờ công_nhận đáng sợ vãi emoji_buon,Fear,1
khiếp quá đi tụi con ơi,Fear,1
có ai thấy tội ông_cụ như tao không_emoji_buon,Sadness,2
tao thề từ giờ đến cuối năm mà tao không_lấy được vợ thì tao quyết_định sag năm lấy emoji_vui,Enjoyment,0
"per chị mày đánh_lộn từ đầu làng đến cuối xóm thì cần chi bọn con trai , nhưng nhìn bọn nó dễ_thương hén",Enjoyment,0
có_thể cấp phép những phim bạo_lực . kinh_dị nước_ngoài . nhưng động phim nhà có chút bạo_lực và máu_me là cấm vì không_đúng thuần_phong mỹ_tục,Disgust,3
hãm lol thật_sự,Anger,4
giống y_bố tao ngoa khủng_khiếp nhưng_mà nhà tao vui_vãi_chưởng . điểm danh nhà bố học giỏi_văn nào,Enjoyment,0
anh nói vậy với em lần nửa đi,Other,0
không_hiểu sao xem đi xem_lại bao_nhiêu lần vẫn khóc được,Sadness,2
ad hỏi thế_này thì có khác gì giữa thịt lợn và thịt chó ăn món nào ?_ad hỏi thế_này là hơi coi_thường chị_em đó,Anger,4
cục súc thiệt_emoji_vui,Disgust,3
đợi chắc sang kiếp sau luôn quá emoji_cuoi,Other,0
lấy ống hút mỗi đứa cắm xuống mà hút thôi emoji_vui,Enjoyment,0
có ý_định nhai hết hộp kẹo điểm_danh đi,Other,0
nam thần tự_do,Other,0
chúng_ta mất 3 s để nói yêu nhau vài 30 p để phịch nhau phải không_nào,Enjoyment,0
ông thầy cục súc vãi lol,Disgust,3
vâng em gặp anh rồi mà giờ_đây em vẫn cô_đơn đi lang_thang tìm những thứ vô_nghĩa lấp vào nỗi cô_đơn ấy,Sadness,2
câu_chuyện y_nghi anh qua,Enjoyment,0
ngày_xưa mìh cũng thế . dume thấy mấy ông đứng đầu đường nhòm_nhòm cũng phải lượn qua cái emoji_vui,Enjoyment,0
đúng là vàng trắng .. nhưng_mà trắng_tay emoji_buon,Sadness,2
"m ngon m giết tao luôn đi , má mày",Anger,4
lâu quá rồi mới nghe lại bài này . từ lúc ctay_mối tình đầu emoji_buon,Sadness,2
khổ_tâm ghê_emoji_cuoi,Sadness,2
những điều đơn_giản nhưng thật hạnh_phúc,Enjoyment,0
cũng muốn đi xem lắm emoji_buon,Sadness,2
"kết_hôn xong , anh thuê người giết cô để lấy tiền bảo_hiểm",Other,0
gia_đình ổn tình_yêu không_có thì cần gì động_lực ... kaka,Enjoyment,0
anh tây này đáng yêu chết được cứ tiếng tuy hòa_phú yên_ma học đi nhá,Enjoyment,0
con mèo cục_xúc nhất năm 3,Disgust,3
xem phim cười gần chết . mà thích cái bạn ma_nữ hơn là na_bong,Enjoyment,0
đằng này họ nghĩ tao muốn giết người rồi chửi tao bị thần_kinh rồi cho trôi qua mọi chuyện,Sadness,2
chờ mãi đéo thấy làm gì chán,Anger,4
ngồi cười như dại emoji_cuoi,Enjoyment,0
"chó đẻ , khốn_nạn vậy_mà cũng đi rao_giảng đạo_đức , đi dạy người khác emoji_buon emoji_buon emoji_buon emoji_buon",Anger,4
đm nhậu say gặp cái cầu lol này chắc tao nằm xuống mẹ cho rồi per,Fear,1
"nắng_nóng bỏ moẹ , dội chút cho mát thôi mà",Other,0
phải biết thiên_thời địa_lợi nhân hòa,Other,0
per mẹ copy đây làm bố_tưởng nay mày hiểu đời văn_chương hơn,Disgust,3
thân_thiện thôi mà cứ ảo_tưởng được thích à ?,Disgust,3
bọn chưa_tiến hóa hết này ... cặn bã,Disgust,3
per mày này . nhưng_mà lúc già sắp chết,Sadness,2
vl emoji_vui còn đút tay túi áo ? ?,Surprise,0
"thôi không_níu giữ kí_ức xa_vời , và chẳng_bao_giờ thuộc về nơi em",Sadness,2
chúng_mày bị điên à,Disgust,3
"có người cả đời ăn_không hết lại có người thiếu ăn , thiếu mặc nhìn chán_đời vãi",Sadness,2
đố ai định_nghĩa được tình_yêu . có khó gì đâu một buổi chiều . kề dao vào cổ_yêu không_hả . gật đầu lia_lịa thế_là yêu,Enjoyment,0
page bị hack rồi . video hay nhất mình từg xem,Enjoyment,0
"mưa rồi , chỗ tao đang mưa",Other,0
per mày cũng có tình_yêu từ nơi đây phải không ?,Other,0
nhìn kinh,Disgust,3
nhìn lại nhớ một thời oanh_liệt nay còn đâu đề_bao năm vẫn như_vậy . vẫn thích nhất là câu 4 hình học emoji_vui,Enjoyment,0
"mà hiệu_quả bất_ngờ quá , quá đỉnh .",Enjoyment,0
ủa rồi ra nắm xe_tải kéo ra như kéo xe đồ_chơi dị_ba,Other,0
từ bé đến giờ mình chưa_bao_giờ xếp được 1 cái rubic nào thế mà cu nhóc kia xếp xong trong vài giây ! xấu_hổ quá,Sadness,2
quá kinh_ngạc phá được mọi loại khóa luôn,Surprise,0
phòng gym nơi những thằng gay_yêu nhau và thông_đít nhau v,Disgust,3
mười mấy năm nữa tao cũng sẽ đạt kỉ_lục thôi emoji_cuoi emoji_cuoi emoji_cuoi,Enjoyment,0
anh thích em rồi đấy emoji_cuoi,Enjoyment,0
thay_đổi cái đau_đầu luôn,Other,0
cũng chả_biết tại_sao luôn ...,Other,0
có cả chiêu của per trong đấu trường thú nè emoji_vui,Enjoyment,0
đi chơi mẹ tao cũng không_tha cho tao emoji_vui chửi tao làm mất buổi vui luôn á,Sadness,2
nhớ lúc trước tao cũng có học quyền và múa tứ_linh đao bay thẳng vào trán . emoji_vui,Sadness,2
per đúng là hồi tđ vẫn một rổ cười mỗi ngày ha emoji_cuoi,Enjoyment,0
số tiền ấy làm_phước cho bao_nhiêu người . đúng la_dư_thừa,Disgust,3
có đồng_nghiệp đáng yêuc thì sếp có khó tánh mình vẫn cảm_thấy vui rất nhiều . nhớ những ngày_tháng đéo thèm tăng ca đi ăn bất_chấp,Enjoyment,0
thế thì nó lại tốt quá,Enjoyment,0
má tao coi mà chóng_mặt ... cầu này rồi dành cho chân ngắn như tao chắc,Other,0
mặt dày lại ôm cứng_ngắt cho chị .,Enjoyment,0
per bếp lò_xo huyền_thoại của ngoại hay nấu nè,Enjoyment,0
muốn được đi một lần,Enjoyment,0
bo n na_y cho đi tu_hê tao,Anger,4
thì ra nó là như này à,Surprise,0
đang họp nhớ gì không_nhớ nhớ cái bếp,Other,0
hay cực,Enjoyment,0
dume tao vừa mất 2 phút nhãm nhất cuộc_đời tao,Anger,4
per hãy gặp nhau nói bằng mồm từ tỏ_tình đến chia_tay để không_bị cap gửi cho hội chị_em emoji_cuoi,Disgust,3
có sáng_tạo emoji_vui,Enjoyment,0
khi bạn sai mà không_muốn đền thì cách tốt nhất nên dọa đối_thủ thật mạnh vào,Other,0
"tao thì đéo phân_biệt đâu là gà đâu là vịt , đâu là nhãn đâu là vải . ? ? ? ? ? ? ? ?",Other,0
mắt 2 mí dễ_thương quá,Enjoyment,0
s mà nằm viện mà chị đẹp quá vậy,Surprise,0
huhu đéo muốn đi học đâu,Sadness,2
thực_ra chủ nó cũng bẩn_vãi emoji_vui_vầy quá kinh_dị rồi emoji_vui,Fear,1
hiểu lầm_chút chút,Other,0
lại thanh_niên quay_phim khúc cuối ra hỏi chị ơi chị có sao không,Other,0
hay à ngheng,Enjoyment,0
ngày ấy chỉ vì quá ngu_ngơ mà để lạc mất .,Sadness,2
"giỏi mà , đúng là thằng tây duy_nhất ở vn học tiếng việt mà giọng tuy hòa giỏi",Enjoyment,0
t thua cả đứa con_nít nữa ám_ảnh vãi,Sadness,2
eo hiểu người ta đỗ lòng_đường vỉa_hè thì rộng . chỉ lên nhắc người ta đỗ lùi xuống không_ngã 3 thôi chứ đường của các bà đâu . có thế cũng đưa lên . không_ai bênh cái này đâu ._ích kỉ nó vừa thôi,Anger,4
per bảo này mày không_được đi chơi đêm nhé,Other,0
chủ như này lại chăm làm vãi emoji_cuoi,Enjoyment,0
"ngày đéo nào cũng đòi người_yêu , sinh_nhật bác hồ hay quốc_khánh cũng đéo thấy tha",Anger,4
móe . con nhện . cười đau cả ruột .,Enjoyment,0
coi mà hồi_hộp vãi emoji_cuoi emoji_cuoi emoji_cuoi ... nghỉ tới khúc nó nhảy trượt rớt xún chắc_bó chửi banh nóc ... v,Enjoyment,0
trai đẹp nó yêu nhâu hết rồi các chế ơi ... tranh_thủ quơ được thằng nào quơ đi không_thì hết đó kk,Enjoyment,0
dễ_thương hết_sức ? ?,Enjoyment,0
ô ông này vẫn còn làm video à v,Surprise,0
bố_mẹ cho ta đx tồn_tại trên cuộc_đời này biết nhận_thức thì tự đi lên từ đôi tay của mình nhé,Enjoyment,0
anh chơi ác quá,Disgust,3
phần còn lại là nỗi nhớ và những lần thở_dài emoji_buon,Sadness,2
chắc tao đấm chết mẹ nó quá,Anger,4
per mình đi xem phim này nha em ơi,Enjoyment,0
từ ngày ra trường là chưa_về,Other,0
"mọe , chúng_mày có thôi đi không ? emoji_vui",Anger,4
bố khỉ chó chứ kphai người .,Disgust,3
1 lũ hèn_bỏ mẹ mấy đứa nó cũng thế,Disgust,3
per thay_vì đọc chuyện ma thì mày có_thể coi hết video này emoji_vui,Other,0
cay vãi lồn,Anger,4
per wow emoji_cuoi_cảnh bắt nhện_kịch tính vãi,Surprise,0
per đáng sợ quá,Fear,1
"per lắp đi , chứ tốn tiền điện_thoại lắm",Other,0
viện nào nhìn đẹp thế,Surprise,0
định share cho mấy bạn trong list fr thêm động_lực mà đọc bình_luận xong đến tao còn thấy tụt mood,Disgust,3
làm nghề không_có tâm_emoji_vui,Disgust,3
"xong vài tháng sau thằng bạn chung lớp chửi mình chảnh , bố_đời .",Disgust,3
việt_nam học_tây chỗ này đây_trách gì giờ toàn cô trò rủ nhau vào nhà_nghỉ,Disgust,3
giọng nghe hay quá,Surprise,0
có tiền mua cả cây nhỉ,Surprise,0
những người nhập cho các chau ăn thịt bẩn đó họ có còn là con_người nũa không ? vì tiền mà họ để lương tao bị cho cắm mất rồi . lũ khốn_nạn,Anger,4
trước gầy giả gái xinh . giờ béo lên ông mặc cái váy như tra_tấn cái váy .,Disgust,3
nghe lại mà nhớ những ngày_tháng say đắm trong nỗi cô_đơn,Sadness,2
đáng yêu_thế bà đẹp gê,Enjoyment,0
nhìn đẹp quá đi mất,Enjoyment,0
nhói lòng lớp tôi,Sadness,2
khổ thân em nó . ? ?,Sadness,2
"sau khi kết_hôn , anh sẽ thuê người giết cô để hưởng trọn tiền bảo_hiểm",Fear,1
giá mà thằng lái_xe ngồi trong xe oto trông xe thì tốt biết_mấy !,Other,0
dẻo phết ... nhưng_mà cái gì dẻo quá cũng không_tốt ...,Other,0
"năm nào bố tao cũng đi , năm nào cũng về kể là đông quá cả tiếng mới nhích được 10 m mà năm sau vẫn cứ đúng ngày bố tao lại đi vậy đó emoji_cuoi",Enjoyment,0
per câu_chuyện này thú_vị nhỉ ?,Enjoyment,0
"nó dựng lên nó quay đấy , nghe giọng thằng quay như giọng 2 con bede hôm bữa đánh nhau ở quán nước",Disgust,3
cưng hết phần thiên_hạ,Enjoyment,0
cười vui_vãi,Enjoyment,0
có mà ngược_lại ... thời_thế thay_đổi rồi,Other,0
tài_sản thời bao_cấp ...,Other,0
tưởng_tượng như vừa lắp_não thì lại rớt ... đại_loại như_vậy đó,Other,0
hay lắm chàng trai trẻ,Enjoyment,0
nhưng những người làm trong các ngành này không_mấy_ai có nhiều nhà to và nhiều đất_đai,Other,0
ăn gì khôn_thế,Surprise,0
tiên_sư bố mày vỡ màn_hình tao rồu,Anger,4
áo xinh_thế .. cho tớ mượn đi tiệc nhé !,Enjoyment,0
per hả_dạ ghê_mày !,Enjoyment,0
mày làm tao buồn đó per ? ?,Sadness,2
ai cho xin bài nhạc helo đi emoji_vui,Other,0
giá như nơi nào cũng có 1 đội như_vậy thì những người đi khuya xe hư đỡ khổ biết_bao . thật là hành_động đáng chia_sẻ,Enjoyment,0
chuẩn_bị kiểm_tra hình_huhu emoji_buon,Sadness,2
em vẫn nhớ cái bếp này kk,Enjoyment,0
bọn này phải cho nó thưởng_thức dống như nó đã làm với cây bao_nhiêu cây thì bấy_nhiêu mũi,Anger,4
7 năm rồi . nhanh quá,Surprise,0
rụng tim emoji_buon,Sadness,2
admin đăng mà không_nghi_nguồn ở đâu ra đúng là ăn_cắp bản_quyền,Disgust,3
"nhìn là biết cái quả này fa lâu lắm rồi này , cũng may chưa_đóng emoji_cuoi",Disgust,3
chưa_chi đã để thua từ hình_ảnh này . thua,Disgust,3
một cái vẫy tay đầy luyến_tiếc từ cuộc họp tới đất_nước việt_nam,Sadness,2
cũng đừng nghĩ là những người ân_cần nhẹ_nhàng với mày là tốt . xã_hội bây_giờ không_tin bố_con thằng nào được,Other,0
mỉa mai_cực mạnh emoji_cuoi,Enjoyment,0
chưa_bao_giờ bắn trúng,Sadness,2
trừ chết ra thì mọi chuyện đều có_thể giải_quyết,Other,0
emoji_vui thanh_xuân của em đã từng có khoảng time tươi đẹp,Enjoyment,0
"đánh bố mày như này xem , bố túm được 1 con bố xiên chết cụ mày",Anger,4
mai tao cũng đi ship mới được . có bài này áp_dụng luôn .,Enjoyment,0
vũ_khí_sinh_học này mạnh thật !,Surprise,0
"chồng biết không , hihi",Enjoyment,0
per vợ thích bếp ga mini hay loại bếp ga đôi nào emoji_cuoi emoji_cuoi emoji_cuoi emoji_cuoi,Other,0
giả_sử mà bị thằng nào bỏ_túi cả lọ nó có chửi không_nhỉ,Other,0
"mỗi lần mẹ tao sai tao nhóm lửa , chắc tao nhóm hết 40 tờ giấy , và 1 tiếng sau mớii có lửa",Other,0
giờ mới biết emoji_cuoi,Enjoyment,0
per hôm_nay tới lượt đứa nào nấu cơm,Other,0
dm kiện cho đi tù chết mẹ đi,Anger,4
mặt con ngáo còn hiền hơn con đứng trên cây cột,Disgust,3
chả_bù cho con ml này . đợi mãi không_thấy nó về . hy_vọng em không_bị bọn xấu bắt lên dĩa là tốt rồi emoji_buon,Sadness,2
ng ta cuối_cùng thì cũng được còn tôi thì never emoji_buon,Sadness,2
dễ thương_vãi emoji_cuoi,Enjoyment,0
cô chủ_nhiệm óc chó quá,Disgust,3
mấy thằng vô học,Disgust,3
chuột nhìn thấy mèo sợ là đúng rồi emoji_cuoi,Enjoyment,0
hè về chỉ thích ăn cái này .,Enjoyment,0
per trời đựu cầu_hôn nó phải thế . đã đẹp_trai còn có não,Enjoyment,0
qua câu_chuyện vừa bịa ra tôi hi_vọng các bạn sẽ có cái nhìn thoáng hơn về csgt việt_nam emoji_cuoi emoji_cuoi,Enjoyment,0
chúng_mày ngồi canh đó cho tao . có con muỗi nào hó hé là ăn_liền ? ?,Other,0
"thứ yêu_nghiệt , nhỏ g vẫn sợ nó nhất sau mấy con lắm chân_t . t",Fear,1
quá ý_nghĩa . mình trẻ mà chắc gì làm được vậy,Sadness,2
"thôi , bớt bớt đi không_có ngày lại thiệt_thân , nguyên 1 cái vỉa_hè rộng thênh_thang còn lắm chuyện , lúc nó đánh cho lại bảo bạo_lực với nữ",Disgust,3
trời ơi . dễ_thương quá luôn,Enjoyment,0
cho hỏi cây cầu này ở đâu vậy ... ai biết chỉ dùm tôi cảm_ơn !_emoji_cuoi,Other,0
đcm_ngôn_tình vãii,Enjoyment,0
rồi đất_nước mình sẽ đi về đâu .,Sadness,2
thời_buổi này là thằng con trai trước_hết phải có khả_năng kinh_tế phải nuôi được bố_mẹ rồi hãy tính đến chuyện kết_hôn,Other,0
"chịu hay không_không quan_trọng , quan_trọng là không_có ai lấy",Sadness,2
"có hay không_là ở nơi ta , đời không_thú_vị nhưng ta lại thấy thú_vị khi được sống ở đời",Other,0
ngoài những bài chia_tay vì lí_do vớ vẩn ra thì neu cũng có những bài đăng đọc rồi còn nhớ mãi .,Sadness,2
dm . nó xấu cả tính lẫn nết_bố đẻ . nó còn không_chịu . được thằng nào bốc nó đi cái,Disgust,3
không_thuộc kịch_bản chuẩn mẹ rồi,Other,0
khi đời quá mệt_mỏi . đi tìm 1 chút drama,Other,0
chỉ là nóng quá tắm cho mát thôi mà,Other,0
cho em xin tên facebook của c trong video để khi buồn em có thứ mua vui ạ . cám_ơn mọi người,Enjoyment,0
per bị chữi thì ráng nghe mà vui đi nghe . cứ như nghe hát miễn_phí còn bị chữi là còn hạnh_phúc . nguoi ngoài ngọt_ngào nhưng chắc gì đã thật lòng đâu,Enjoyment,0
trời ơi ai nuôi chó mà để nó tội thế kia . đéo có trách_nhiệm,Disgust,3
"yêu nhau lắm cắn nhau đau , tao thấy dòng_chảy tiền_kiếp của 2 đứa mày là vậy",Disgust,3
"mày đấy , đừng làm tao đau_đầu thêm",Disgust,3
thật không_thể tin được,Surprise,0
có đứa nào vừa xem vừa sờ_tai mình không ?_sợ vãi,Fear,1
truyện thật đây này . đang đi bình_thường qua đoạn cầu giấy anh csgt thổi lại gạt chân chống lên em . anh nhắc nhỉ thôi . đi_đi emoji_cuoi hú_hồn,Enjoyment,0
nhìn như nó muốn dẫn nhỏ đó đi đâu ấy,Other,0
ổng đang chán ai tán yêuc luôn emoji_cuoi emoji_cuoi,Enjoyment,0
camry nhập thường cán_bộ . mà cán_bộ anh_em hiểu rồi,Disgust,3
"các chuỵ của iemm hoang_sury lưu_cẩm_ly vui quá cơ , ghét nhau lắm có yêu_thương gì đâu",Enjoyment,0
"cưng vậy trời , anh cho em xin ảnh nha ạ",Enjoyment,0
"bà này đéo gặp mình nhỉ , đọ luôn",Other,0
"tao nghĩ chắc do kiếp trước mình tu chưa_thành_tâm nên kiếp này cuộc_đời tao như 1 trò_đùa , tạo hóa ghẻ_lạnh . chán đời emoji_vui",Sadness,2
biết đâu nó không_thích bạn mà chỉ tiếp_cận bạn vì đã lỡ yêu thằng bạn thân của bạn,Disgust,3
thông_minh v,Enjoyment,0
bọn này không_phải là người . cho đi tù hết . chỉ sợ nó có tiền nó bịt miệng thôi,Anger,4
"ôi đời vẫn là chịu không_nỗi đời mà , chán",Sadness,2
là crush ông nào thì chạy ra bế vào nhà dễ_dàng có người_yêu emoji_vui,Enjoyment,0
per thế lol nào lần nào đến fucklong uống cũng gặp ex đồng_nghiệp đứng cửa chào_tụt mút đéo muốn uống nữa emoji_vui,Anger,4
"nên nhớ chẳng_có cơn giận nào chẳng_bùng_nỗ , chỉ là nó đang bị nén lại .",Other,0
"bạn này không_biết cách dọn phòng rồi , phải áp_dụng hóa học vào đây nhé , mút sẽ bị tan chảy khi tẩm xăng vào , cho_nên bạn cần phải đổ xăng vào mút , việc tiếp_theo là ta cần 1 ngọn lửa",Disgust,3
người yêu tao bỏ tao rồi emoji_buon,Sadness,2
giờ còn lo_học sánh_vai với cường_quốc 5 châu_ai lại đi cưới chồng bây_giờ emoji_vui,Enjoyment,0
đâu phải ai muốn thích tao cũng được đâu,Enjoyment,0
hạnh_phúc thật emoji_vui,Enjoyment,0
bọn này lại muốn nổi rồi !,Other,0
ờ thì 1 con ngựa ăn cả tàu bỏ cỏ vì con ngựa nó ăn hết cỏ rồi emoji_cuoi emoji_cuoi emoji_cuoi,Other,0
nó hiền_thôi chứ nó hung lại đấm cho không_trượt phát_lào .,Other,0
ủa chuyển_biến bất_ngờ vậy,Surprise,0
"quỳ rồi chết ông chết bà chúng_mày à ? tao hồi xưa đi học còn ăn cây như cơm_bữa , véo_tai mỗi ngày ? dume_học thì ngu_phá thì giỏi bắt_quỳ là nhẹ rồi ở đó mà gáy con cặc",Anger,4
dume đáng yêu_vãi để tao vào chăm_mày,Other,0
nghe tiếng ăn_tợp tợp ám_ảnh quá,Disgust,3
thử im_lặng xem như nào,Other,0
thôi mình nói đùa đấy emoji_buon,Sadness,2
ít bị trầm_cảm với vui_vẻ đâu không_thấu chứ ế sấp_mặt vì không_giống gái là có à,Disgust,3
bạn này yêu_bố nhiều lắm mới vui vì bị bố_mắng . chứ ai đời bị la_mắng mà kể lại cho người khác nghe mà vui đến thế,Enjoyment,0
"hôm bữa 2 bình siro dâu thấy tiếc , nay bình mật_ong còn tiếc hơn",Sadness,2
không_làm gì cũng thành fan cứng là sao ?,Surprise,0
đoạn nộp bài kiểm_tra mới tức cười ông thầy emoji_vui,Enjoyment,0
"má , 1 ngày tao ho 3 4 lần . tao có nên dừng ho lại không_mày",Other,0
có ai xem xong không_sợ với không_giật_mình như tao không,Enjoyment,0
per wow,Surprise,0
anh ơi đấm nó một cái cho em nhé sống mất dậy đéo_tả được,Disgust,3
gần có tiền để mua,Other,0
dễ_thở hơn so với đề_văn sáng nay emoji_cuoi emoji_cuoi emoji_cuoi,Enjoyment,0
tao đã làm theo video này và kết_quả là .... thôi cán_bộ kêu tao quét_dọn rồi quét xong tao kể tiếp,Other,0
"tụi mình tuy không_yêu nhau hai lần , nhưng nếu có cơ_hội ... anh chắc_chắn vẫn tặng em đóa hồng đẹp nhất",Enjoyment,0
không_phải để xé giấy ak ?,Surprise,0
chúc_mừng,Enjoyment,0
1 thời gắn_bó với nó . nhớ lại ngày_xưa cực_khổ,Sadness,2
xem_ra giá_cả và chất_lượng mà không_oke thì không_ổn ...,Other,0
ước gì ba còn sống để làm điều đó với má . nhớ ba,Sadness,2
có chuyện gì thê_bố . bố đừng làm con sợ emoji_buon,Fear,1
lêu lêu mày emoji_vui_đồ con chó không_có mẹ ẳm emoji_vui,Disgust,3
đang tìm ra 1 điểm sai nào đó nhưng có_lẽ không_có emoji_vui,Other,0
bộ phim đáng xem đó mấy man,Enjoyment,0
per quan_trọng là phải có hội nói sấu sếp v,Other,0
bà nuốt_quả chuối tao cười tao ẻ,Enjoyment,0
emoji_buon emoji_buon emoji_buon sinh_lão bệnh tử_hẹn gặp kiếp sau,Sadness,2
tao đa khóc khi xem phim này emoji_buon emoji_buon emoji_buon emoji_buon emoji_buon,Sadness,2
"con mong bác dù nghèo nhưng sống luôn_luôn vv , chúc bác 1 đời bình_an",Enjoyment,0
thương nhau còn chả_hết dỗi nhau làm chi emoji_cuoi,Enjoyment,0
đéo bao_giờ luôn emoji_vui,Disgust,3
câu này lên nhanh như chớp được nờ,Enjoyment,0
ý_thức của thằng lái_xe đấy kém quá cho lên nó phải chả_giá bằng tiền_mặt thôi . không_có gì phải chách ai cả .,Disgust,3
yêu quá đi mất . tuổi_thơ của mình toàn nện mấy thằng con trai . trong lớp mình toàn làm xếp nên chẳng_được giúp_đỡ,Sadness,2
ngứa mắt lắm à nhen,Anger,4
phìm này rất rất hay đôi với ai sống hướng nội !,Enjoyment,0
e vừa bị điện cao_thế giật hôm 17 chạp . bh nhìn cái ông này mà sợ .,Fear,1
đây là kiểu tự tay bóp dái nè,Other,0
tận_cùng của tan_vỡ ah có biết là gì không ?,Sadness,2
gặp tao thì tao khinh,Disgust,3
"năm_ngoái lấy ghế ra ngồi rồi , năm nay lấy xe chạy ra đường để nhìn cho rõ",Other,0
quan_trọng vẫn là cái phải đẹp_trai . rồi mới sau đó nữa ... lạ gì các bà,Other,0
"per hay đó bro , trừ điểm bro chưa_bao ăn emoji_vui 10",Sadness,2
mất trật_tự thôi có cần phải z không_bắt đứng là được rồi cùng lắm là mời phụ_huynh vô nói trao_đổi có cần phải bắt quỳ trước lớp z không_như z khác nào chà_đạp lòng tự_trọng của nó .,Anger,4
moá hồi_hợp chờ main thắng ai dè_thua bởi cái mông huhu,Sadness,2
mình hiền mà lúc cáu là chỉ im_lặng không_nói_gì thì là sao ta,Other,0
toàn để báo nó giật_tít không_thèm đọc cả bài rồi giãy_nảy lên như đỉa phải vôi,Disgust,3
buồn vì mình không_giúp được gì cho ai . nhìn những người khác khổ hơn mình mà thấy thương họ,Sadness,2
per muốn nói gì phải ngó trước ngó sau không_chi mất đầu như_chơi emoji_cuoi emoji_cuoi,Other,0
câu chốt .... chuyện cổ_tích per .... thôi tao quỳ ...,Disgust,3
"chán đời các thanh_niên , dơ_nhục chứ hay ho_đéo gì",Disgust,3
"nhìn 1 hồi thấy quen_quen , ai_ngờ đúng thật emoji_vui",Surprise,0
"những chuyện trọng_đại trong đời ... ta cứ nghe lời vợ khuyên , và làm ngược_lại ắt thành_công ? ? ? ?",Enjoyment,0
lại cho lên chơi với các cụ,Other,0
không_muốn yêu ai cả,Fear,1
bộ cuối nhìn đau_lòng thật emoji_buon,Sadness,2
động_lực của phan con gái,Enjoyment,0
đẹp không,Other,0
ý_nghĩa và đáng suy_ngẫm thật,Enjoyment,0
chó đã biết chê cứt,Disgust,3
sợ vãi linh_hồn emoji_buon,Fear,1
đi đâu cũng ngó ngang ngó dọc để được nhìn thấy crush emoji_cuoi_ngóng nó đến mức cổ dài ra hẳn mấy cái emoji_cuoi,Enjoyment,0
đúng vậy dù có mệt mà đồng_nghiệp nhiệt_tình vui_vẻ là_cùng muốn đi hoài,Enjoyment,0
cái ông aamir_khan đóng phim nao cũng hay và ý nghia het,Enjoyment,0
rồi chưng ngắn như tao sao nhảy qua,Sadness,2
"rốt_cục sao chúng_nó mò về tận nhà bạn nhỉ , kinh_vãi",Disgust,3
vỉa_hè rộng thênh_thang mà nhỉ,Other,0
bếp dầu ngày_xưa thật ý_nghĩa,Enjoyment,0
lâu rất lâu mới gặp được lần rồi liết_mắt nhìn cái emoji_vui chưa_thấy nó cười,Sadness,2
giận lại là cách giải_quyết nhanh nhất . để khẳng_định là mình luôn đúng,Enjoyment,0
nhìn ghét nhỉ emoji_vui,Disgust,3
tao chả_nhớ ngày_tháng năm sinh của mẹ tao và ngược_lại emoji_buon,Sadness,2
em ấy còn cười được chứng_tỏ em rất mạnh_mẽ,Enjoyment,0
lấy rơm nấu cơm và cái kết,Other,0
có án rồi đừng làm trò . anh_hùng rồi lại quay lại trại đấy emoji_vui,Disgust,3
hư hỏg cả thế_hệ,Disgust,3
cảm_ơn . anh .,Enjoyment,0
mất tiền_khôn cũng đáng mà .,Enjoyment,0
"thương_vãi , yêu_vãi tao cũng thèm có em",Enjoyment,0
per nơi tình_yêu bắt_đầu kìa bao_nhiêu,Other,0
đúng cát bà rồii,Enjoyment,0
"có ai nhìn thấy giun đang bò trong ảnh không , sợ vãi",Fear,1
tao đau_lòng quá,Sadness,2
ồ ra thế . tớ sẽ lưu_ý emoji_vui mong sẽ có cơ_hội sờ nó . nhìn như cục bông í uwu,Surprise,0
xem giải_trí thật,Enjoyment,0
giờ mới hiểu tại_sao lúc đầu nhà_hàng_không cho đặt chỗ ....._má nó li_hôn 3 lần rồi lần nào cũng phải giảm_giá 30 nó ly_hôn thêm vài lần nữa chắc sập bà nó tiệm,Enjoyment,0
đã ngu lại con tỏ ra nguy_hiểm .,Disgust,3
giống tao . nhưng cô ấy có hiểu đâu,Sadness,2
uất quá anh ấy cũng phản_ứng cãi lại . hì_hì_đáng yêu quá,Enjoyment,0
nhà tao có nhưng nó rỉ sét hết rồi emoji_buon,Sadness,2
người mất dậy thật thì không_bao_giờ cảm_thấy mình mất dậy . và người mất dạy thì cứ địt mẹ người khác và nói người khác là người mất dạy . tôi nhầm_hành tinh_chuẩn mẹ rồi .,Anger,4
hồi bé bị ghiền mùi này emoji_vui,Enjoyment,0
lạy ông nào nghĩ ra kịch này ! ! !,Enjoyment,0
thấy tội nó ghê ? ? ? ?,Sadness,2
"thiệt là cao_minh , hahaa",Enjoyment,0
tao chơi với con trai nhiều nên tao mất lòng tin vào con trai rồi,Other,0
tốt nhất là phải sử_phạt thật nặng thì các trường_hợp như_vậy mới không_tiếp_tục xảy ra,Other,0
dĩa bay . trả lại để tôi về,Other,0
"per cố_gắng lên nha anh , mọi điều tốt đep đang chờ anh",Enjoyment,0
per 2 ly trà sữa bạn làm rơi mà chưa_thấy bồi_thường lại mình emoji_buon,Sadness,2
ỏ đáng yêu emoji_cuoi,Enjoyment,0
hết hồn . sợ quá nhỉ . nhạt !,Disgust,3
chắc phát khóc mất emoji_buon,Sadness,2
những người thương tôi không_phải buồn vì tôi mà là tự_hào vì tôi,Enjoyment,0
"10 triệu có lẻ quá ít so với số tiền mà bọn nầy được thê để phá_hoại cả một nền chăn_nuôi gia_súc nói_riêng , cả một nền kinh_tế nói_chung , , , ,",Disgust,3
cười ỉa_thánh nào làm video này,Enjoyment,0
bài này quen quen,Other,0
rất nguy_hiểm,Fear,1
nhìn quả_mặt của nó thì tao công_nhận thất_tình thật đáng thương ?,Sadness,2
tội quá . thương em,Sadness,2
mập mà xinh nó sẽ khác mập và xấu _,Disgust,3
đồng_nghiệp là ai kệ mẹ nó quan_trọng lương bao_nhiêu,Other,0
mỗi mùa trung_thu đến nhìn người ta mua bánh_tặng nhau mình lại thấy chạnh_lòng ! emoji_buon,Sadness,2
khác xưa thật mà,Other,0
khá quá nhể emoji_vui,Enjoyment,0
"t thề mỗi lần dọn phòng sn này thì banh kem , pháo kim_tuyến . đủ các thứ . khóc mà bụt nó đéo lên",Sadness,2
toàn tặng đồ gây sát_thương thế kia khả_năng bị phản_damage là rất cao,Fear,1
"bỏ_qua mấy dòg chữ , nhìn khuôn_mặt con_bé không_thể nhịn cười per_emoji_vui",Enjoyment,0
"bọn này đóng điện cho nó đi luôn , giữ làm gì cho chật đất",Anger,4
tui còn chưa_biết sì phố là gì . ổng biết luôn á_trời,Surprise,0
hàng cổ rồi anh ơi,Other,0
a cũng ở trong đây à,Surprise,0
đổi cả cuộc_đời giống người tàn_tật để được cái video này .,Disgust,3
yêu quá hóa điên,Enjoyment,0
"per tao đã khuyên mày rồi mà không_nghe , làm màu chi mà tặng hộp quà cho bự để người ta dọn cực_khổ đến_nỗi đăng lên mxh kìa",Disgust,3
"chọn thằng nào không_quan_trọng , vì đằng nào cũng không_có thằng nào nó thích em đâu mà ảo_tưởng emoji_cuoi",Disgust,3
buổi tối vui_vẻ và ấm_áp nhé đại_kỷ_nguyên ! tương_tác cho hằng khỏi trôi bài nhé !,Enjoyment,0
tụi nhỏ dễ_thương quá,Enjoyment,0
vậy mình xin chúc đk n năm tới không_còn cô_đơn nữa nha kklk,Enjoyment,0
toàn mấy con bán hàng online đăng để cau view thôi phạt nặng vào,Disgust,3
ngày hôm ấy tuyệt_đẹp nhưng lại đượm một nỗi buồn ngày_mai thôi chg được gặp thầy_cô bb lũ chúng_tôi khép cánh cửa ấy lại nhìn lại toàn_bộ khung_cảnh ôi thân_thương biết_mấy cảnh_vật quen_thuộc sẽ không_được trông thấy nữa,Sadness,2
nhỏ mà mất_nết,Disgust,3
200 triệu này lấy từ nguồn ngân_sách nào để bồi_thường ? hay cứ lấy từ từng đồng_tiền thuế của người_dân để sửa sai_lầm cho 1 cá_nhân hay một đơn_vị tư_pháp ?,Disgust,3
thằng này bị điên_chuẩn mẹ rồi,Disgust,3
đúng là nói thì dễ hành_động không_bao_giờ làm được,Sadness,2
nhà_nước pháp_luật việt_nam lên_tiếng hộ em nó cái,Other,0
theo tao thì mày nên chọn thằg nhiều tiền . đến năm cuối thì mày quay lại chọn với thằg nhiều tiền học bổg . m hỏi vậy là mày được lựa_chọn mà . đấy là cách tốt nhất cho người hám tiền như mày,Other,0
nghe nói 2020 hơn 4 tr đàn_ông sẽ ế vợ . mình chỉ việc chờ thêm 1 năm nữa thôi là đăng_tin tuyển chồng emoji_cuoi emoji_cuoi,Enjoyment,0
đại_học vui lắm cậu emoji_vui wee,Enjoyment,0
"chú em còn non quá , kêu thu_ngân đánh thêm phần phụ thu_dọn vệ_sinh 200 k , không_đưa thì kêu bảo_vệ không_cho lấy xe , đó quy_định hầu_hết các quán karaok , trường_hợp phụ_thu là mang đồ_ăn ngoài vào , ói trong phòng , và đỗ bia nước_ngọt , xả rát kiểu như trong video",Disgust,3
không_cần biết nội_dung ... nhìn mặt con_bé thoy muốn cưới về cho con trai mình ngay rồi emoji_cuoi emoji_cuoi,Enjoyment,0
ngày bé nấu hoài không_chín . tức rủ mấy đứa ra đốt cả đống rơm nhà hàng_xóm,Enjoyment,0
"crush đi nhậu rồi say , rồi bị thịt ... hic hic",Sadness,2
"trong tất_cả các con , con mèo là mất_dạy nhất ...",Disgust,3
"cây hoa sữa thì nói cây hoa sữa đi , tình_yêu tình_báo gì ra ngửi mùi chắc mất mẹ tình_yêu luôn",Disgust,3
thương_thương con emoji_cuoi yêu ghê cơ_ý cái mẹt hờn dỗi,Enjoyment,0
"cái thế_giới loạn hết rồi , loạn thật rồi , trả tao cái đĩa bay",Disgust,3
quê ở huyện kế bên mà chưa_1 lần đi emoji_cuoi,Enjoyment,0
hãy cười thật tươi để cho cuộc_sống của bạn trở_nên thật tuyệt_vời,Enjoyment,0
tuyển ngay về làm nghiên_cứu_viên cao_cấp cho các hãng khóa d,Enjoyment,0
"tao cứ nhìn xong nghĩ , tay nào cầm bút là tay_phải ,",Other,0
"nó sẽ ra cái ốp , lo gì thiếu đồ_chơi",Other,0
"ờ đúng rồi , có_thể chỉ là đang lợi_dụng mày viết content free xong thích là sửa thôi hihi",Disgust,3
con_bé cưng gì đâu . vk ơi anh muốn có cục bảo_bối như_vậy per,Enjoyment,0
cưng quá trời luôn,Enjoyment,0
a triệu mua quả báo thì quá rẻ_mạt emoji_buon_tiếc là luật có vậy,Disgust,3
cực_kì bản_lĩnh lẫn liều_lĩnh,Enjoyment,0
aeon tâm_lý thế emoji_vui_mày . n vào mua que kem tránh nóng,Enjoyment,0
người ta đỗ dưới lòng_đường chứ đỗ vào nhà chị đâu mà van_hóa gì . chủ thớt mới là người ấu_trĩ lạc_hậu nhé,Disgust,3
chị lỡ mất 1 nhịp tim vì cưng đấy,Enjoyment,0
emoji_vui đéo hiểu sao mấy phim truyền_hình của ấn xl vãi mà phim như_thế_nào thì lại qá hay,Enjoyment,0
per chán quá,Sadness,2
nghe thấm câu vàng trắng nhưng thực_tế là trắng_tay thôi nghe mà buồn,Sadness,2
thoa kem chống nắng như người ...,Other,0
per đấy móng tay dài nhất thế_giới đấy,Surprise,0
đằng nào mà chẳng_thịt chẳng_qua sớm hay muộn thôi,Other,0
trên thì một kiểu dưới thì kiểu khác,Other,0
nhạc buồn quá . bài này là bài chia_tay trong chiều hoàng_hôn nắng úa màu justin bieber cho bạn nào chưa_biết nhé .,Sadness,2
per đây . cô gái bán hàng thú_vị đây . phải xem cho hết,Enjoyment,0
dẫu hiên_ngang giữa đất_trời gặp con vợ đểu thì đời cũng xong,Sadness,2
"cmt buồn cười_vll , nhớ mình cừng có kinh_nghiệm chạy ngỗng emoji_vui",Enjoyment,0
lớn lên rồi ta sẽ tự hiểu .. tại_sao ngày đó cha_mẹ thế_này thế kia với ta ...,Other,0
hình_như câu này quen quen_ý le tuyet nguyen nhỉ,Other,0
nó ăn cà_rốt chứ nó ăn cái gì mà liếc quễ mều mặp,Anger,4
quả này cũng chất lắm,Enjoyment,0
hồi bé bị ngỗng dí hoài emoji_cuoi sợ vãi,Fear,1
tao ngồi tao khóc 1 buổi,Sadness,2
crush của tao đi làm rồi . hihee . sáng_mai mới về cơ,Enjoyment,0
khoảnh_khắc mày nhận ra mày còn đéo bằng 1 thằg nhóc còn trong bụng mẹ emoji_buon,Sadness,2
chúng_mày cứ ra phim boom tấn cho nhiều vào,Other,0
cao quá cũng khổ chứ sung_sướng đéo gì,Sadness,2
ý_thức quá kém .,Disgust,3
bẩn bựa vlon,Disgust,3
một con cá_chép đang bơi trong hồ mà đã tính_chuyện đánh_bại những con rồng_vẫy vùng 5 châu !,Disgust,3
ai cũng nói tao đẹp troai . hiền_lành nhưng chưa_biết lúc tao lên_cơn emoji_cuoi emoji_cuoi,Enjoyment,0
điên,Disgust,3
chủ_tịch đi nặn mụn ở tai và cái kết khóc thét,Sadness,2
hành_vi của người bố có phần_nào ảnh_hưởng đến đứa con . cô bé cười . không_phải vì cô bé mạnh_mẽ . mà là cô bé đã bất_cần,Other,0
xem phát khóc mẹ luôn emoji_buon emoji_buon emoji_buon,Sadness,2
per nhìn nó gớm những vẫn khoái coi . thú_vui biến_thái dễ sợ,Enjoyment,0
mèo nhà tao gửi 10 ngày về ăn tết lên nó thành mèo hàng_xóm này nhà hàng_xóm bán cá emoji_buon,Sadness,2
"còn những người bình_thường rất dữ , thật_ra họ hiền lắm , nội_tâm lắm",Other,0
giống như thổi_khí vào bong_bóng đến một lúc_nào đó thì nó phát_nổ,Other,0
ha ha ....,Enjoyment,0
nhìn giống mấy đặc_vụ của cia . sợ thế emoji_vui,Fear,1
tao đang thă c mă c ta i sao thă người da đen_no quen được con nho da_tră người ngon_va i thê_nhy .,Other,0
thế_giới giờ đáng sợ quá rồi tâm phải tịnh không_là tiêu_nha mấy ông emoji_buon,Fear,1
"vietcombank phục_vụ tệ , phí cao , mang mác nhà_nước nên vậy .",Disgust,3
bất_ngờ vãi emoji_cuoi,Surprise,0
bữa cơm trưa nay tăm_tối như cái ava của tao vầy emoji_buon,Sadness,2
hội những con pug_láo lếuu,Disgust,3
dè_nghị khởi_tố luôn những người biết mà che dấu,Anger,4
per mày đang nghĩ đến ai,Other,0
bà già đau_khổ,Sadness,2
"không_phù_hợp thổ_nhưỡng , khí_hậu . vậy_mà vẫn tung_hô , dải_ngân để làm khổ_dân . quả bóng trách_nhiệm chẳng_thuộc về ai cả . emoji_buon emoji_buon",Sadness,2
đúng là cái thứ vô_học,Disgust,3
nhiều lúc em di từ_từ chưa_kịp đỗ đã có n ra bảo không_được đỗ ở đây chán quá,Sadness,2
chỉ cần thích cái_là muốn rụng tim,Enjoyment,0
vui_tính tí cũng khó cơ,Sadness,2
chỉ còn lại tro tàn,Sadness,2
lỗi tại thằng quay_phim . cắt không_đúng lúc,Disgust,3
kk ... bếp dầu một thời ta hay nấu đây nè,Enjoyment,0
đag đi học mà gặp cảnh này emoji_vui chắc chạy về cúp học luôn,Fear,1
anh con mẹ mày emoji_vui,Anger,4
ngạc_nhiên đấy,Surprise,0
xã_hội giờ càng ít nói như tao thì càng ngoan_hiền,Other,0
nhìn mặt con_bé kiểu . ơ cái gì vậy,Other,0
hư cấu,Disgust,3
bộ phim ấn_độ duy_nhất xem được lol,Enjoyment,0
vậy mới biến thành người nhện được,Other,0
per đã hiểu sao hè năm_ngoái có quả lịch_học vãi chưa_emoji_cuoi,Enjoyment,0
rõ_ràng vẫn là một người mà cắt tóc xong nhìn đáng yêu vãi v,Enjoyment,0
đm lúc tao học đến chương đó nguyên_tiết bà cô toàn chia_sẻ kinh_nghiệm chuyện tới tháng emoji_vui đéo thú_vị được như_vầy vv,Disgust,3
vật_chất quyết_định ý_thức,Other,0
per đã hiểu tại_sao thằng bạn mình đam_mê gym .. thì ra đây là nơi nó được sống thật với giới_tính của mình ..,Enjoyment,0
họ vui là được rồi emoji_vui,Enjoyment,0
đáng yêu phết nhể,Enjoyment,0
có móng tay dài cũng khổ,Sadness,2
"cậu ấy tán tôi , tôi từ_chối . thế_là từ đó chúng_tôi đéo làm_bạn được nữa ! ! !",Sadness,2
per nhìn đẹp thiệt_mày,Enjoyment,0
mùa mưa đến sớm rồi huhu,Sadness,2
có mà đầy người như_vậy ý ... ăn vô_máu họ rồi,Disgust,3
tình_hình này tháng sau cũng đi tập gym mất,Other,0
nhiều khi chỉ_ước gì mấy đứa bá_dơ này có_thể chết thay cho chị nữ_sinh giao gà thì hay biết_mấy ...,Other,0
bởi_vậy không_nên bình_luận trên facebook làm gì . nhìu đứa nó nhây cãi_lộn mệt người .,Disgust,3
giờ anh gù lấy đâu ra chỗ ở,Sadness,2
"chúc mày mau khỏi nhá , team thích ăn thịt gà như tao ? ?",Other,0
tiếc là 23 cái xuân rồi chưa_gặp được em . có ai giống tôi không,Sadness,2
gặp được em nhưng sẽ chỉ quan_tâm và bảo_vệ em từ xa,Sadness,2
bộ phim việt lần đầu xem thấy hay cảnh quay đẹp ! !,Enjoyment,0
"ngày chia_tay , chúng_tôi đã ôm nhau khóc",Sadness,2
thật đúng_đắn khi đã follow page này !,Enjoyment,0
đm mẹ bạn thân,Disgust,3
chưa_nhớ vụ công_viên_nước hồ tây à emoji_vui mấy con chó đực nứng dái,Disgust,3
"đọc bình_luận không_thấy ai khen cute dễ_thương đáng_yêu này nọ nữa nhỉ emoji_vui một ngày đẹp trời bạn ra ngõ đứng_hít không_khí , con mèo sẽ kệ mẹ bạn , con chó vẫn sẽ đi đái_bậy , nhưng con một lằn này thì đéo , nó phi con mẹ nó ra dí chạy như một con điên",Anger,4
21 năm chưa_crush ai thì có gọi_là ế thâm_niêm không_hả các bác,Sadness,2
ơ_thế chưa_ai dẫn ngài trump đi ăn bún_đậu mắm_tôm hả ?,Other,0
trích mà như_vầy rồi . sao dám coi phim đây emoji_buon,Fear,1
cô ấy hết thương tao rồi,Sadness,2
"dăm_ba cái thể_hiện tình_cảm này ngày_xưa tao đầy , nhưng từ ngày cưới xong đi qua đường chắc chồng tao rơi mất não nên chưa_thấy lặp lại bao_giờ .",Sadness,2
wow không_thê_tin được bô mong tay day thât kinh,Surprise,0
"nhìn này thần_sắc thế kia thì đeo sao đâu , yên_tâm đi không_được hốc hôm_nay thì hôm sau hốc lo cái đéo gì chứ",Other,0
có cái lol chuột nó sợ,Disgust,3
có đến hàng trăm_năm sau đi_nữa thì trẻ trâu vẫn luôn tồn_tại theo thời_gian,Disgust,3
đụ mẹ cười ỉa ? ? ? ? ? ? ? ?,Enjoyment,0
xem xong thấy buồn quá,Sadness,2
diễn vãi,Disgust,3
"bị ngỗng mổ sợ vãi_chưởng , hồi bé tao đã không_sang nhà b tao cả tuần_trời vì nhà nó mới nuôi ngỗng mà bình_thường tao toàn ăn chùa cơm nhà nó thiếu điều làm con_nuôi nhà nó nữa thôi_emoji_vui nhắc lại mới thấy sợ vãi",Fear,1
cho chết,Anger,4
per sao chủ_đề gái mê tiền dạo này hot nhỉ emoji_vui,Surprise,0
"ra đi là lựa_chọn đúng , ở lại incheon để gánh team làm_gì cho mệt ra lại bị tiếng xấu .",Enjoyment,0
người trái_đất thật đáng sợ mà _,Fear,1
"per_tải thử cái này cho cún đi chị , hay phết này",Enjoyment,0
phải cho chúng_nó vào tù hết 1 lượt cho chúng_nó ăn_chính thực_phẩm chúng_nó bán đi cho nó nhớ,Anger,4
trông rợn vãi emoji_vui,Fear,1
"rồi , chợt mình tỉnh_giấc emoji_vui mơ đủ rồi đó",Other,0
thấy chưa ... ổng lấy váy cưới của vợ kìa . t nói đâu_có_sai . v,Disgust,3
vãi linh_hồn .,Fear,1
per hồi nhỏ chuyên_gia đi ngang nhà hàng_xóm là bị nguyên_bầy ngỗng nó dí nó rượt chạy khóc_la um_xùm .. giờ còn ám_ảnh emoji_buon,Fear,1
chủ thớt sấp mặt rồi,Sadness,2
thế_giới này thật đáng sợ ai chả_đĩa bay cho tao về hành_tinh tao đi,Fear,1
per nhịn ăn để đi,Other,0
mình còn để ảnh bạn ấy trong thẻ học_sinh xong bị thấy cơ,Enjoyment,0
thằng lồn nào_chế ra cái này tao nghĩ nó hơi bị thiêu muối đấy nhạt vãi lol ra,Disgust,3
bộ cứ thân là ở với nhau được à ? ? sai_lầm vãi,Disgust,3
nói tóm_lại mau axít đậm_đặc bỏ vào thùng nhựa để kế bên cho nó thấy chắc là ổn nhớ đừng làm chuyện dại nhá,Anger,4
thôi xong . chia buồn cùng quý_quốc,Sadness,2
nhà tạp_hóa đấy hả ... emoji_vui,Other,0
"đúng vô_cùng , không_cần biết làm mệt_việc nhiều lương thấp ra sao , làm ở 1 nơi đồng_nghiệp như những ngừoi chị trong gia_đình , đi làm mà cảm_giác thoải_mái vui_vẻ như ở nhà . nơi có_thể ở 9 tiếng 1 ngày",Enjoyment,0
nó bể 1 phát lúng tới cổ dume tởn tới già,Fear,1
per coi phim này chắc chết luôn trong rạp emoji_cuoi,Fear,1
sống chậm lại và yêu_thương nhiều hơn các bạn ạ,Other,0
đi chơi lụm được tờ 2 k rách mua băng keo 5 k_dán lại tờ 2 k,Enjoyment,0
tao coi tao sợ nó lọt quá bây,Fear,1
uổng phí công_sức bao người !,Anger,4
tao sợ ma nên không_dám coi lun,Fear,1
"ủi ui , mời người ta đến nhà ăn_tiệc , lại đãi mỗi càrôt là thế_nào , lần sau bà mời tiệc thì mày tự biết rồi đấy",Disgust,3
per ý_nghĩa giống phim không ? ? ?,Surprise,0
cuộc_đời bạn đáng_giá bao_nhiêu tiền,Other,0
nhìn bên dưới cầu bẩn_đéo chịu được . lỡ té xuống_nước thì tha_hồ mà tắm và hưởng_thụ sự trong_sạch đến mắc ói của nước và rác_thải .,Disgust,3
"thường thì người thuận tay_trái sẽ bị bệnh này v , riêng tao thuận_vả 2 tay nên chả_sao",Enjoyment,0
cố tỏ ra nguy_hiểm vãi emoji_cuoi,Disgust,3
"ôi dume_giật nảy_mình , tí thì rơi điện_thoại",Fear,1
tụt quần nó ra cho nó chén emoji_vui,Enjoyment,0
một_cách bán hàng nta gọi_là đẳng_cấp,Enjoyment,0
yêu quá đi mất nhìn cưng khủng_khiếp ? ?,Enjoyment,0
sao chúng_nó dã_man thế nhỉ,Surprise,0
cầu cho chú luôn mạnh khỏe ạ emoji_buon,Sadness,2
ăn bớt của trẻ vậy_mà bị khiển_trách thì lần sau còn làm tiếp và mạnh hơn_nữa đúng lả_luật của việt_nam không_có chức_quyền ăn_trộm ổ bánh_mì phải đi tù còn có chức_ăn 150 trieu thì bị khiển_trách thôi,Anger,4
thích cái đầm nào mua cho bận ngủ cho mát nè emoji_vui per,Other,0
ôi đàn_bà là những niềm đau,Disgust,3
tao thề . nhìn bạn ấy xong tao muốn rụng mấy quả trứng luôn,Fear,1
"ôi những con_người dễ bị ám_ảnh với quá_khứ , ôm nhau cái nào",Enjoyment,0
sợ con này lắm emoji_buon,Fear,1
"tháng 10 đến rồi , nghe bài này quá chuẩn",Other,0
mở máy lên .. rồii lại đặt xuống ... cả ngày_nay tôi đều như_vậy để chờ anh nhắn_chúc tôi .. giờ này chắc anh quên ngày này thật rồi .. cô_đơn quá mức rồi đấy emoji_buon emoji_buon,Sadness,2
chủ_tịch giả_vờ cầm cây củi_mục múa vỏ và cái kết !,Surprise,0
cười ỉa_phút 1 11,Enjoyment,0
bài nhạc hay khi nó đúng tâm_trạng ... nhạc hay ! ! ! ! !,Enjoyment,0
tao nói thiệc cả đời tao chưa_gặp con đỉ gia_cầm nào sân si bằng con ngỗng . đỉ chó . emoji_vui,Disgust,3
per mày phải thấy may_mắn khi cuộc_đời mày được gặp tao emoji_vui,Enjoyment,0
nguyên_nhân là gì vậy ? ?,Other,0
còn tao vẫn nhớ ngày nhỏ cứ nghỉ học chủ_nhật đi quét lá tre về nấu cơm,Enjoyment,0
còn mềnh thì_ra quán mua bim_bim đều chỉ để nhì em mà cười,Enjoyment,0
"tim anh_em lấy em chơi , quả báo đến sớm em ơi ...",Other,0
per facebook cứ để tao phải xem được những cái lãng_mạn là sao cay vãi emoji_vui,Anger,4
đúng là không_thể chấp_nhận được,Anger,4
thêm đường hay cho thêm bánh_gato về tẩm_bổ emoji_vui,Sadness,2
nhớ cái váy với bộ tóc chấm bi đen_trắng của anh huy ghê,Other,0
list này không_có liệt_kê công_việc của dân chứng_khoán sao ?,Surprise,0
đó là của bạn thôi bạn hài_lòng với nó thì đâu_có_gì để nghĩ_ngợi đâu,Other,0
đcm anh da đen fake,Disgust,3
dễ thương_ghê ! làm mình nhớ các cậu bạn cùng lớp hồi học cấp 2 quá !,Enjoyment,0
đáng yêu như em tao_ý . cứ mỗi lần nó quyết_định ngủ ở đâu là nó lại đấu_tranh tư_tưởng,Enjoyment,0
cái này chỉ sướng mấy anh đèo mấy em ngực bự đi đường này nẩy tâng tâng,Enjoyment,0
per rất là thực_tế nhé_chú .,Other,0
tội cho chàng trai ấy,Sadness,2
gì cũng được chứ yêu 1 người vô_tâm thì đéo emoji_vui,Disgust,3
cầu này chỉ dành cho những_ai chân dài thì đúng hơn emoji_vui,Other,0
nhây qua nhaa emoji_cuoi,Enjoyment,0
nghe có trà sữa là thích rồi,Enjoyment,0
xinh quá !,Enjoyment,0
nhiều lúc tủi_thân vãi_chưởng huhu,Sadness,2
và đương_nhiên sẽ có ngày cô ấy sốc vì giới_tính thật của cô ấy ! ! !,Sadness,2
coi mệt_vãi _,Disgust,3
per nhện mượn hố_xí tỏ_tình đó thì sao nàoo,Other,0
hahahaha . thâm nữa . mà thiệt chỉ có trong cổ_tích nhé,Enjoyment,0
quá sàm,Disgust,3
dùng cây sắt rùi làm lại đi . mình mún xem típ 3,Enjoyment,0
vcb làm_việc kiểu hách_dịch thì có v,Disgust,3
v trời giờ mới biết thế_giới có dạng hợp_thể vầy đấy v,Enjoyment,0
chấm cho tôi lên top đi mà v,Other,0
"toàn anh đẹp_trai . đau tim , tan_nát cõi_lòng của tao ... a_................................ a",Enjoyment,0
per đồng_nghiệp không_tốt ta có_thể bị chửi và ăn_đòn từ sáng đến tối,Fear,1
câu_chuyện của mày làm tao buồn quá,Sadness,2
tận_cùng của nỗi đau emoji_buon,Sadness,2
khi tao cảm nắng một ai đó xin thượng_đế cũng tát tao một cái như cách sóng xô vào cát cho tao tỉnh con mẹ nó ngộ_emoji_cuoi,Other,0
gu của tôi trời_ơi . tiếc mới có chồng với đứa con thôi . huhu,Sadness,2
"xe đỗ ngay giữa cửa_hàng và cửa nhà bạn luôn , khách lên và xuống không_được thoải_mái và hơn_nữa là vào hát karaoke thì theo bạn sẽ là mấy tiếng mới ra ?",Anger,4
kéo quần lên rồi nói_chuyện tiếp ... kém sang,Disgust,3
"nếu không_xin_lỗi em tao , tao hứa cắt_tiết từng đứa ... nhưng tao kô giết . học_hành cái lồn gì bọn này .",Anger,4
nhân_văn ?_thế nhân_văn ở đâu cho những em học thật thi thật ?,Disgust,3
thật đáng khâm_phục các bạn ... chúc các bạn gặp nhiều may_mắn trong cuộc_sống ...,Enjoyment,0
đm main mới hay quá đi,Enjoyment,0
per địt mẹ mày rep ib cho tao,Disgust,3
hú hồn,Fear,1
m nói_chuyện cũng cute ngoan ngoãn_cơ chứ tao toàn okay anh emoji_cuoi,Enjoyment,0
kẻ ô_điểm lời phê_emoji_buon,Sadness,2
bọn dân_trí thấp_tưởng thế_là hay .,Disgust,3
mắt còn xanh như bé không_anh ? ?,Other,0
coi mần cái mặt kìa trời,Other,0
hỏi họ xem đã cho ai được tý gì chưa_mà thiếu ý_thức vậy ?,Disgust,3
hhaahhaah !_t đã may_mắn như_thế emoji_cuoi,Enjoyment,0
"lạy mấy ba mấy má , con_người ta đã làm video giải_trí cho mấy ba mấy má coi rồi , dume mở_miệng ra là bảo người ta sân si , vô_duyên vửa thôi",Disgust,3
em tao thì cứ xác_định bố thịt từng đứa emoji_vui emoji_vui emoji_vui emoji_vui emoji_vui bố_mẹ bênh thì thịt cả bố_mẹ luôn sợ máu lồn emoji_vui emoji_vui emoji_vui emoji_vui emoji_vui emoji_vui,Anger,4
không_biết ai_phối ra cái giống ngáo vô_địch này nữa,Surprise,0
mẹ thằng này nói tiếng việt tốt thật lại còn nói được cả giọng phú_yên nữa chứ,Enjoyment,0
sợ thì vkl,Fear,1
clm đêm rồi tha cho tao emoji_vui tao đéo muốn chạy xuống dưới nhà hoặc là nhịn đến sáng_mai đâu emoji_vui con gì thì con kệ mẹ emoji_vui đừng nhắc đến nhện emoji_vui,Fear,1
"đỗ ở đường cấm đỗ và đỗ gần ngã ba là sai hoàn_toàn rồi vẫn có người vào bênh . em là chủ_thớt thì em cứ để họ đỗ thoải_mái rồi gọi phường tới làm_việc thôi , cần gì phải nói nhiều",Anger,4
may quá lớp tao không_phải thế emoji_vui,Enjoyment,0
"võ_nghệ cao_siêu đến mấy cũng phụ_thuộc vào hung_khí , em biết được điều này lên không_bao_giờ em học võ mà tự xắm cho mình khẩu hoa_cải !",Enjoyment,0
phải chi lúc mà thằng per bị bảo câm mồm thì đập bàn đứng lên quát bên tao cả một đội quân,Other,0
chúng_tôi gọi đây nà chất v,Enjoyment,0
"per nuôi móng đi anh , mai_mốt cắt đem vô triển_lãm",Other,0
"kể mà mình cũng được tỏ_tình lãng_mạn kiểu này . ôi , ngủ thôi . muộn rồi 3",Other,0
nếu người_dân mà làm thế_này thì phải truy_cứu trách_nhiệm hình_sự,Other,0
nhìn thấy ghê à,Disgust,3
ông_bà xinh quá,Enjoyment,0
"tao cũng là người cuối_cùng ra khỏi căn phòng ấy , ngắm_nghía lần cuối rồi rời đi , khép lại 3 năm đẹp nhất của đời người . tao không_khóc nhưng trong lòng rối_bời , muốn ôm hết all vào mình .",Sadness,2
nhìn khó_chịu vãi,Disgust,3
hmm hãy tưởng_tượng nó là một chú gián_xink xắm xòe cánh thiên_thần bay đến ... emoji_buon,Enjoyment,0
xin phép phẫn_nộ,Anger,4
per_thể_loại tao thích nè nhưng mày đi coi với tao nha không_tao khóc thét_rạp,Fear,1
thế cuối_cùng có chống được chuột không,Other,0
đám tụi tao đi chơi xưa_nay đều dọn sạch_đồ mình kêu hoặc xếp lại gọn một_chút cho người ta đỡ dọn .. cái này là sự ý_thức thôi ...,Enjoyment,0
"per_vong đòi ít thế nhờ , phải 2 tỷ rồi cho trả_góp chứ",Disgust,3
cái video đầu làm hết hồn per per,Fear,1
phim hay vãi ấy xem lâu lắm rồi,Enjoyment,0
chồng tao mà nói thế tao lại vả vỡ con mẹ nó mồm emoji_vui,Anger,4
thật đáng sợ,Fear,1
per đem rác về nhà vứt luôn haha,Enjoyment,0
thế mà cũng 5 năm rồi .,Enjoyment,0
bếp dầu này hiện_đại rồi,Other,0
chẳng_hiểu sao tao cười sặc_sụa,Enjoyment,0
ngày nào cũng vậy . có bỏ lỡ ngày nào đâu mà,Other,0
chỉ cần chọn đúng người đúng thời_điểm thôi,Other,0
kết_thúc 3 năm cấp 3 là khoảng tg đẹp nhất nhưng nó cho ta nhiều kỷ_niệm đầy tiếc_nuối,Sadness,2
bán vé_số tháng kiếm 100 tr_nha . nghe ông lol_nao trong quốc_hội nói vậy .,Disgust,3
trông tội vãi,Sadness,2
"tưởng chỉ có trong phim thôi chứ , nay chơi vậy luôn à",Surprise,0
tao mới mọc răng khôn_huhu,Sadness,2
cái này là ở đâu vậy ?,Other,0
học xong lớp 12 tao chỉ mong 1 đều đừng bao_giờ có họp lớp emoji_vui,Other,0
"cứ đem lửa than , nước chay , sau đó cắt ngay ra ăn_chấm muối là ngon , vẽ chuyện_kiến với chả_ong .",Disgust,3
nhìn dáng đi mà nhớ ông nội_emoji_buon,Sadness,2
để 1 ngày là khó_chịu rồi,Anger,4
được đấy tao thích,Enjoyment,0
"lừa_đảo có quy_mô đủ để truy_tố hình_sự rồi nhé , 5 triệu liệu có đủ sức cho chúng sợ không ? ! hay_là chúng_mày lại bị cái chùa ba vàng mua hết nhân_tính rồi ?",Disgust,3
chúc đại_kỷ_nguyên có một buổi tối ấm_áp_nha,Enjoyment,0
trồi ôi bài hát đỉnh caoo,Enjoyment,0
"từ không_tật_nguyền , trở_thành tật_nguyền để nuôi mấy cái không_đáng emoji_vui",Disgust,3
lần đầu gặp anh cũng là phòng gym emoji_cuoi,Enjoyment,0
tìm đối_tác,Enjoyment,0
công_ty nào làm như_vậy mọi người nghĩ làm hết cho nó khỏi phải vậy ...,Other,0
tình chỉ đẹp khi còn dang_dở lấy nhau rồi nham nhỉ lắm ai ơi ...,Sadness,2
hết buồn cũng phải có tiền mới hết được emoji_vui,Enjoyment,0
mẹ chồng cay_nghiệt emoji_cuoi,Disgust,3
ê có_khi nào đọc bài này xong buồn_cười quá cười toác_hàm có_khi nào đi bệnh_viện không_các cụ v,Enjoyment,0
"tao thì trông nó truyền điện chết mẹ đi , loại này sống nguy_hiểm cho xã_hội",Disgust,3
đm hú_hồn,Fear,1
song rồi em để lại anh một cái sừng 10 phân là ít,Disgust,3
thanh_xuân rồi cũng sẽ qua có những người trong ta mãi chẳng_thể xóa_nhòa !,Sadness,2
câu được chục con heo vàng chả_được cái gì,Sadness,2
muối mặn vãi,Other,0
có biết_bao người có mảnh đời như_vậy !,Sadness,2
đú quan_trọng bởi người tao yêu củng_không đi chơi valungtung thế_là tao vui rồi emoji_vui,Enjoyment,0
tanh bành cuộc_đời rồi,Sadness,2
óc chó đi dậy đời,Disgust,3
per chị đã kịp đi chỗ này chưa ?,Other,0
"per thấy chế_thủ sẵn hộp mặt_nạ rồi thì phải . tim em mong_manh lắm , đừng để em hoạng sợ nhá chị ? ?",Fear,1
bảo dân_trí thấp lại tự_ái,Disgust,3
không_biết thật không_nhỉ emoji_cuoi,Enjoyment,0
per tao mãi_mãi bị con này ám_ảnh từ bé đến giờ . thứ gì mà đéo_thể yêu_thương nỗi . nghe tiếng nó kêu là tao bỏ chạy trăm mét,Fear,1
khách nào nhỏ nhen vậy ...,Disgust,3
66 năm trời luôn đấy,Other,0
tự bỏ tiền ra trồng tự cạo mủ cho chắc củ,Other,0
ông nội này chất đấy,Surprise,0
"hí hí . tiến_sĩ cừu , thạc_sĩ cừu ... chẹp chẹp",Enjoyment,0
lấy vợ xong béo quá rồi . hình_như ai cũng v à,Sadness,2
per ơi nhột nhẹ kk,Enjoyment,0
muốn tạo ra niềm tin đôi_khi bạn cần sự dối_trá,Enjoyment,0
cổ_tích thôi nhé . tao mới bị hỏi vì rẽ không_xi_nhan . và anh chỉ nhẹ nhàng_phán 1 câu 2 triệu đưa đây không_thôi mai cầm 3 triệu lên đồn nhận xe nhé anh thật là dễ_thương emoji_vui,Enjoyment,0
sợ xanh mắt mèo,Fear,1
"khi bạn làm con b sẽ khóc , nhưng khi bạn đã làm cha_mẹ bạn sẽ thấy đau_lòng .",Sadness,2
bộ phim hay ý_nghĩa nhất từng xem,Enjoyment,0
cả 2 kẻ này đều đáng sợ !,Fear,1
mai đấu_giá thử cai lap cua mình chứa toàn tài_liệu tiếng nhật emoji_cuoi emoji_cuoi,Enjoyment,0
trời đánh tránh miếng ăn,Other,0
hoan_hô . công_nhân đâu phải trẻ mầm_non,Enjoyment,0
tao . dân đaklak nhưng lần đầu_tiên nghe chuyện này ....,Surprise,0
cảm_giác tóc sau gáy bắt_đầu dựng lên emoji_vui,Fear,1
mấy má đang có kinh rồi mặc áo_đầm nhảy qua thì nhuộm đỏ 1 dòng sông cmnl,Fear,1
chưa_được đi_pháp mà huhu,Sadness,2
là nhìn người ta đi cạnh 1 cô gái mà bất_lực không_thể làm_gì ngoài việc ngồi nhìn và mỉm cười,Sadness,2
giờ còn thể_loại dâm ô nam_sinh mới ghê emoji_vui,Disgust,3
tao bắt_đầu sợ nó ròi đấy emoji_vui ám_ảnh vãi,Fear,1
thế đéo nào ma không_bị phóng_điện nhỉ,Surprise,0
hk_động chạm nó cũng dí sấp mặt luôn rồi . dm .,Anger,4
5 triệu nhằm nhò gì so với 1 khóa lễ của bả ?_sao không_cho hành_nghề vĩnh_viễn luôn đi . chỉ cấm ở ba vàng thì lại lộng_hành ở chỗ khác thôi .,Anger,4
bá_đạo vậy chơi sao lại,Fear,1
khổ thân con mèo emoji_buon,Sadness,2
nó chụp màn_hình là còn tốt chán . có đứa nó còn đéo_thèm đọc tn ấy .,Other,0
tôi cắn bất_chấp emoji_cuoi chắc là tôi yêu tụi nó cuồng_si rồi,Enjoyment,0
bà này khác gì lũ đa_cấp đi lừa_đảo đâu sao không_cho vô tù,Anger,4
rồi tôi sẽ hết được uống nước ở đây nữa emoji_buon,Sadness,2
per nhìn na_ná chữ mày emoji_cuoi,Surprise,0
buồn thay cho lớp tao,Sadness,2
chúc 2 you hạnh_phúc,Enjoyment,0
có_vẻ như cái gì nước_ngoài cũng to hơn nước ta emoji_vui,Surprise,0
why ? ? ? ? ai đã cướp boss 6 múi của tao vậy emoji_buon emoji_buon emoji_buon emoji_buon,Sadness,2
đồng_nghiệp nhắng_nhít nhất_hệ mặt_trời emoji_cuoi,Enjoyment,0
"tao tự hỏi sao đứa quay_phim nó lại quay đúng lúc thế , chắc_chắn nó dự là sẽ nát con xe đó nhưng không_nói emoji_vui",Other,0
tại trà sữa làm tao mập chứ tao có muốn đâu emoji_buon,Sadness,2
có nhìu người bỏ vài đồng ra nhưg chỉ thích hành_hạ người khác .,Disgust,3
nếu để_ý kĩ thì lái tàu có_thể bước xuống và kéo đường_ray qua một bên rồi cho tàu bẻ tay_lái một_chút là cứu được cái xe . tiếc cái xe quá,Sadness,2
thay_đổi chóng_mặt,Other,0
an_toàn cho mình chứ cho ai đâu mà cứ thích kiểu trốn_tránh ấy nhỉ ..,Other,0
bên aeon hay thật đấy emoji_cuoi,Enjoyment,0
và rồi cô ấy sẽ mãi_mãi không_có người_yêu,Sadness,2
cảm_giác thanh_thản vãi,Enjoyment,0
"mấy anh làm video đầu_tư ghê , nội_dung diễn_xuất hay",Enjoyment,0
chắc chưa_biết đến trụ đèn_đỏ nằm ngay chân cầu emoji_vui,Other,0
khi nào người con gái ấy xuất_hiện đúng lúc trong cuộc_đời của tôi đây,Other,0
đây là bạn tao . emoji_cuoi,Enjoyment,0
không_bằng con,Other,0
đọc xong nước_mắt ứa ra,Sadness,2
"căm_thù , uất đến tận họng mà không_biết phải làm gì ? ? ? càng xem càng thấy đau_lòng mặc_dù không_phải con mình . 1 xh thối_nát , đồng_tiền làm lu_mờ nhân_tính con_người .",Anger,4
"ỏoo , nó cười xong kiểu cả không_gian ngập nắng , thế_giới thu bé lại chỉ có hai đứa , rồi tim cứ đập thình_thịch , nghĩ thoii mà cũng thích , hì",Enjoyment,0
chúc mày mau_khỏe nhá chủ thớt ạ emoji_cuoi,Enjoyment,0
hàng_xóm và họ_hàng là 2 đối_tượng hãm chưa_từng có,Disgust,3
trời ơi cái đoạn này em khóc tu_tu luôn .. trong khoảnh_khắc rời xa một ai đó mãi_mãi cơn đau thấu ngực trái huhu,Sadness,2
ngang trái quá ạ !,Disgust,3
per mai_mốt không_xem hết video đừng vô_phán,Disgust,3
có cái ảnh tỉ năm trước cứ đăng_đăng con cặc . đéo thấy nhàm à . nghĩ thôi thấy bất_hạnh vãi .,Anger,4
"sao vẫn còn người tốt trong xã_hội này , đáng khâm_phục",Enjoyment,0
nhận khách tàu nhanh ai muốn không_nè,Other,0
tao sẽ lấy hết tất_cả các nick clone tao có phẫn_nộ cái vid này emoji_vui,Anger,4
cười thấy đáng yêu emoji_vui,Enjoyment,0
giun xào_đĩa luộc là ngon ngay emoji_cuoi emoji_cuoi emoji_cuoi,Enjoyment,0
e quê bg mà mùa vải còn không_có vải mà ăn,Sadness,2
muốn ói,Disgust,3
per tôi đợi ngày nhận thiệp cưới của ông,Enjoyment,0
đen thôi đỏ vẫn thế,Other,0
ha ha chịu không_nổi luôn !,Enjoyment,0
per hãy cảm_ơn tao đi hâhah,Enjoyment,0
phim này là người cha_zombie yêu_thương con nè . xúc_động quá emoji_buon emoji_buon,Sadness,2
"đi chơi gặp 3 con mất dậy này vừa bị dí vừa bị cạp đít đau không_chịu được sau phải nhảy lên cây để trốn , giờ gặp là sợ emoji_buon emoji_buon",Fear,1
thật_ra cách quét hạt xốp rất dễ mà có_thể các bạn chưa_biết . đó là . tẩm xăng những chỗ có xốp và đốt emoji_cuoi,Enjoyment,0
đúng là xa_thơm gần thối . người tuyệt_vời ngay trước_mắt mà không_thấy,Disgust,3
per võ_công thâm_hậu quá,Surprise,0
lúc bé mình rất sợ,Fear,1
thề cưng thiệc sự emoji_cuoi,Enjoyment,0
tao tưởng nó té cái đùng chứ . làm ngồi chờ mãi mỏi cả mắt,Sadness,2
loại cửa đó emoji_vui cái khung sắt cứng không_tả nổi . đen lắm bung cả cửa ra thôi .,Other,0
chắc phải đi một chuyến thôi 3,Other,0
sao có_thể ngây_thơ đến vậy được nhỉ,Surprise,0
per chuyện cổ_tích nè !_haha !,Enjoyment,0
địt mẹ . và ở việt_nam chúng_tôi gọi đó là lũ_óc chó bán_phá_giá đó,Anger,4
mối nguy_hại đó,Fear,1
t chỉ ngồi nhà và ngắm cảnh_tắc đường thôi,Other,0
mình có xài rồi nè hồi lúc đi làm_xí nghiêp gọi_là lò_xô đổ dầu xài,Other,0
không_biết phải mình lúa không . chứ mỗi lần đi du_lịch trước khi trả phòng là mình phải dọn sạch_sẽ . cứ nghĩ nhận phòng sao thì trả phòng vậy . bị anh chồng la hoài là vậy,Sadness,2
em đang ở đâu mà mấy năm rồi chưa_thấy xuất_hiện emoji_vui,Sadness,2
vì tao xấu và chúng_nó chỉ thích gái đẹp,Sadness,2
"chó chứ không_phải người , rất mong pháp_luật anh minh",Anger,4
t xem phim này cứ thích bà ma nhập vào thôi chứ bình_thường yếu đúi nhạt tao không_thích,Disgust,3
cay_đắng cuộc_đời emoji_buon một_chút vị mặn của mồ_hôi_nước_mắt,Sadness,2
"theo mình thì không_nên vì định_kiến xã_hội quá khắc_nghiệt , họ sẽ bị tổn_thương và nghĩ quẩn",Fear,1
đáng yêuc vãi anh ơi,Enjoyment,0
tao tưởng tới đoạn per tuyên_bố hôn_nụ hôn chia_tay chứ ... ai_ngờ kết_quả lại khác bây,Surprise,0
per emoji_vui chắc giống cảm_nhận của ông lái oto hôm_qua,Enjoyment,0
"ước gì mèo nhà mình cũng có_thể về nhà như_vậy , mất ẻm được 2 năm rồi emoji_buon",Sadness,2
bà ngày_xưa đẹp quá,Enjoyment,0
chỉ có mấy thằng ấn ngáo_ngơ vừa bẩn trông chẳng_giá gì . đúng là lớp 1 trượt_môn đạo_đức vì tội không_ju jin vệ_sinh thân_thể,Disgust,3
cái quần gì vậy đmm đang tủi_thân xem cái lol này nữa,Anger,4
khổ người lao_động thôi,Sadness,2
thiếu hình_ăn gà rán rồi,Sadness,2
boss hổng có 6 múi hả emoji_buon buồn_dị,Sadness,2
phải tự cho mình đau_lòng nhất thì mới bỏ được,Sadness,2
"quay quay cái lồn , thấy bị bắt_nạt thì_ra nói một câu bảo_vệ người ta , có_khi tối về lại có người nằm ôm . cứ cầm điện_thoại pin với chả_không_pin",Anger,4
yêu sắp 2 năm rồi mà không_biết người_yêu kể chuyện cho nghe là gì emoji_buon đòi mấy lần toàn kêu không_bình_thường xịu xịu,Sadness,2
hi_vọng câu_chuyện admin vừa bịa ra giúp các bạn có thêm niềm_tin trong cuộc_sống emoji_cuoi .,Enjoyment,0
nhiều lúc buồn đến_nỗi coi những vid thế_này . đéo_thể cười nỗi .,Sadness,2
"đồng_nghiệp tốt , chị_em tốt đi làm như đi chơi emoji_vui chứ làm cùng với mấy con mlz đáng sợ lắm emoji_vui",Fear,1
đây là cách các chàng trai thu_hút sự chú_ý của các cô gái hả ?,Surprise,0
chủ vô_tâm có chó mà nuôi vất năn vất_lóc không_tắm_rửa để bẩn thì trả có giận có ve,Disgust,3
tránh xa tao ra,Disgust,3
"đừng bao_giờ sợ trở_thành chính mình , bạn hãy nhớ bản_gốc luôn có giá_trị hơn bản_sao",Other,0
"và cô gái ăn cái bánh vài năm vẫn chưa_xong ,",Other,0
họp lớp cấp 2 đi được 2 lần . cấp 3 năm trước năm nay thôi nhưng đéo emoji_vui,Disgust,3
yêu thế nhè có em_gái chắc cũng vui lắm,Enjoyment,0
viết tên anh trên cát cho sóng đập nát cái matlon anh emoji_vui,Enjoyment,0
cái lò tao ghét nhất,Disgust,3
per mày mà bị như thế_này chắc mày phải nhảy ra ngoài vũ_trụ luôn nhỉ,Other,0
các b học_sinh đáng yêu quá,Enjoyment,0
con_người chứ có phải con cặc đâu mà để nói hoài,Anger,4
"tuổi_thơ mình toàn đi đánh nhau với bọn con trai , có thằng ắt_ơ nào chịu nhường_nhịn con gái đâu",Other,0
"ủa tao tưởng trái bòn_bon chứ ,",Surprise,0
vì tiền mà làm đau làm khổ người khác như thế_này sao,Sadness,2
sao giống phim good doctor của hàn vậy ? ? cũng bệnh tự_kỉ và có khả_năng nhìn được 3 d !,Enjoyment,0
kệ cha nó,Disgust,3
ngày_xưa tao cũng viết nhưng bị chị_gái đọc trộm từ đó dẹp mẹ nhật_ký luôn,Other,0
mai xem_lại phim nay . phim rất hay .,Enjoyment,0
lm ngày có trăm_ngàn thôi mà dọn lòi lol vãi_vả cức haizx thật,Anger,4
ông này đẹp vãi,Enjoyment,0
tuổi_trẻ tài cao emoji_vui,Enjoyment,0
"chỉ cần đó là việc mình thích , không_làm_phiền ai là được",Other,0
"mình thấy cũng bình_thường ny mình ủ hũ mắm_tôm , mắm_tép nếu tiếp_tục không_rửa chắc hơn 30 năm nữa là đạt kỉ_lục thế_giới ủ mắm_tôm 60 năm mất",Disgust,3
"em ơi , hết rồi hết rồi , chẳng_còn chi nữa đâu em ...",Sadness,2
có ai thấy tởm nhưng vẫn coi hết video như tao không,Disgust,3
đúng chất trẻ trâu,Disgust,3
nó lợi_dụng ở 1 khía_cạnh nào đó mà thôi,Disgust,3
cuối_cùng là hai mình ăn được ngủ được emoji_vui đứa nào cũng lên vài kí,Enjoyment,0
cả người_nhà người_yêu cũng không_đồng_ý emoji_buon,Sadness,2
tao xem mà cứ sợ nó ngã vãi emoji_vui,Fear,1
"crush một ai đó là điều không_bao_giờ có rồi , vì mình vừa béo , vừa xấu gái , vừa vv and_vv . auto nhục emoji_buon emoji_buon emoji_buon",Sadness,2
per bố ơi bảo con rể làm thế đii,Other,0
hôm_nay thật tệ emoji_buon,Sadness,2
chết mẹ mày đi không_làm được thì nghỉ nhé . kiếm đồng_tiền của bố dễ à kk,Disgust,3
ông này tài quá,Surprise,0
per . ủa sao giống răng anh vậy,Surprise,0
7 thằng này không_phải con_người chúng_mày ạ,Disgust,3
kinh tởm,Disgust,3
tag vô cho xem mấy đứa xấu tánh thôi chứ ghệ anh tánh cực_kỳ dt,Enjoyment,0
per nguy_hiểm vãi,Fear,1
tao thích bài này lắm luôn ý,Enjoyment,0
"chấp_nhận đau_khổ , để đổi lấy hạnh_phúc , mà tìm mãi hạnh_phúc không_đến thế mới đau em .",Sadness,2
tuổi_thơ của tao toàn chơi với lũ cướp đồ_ăn của tao với trêu tao cả ngày thôi chứ làm gì gặp được mấy soái như_vậy đâu .,Disgust,3
mai anh gọi tôi dậy đi emoji_vui,Other,0
per vậy cug nghĩ ra được haha,Enjoyment,0
đố ai định_nghĩa được tình_yêu . có khó gì đâu một buổi chiều . nó chiếm_hồn ta bằng nắng hạ . bằng mây nhè_nhẹ gió hiu_hiu,Enjoyment,0
nhiệt_tình ngu dốt phá_hoại . toàn_óc đi xem bđ,Disgust,3
"ông sống trên vũ_trụ , vợ ông sống ở trái_đất , ông cao thêm 5 cm là chuyện bthg emoji_cuoi",Enjoyment,0
"đồng_chí thịt vợ tương_lai của em thì nhẹ nhẹ đấy , không_là phải cứ giã như gạo là không_được đâu",Other,0
nhạc hay chứ lời xàm .. vậy cũng rần_rần,Disgust,3
khóc_lóc rồi năm sau họp lớp đéo ai đi emoji_vui,Other,0
"per mất dậy_vãi , lớn lên nó sẽ biết nó làm như này trên tv là không_hay",Anger,4
ta và nàng cùng quên .,Other,0
em không_muốn chúng_ta già đi chút nào . điều đó đồng_nghĩa với việc cta sắp xa nhau n,Sadness,2
"cấp tao tao toàn gặp mấy thằng trời đánh , per với per , hai đứa mày có đọc được thì nhớ là tao vẫn ghim hai đứa mày vì hay trêu tao , còn một thằng tên per nữa , dume bị nó bắt_nạt cho khóc suốt",Disgust,3
vỉa_hè to_thế vẫn còn muốn ăn cả ồ_hố nữa hả emoji_cuoi,Enjoyment,0
đến đoạn chúng_nó ctay con mẹ nó luôn emoji_vui,Other,0
nhớ thời sinh_viên,Enjoyment,0
"vui thôi đừng vui quá , làm ai cũng ngại",Other,0
đéo biết ! vợ tôi đéo cho nữa !,Anger,4
lạng sơn đang nắng mà,Other,0
"thiện tai , thế_giới này khi nào mới được yên_bình",Fear,1
mới tết xong . tặng cặp bánh_chưng là ưng nhất emoji_vui,Enjoyment,0
giờ thì chả_dám nhìn nữa hic emoji_buon,Sadness,2
tào_lao ròi đóa,Disgust,3
đến câu nào có đáp_số quen thì khoanh emoji_vui,Enjoyment,0
lở có sự_cố vì đó so với kỷ_luật vây có bằng không,Other,0
"nta nói đừng có nhìn mặt mà bắt_hình dong_nhg mà thực_sự nhìn bả , tôi thấy cứ đanh đá , mưu_mô , xảo_quyệt kiểu gì_ý , cảm_thấy đây là con_người không_có hậu",Disgust,3
đỉ lol đè chết mẹ đi . hát cái lol,Anger,4
công_tình_yêu làm_ăn kiểu lồn gì vậy .,Anger,4
tưởng thế_nào,Other,0
vcb thu phí dịch_vụ cao có khác . lương nv cũng hơn chỗ khác emoji_vui,Enjoyment,0
đoạn 3 móc cái dt nhanh vliz,Surprise,0
thì đã sao ?_miếng cơm nghề_nghiệp người ta . nếu_như không_thích quay thì lên đòi ban tổ_chức ấy hoặc đừng có mà chơi bóng chứ đâu ra cái kiểu bố_đời ấy,Disgust,3
nguy_hiểm thật ... suýt nữa tao ảo_tưởng con mẹ nó luôn rồi ..,Fear,1
"bố đã làm gì mày đâu , con chó này emoji_cuoi",Anger,4
"cùng cười cùng khóc cùng vượt qua khó_khăn , đau_khổ nhưng cuối_cùng lại là con_số 0 emoji_vui",Sadness,2
điều quan_trọng ở đây là mày cần sạc điện_thoại kìa,Other,0
t không_phải con sến súa . không_cần quá cầu_kì lãng_mạn . cầu_hôn tao thế_này là tao đổ rồi per,Enjoyment,0
giết người quá rồi giờ phải đi tù chứ emoji_vui,Other,0
con mèo đág yêuc quá,Enjoyment,0
bị đánh_bại bằng đòn mông . nổi ô_nhục đến chết cũng không_hết_nổi,Disgust,3
quả dạ_vâng kia ngọt vãi ngọt . đéo bù khách của tao toàn được,Disgust,3
tôi nói với các ông nhé . dắt bộ qua chốt cũng chưa_chắc ngon ăn per,Other,0
đúng các anh 2 nghĩ ra nhiều kiểu quá,Enjoyment,0
đã hói lại còn mắt thâm,Disgust,3
thế nên tao với mày không_thể làm người_yêu nhau được,Sadness,2
mèo người ta đi_lạc về nó còn nhớ chủ chủ còn được đụng nó còn mèo nhà tao đi tán_trai có mấy tháng về nhà thấy chủ như thấy ma,Sadness,2
ngày_xưa cũng như này trong lúc mối quan_hệ bắt_đầu nhạt emoji_vui haiz,Sadness,2
"per đây là thằng con trai vừa đẹp còn có não , mong per học_hỏi ! xin cảm_ơn",Enjoyment,0
"ngày_xưa , ngoài thú_vui chọc chó dí , còn chọc cho ngỗg rượt . cách giảm cân hịu quả nhất cho mấy đứa lười emoji_cuoi . nhớ lại vui thật , đúg là thời sửu_nhi .",Enjoyment,0
mình toàn làm ba_mẹ buồn,Sadness,2
thèm được bố chửi 1 lần,Enjoyment,0
thằng quay đáng bị đạp cho lăn con cụ ra mới biết sợ emoji_cuoi cứ tưởng thế_là vui emoji_vui súc_vật,Anger,4
nuôi gì mà không_có tâm gì v nè,Disgust,3
tốt nhất không_đi đâu cả nhé ..,Other,0
bé giỏi_toán quá nên cô_giáo mất dạy luôn,Other,0
couple cuối . yêu chết đi được,Enjoyment,0
cai nay do co_roi . ai con ban_nua không,Other,0
đây là 1 câu_chuyện buồn,Sadness,2
đã từng được ăn_ké vài bữa,Enjoyment,0
cưng nhỉ,Enjoyment,0
"per này , thích thì xem cho đã con mắt đi đáng sợ quá mà",Fear,1
cũng thơm mà . kì_thị quá à .,Enjoyment,0
nếu ai cũng có ý_thức tốt_đẹp thì đất_nước này còn gì để nói . đâu_có_ai hoàn_toàn hoàn_hảo đâu bạn . dù là moi tần_lớp,Enjoyment,0
"thương quá . giờ con đi học ở lại cả ngày thì hên xui thôi chứ biết làm_sao , không_ăn thịt heo thì ăn gì . mong sao có lệnh tạm dừng ăn thịt heo trong thời_gian này cho các trường mầm_non thì hay biết_mấy .",Sadness,2
nhìn qua ảnh thôi cũng thích emoji_cuoi,Enjoyment,0
nhà thì như cái chuồng lợn còn bày đặt đắp mặt !,Disgust,3
"tôi xin nhắc lại , đây là một câu_chuyện buồn",Sadness,2
nên công_bố để răn_đe,Other,0
"dù thế_nào thì anh tôi luôn bất_hạnh , ai khóc cho anh khấc tôi đây emoji_buon",Sadness,2
"đang làm nhiệm_vụ mà cứ_léo nhéo thế nhỉ , để cho cán_bộ gọi về cho chỉ_huy đi",Disgust,3
nấu cơm như_vậy xong đi lên nhà xem hoạt_hình .. đến lúc hết phim xuống để xới cơm thì .... khét_lẹt,Sadness,2
có ai không_sợ nhưng giật_mình như tao không_emoji_vui dumehuhonchimen,Enjoyment,0
"đêm hôm coi lại , cười mún_rụg rún",Enjoyment,0
năm nào mà tao chã cô_đơn,Sadness,2
giận ngược trở_lại chúng_nó sớm chia_tay thôi emoji_vui,Other,0
sao trận này ông này khóc nhỉ emoji_vui,Surprise,0
bọn yêu nhau tưởng thế_là hay,Disgust,3
"khi bạn cố_gắng kéo_lại với người ta và họ chụp màn_hình gửi cho mọi người , còn đem đi kể nữa chứ",Disgust,3
"bằng_lòng với những gì mình đang có đi , trên thế_giới có rất nhiều người không_được như mình đâu",Other,0
per bá_đạo quá,Surprise,0
lâu rồi không_được nhìn nụ cười ấy,Sadness,2
bao năm ăn_học ở trg mà các vị làm vài vụ như_thế_nào 1 năm thì lại vui quá . vks ạ,Other,0
dịch_vụ tận_tâm . đáng yêu quá ! x,Enjoyment,0
câu_chuyện dễ_thương thật emoji_vui,Enjoyment,0
là đi phát tờ_rơi ngay mấy ngã tư và cổng trường đại_học ! được 200 k về mua skin yasuo siêu_phẩm 2016,Enjoyment,0
mình chỉ nói đến cơ_hội việc_làm thôi chứ không_bàn_luận gì về việc ông ấy là người như_thế_nào bạn nhé ? ?,Other,0
còn nhiều người khổ hơn mình emoji_vui,Other,0
"tội mày quá , lần sau mày bình_tĩnh hơn nhé",Sadness,2
per cười đau bụng luôn,Enjoyment,0
per dẹp hết . không_có bán mua quần_què gì nữa hết,Anger,4
"nhìn 1 cái , cười 1 cái rồi về thôi",Enjoyment,0
tuổi_thơ dữ_dội là đây .,Enjoyment,0
tính ra con_bé đó chuyên_nghiệp ấy chứ,Enjoyment,0
cái địt con mẹ mày ... biết bố mày xem xong tí rơi điện_thoại không_emoji_buon emoji_buon emoji_buon emoji_buon emoji_buon emoji_buon emoji_buon emoji_buon emoji_buon,Anger,4
per sao tội_vạy em,Sadness,2
đéo hiểu,Other,0
nhớ cái bếp của mẹ .,Other,0
tao ghét nhất đăng mấy thể_loại v . đúg là nhãm lol,Disgust,3
ghét mấy cái thể_loại này . toàn lũ hãm,Disgust,3
hẳn là phạt 5 triệu luôn,Other,0
cuộc_sống mà,Other,0
sao không_mua thịt về ướp dưới nền rồi nướng luôn,Other,0
nói cái này quá là bình_thường luôn không_đến mức phải xù_lông nói là cười nhạo đâu ạ,Disgust,3
coi xong đoan này . tao thấy nhớ nhà vô_cùng emoji_buon,Sadness,2
công_nhận đồng_nghiệp hạp_hạp tí có_khi ngồi buôn cả ngày bám hơn cả bám người_yêu . đi làm hôm nào cảm_thấy hôm đó ý_nghĩa vãi,Enjoyment,0
ông_bà có đam_mê .,Other,0
nếu_như bạn nào không_biết là bạn đồ chanh chẹ,Other,0
cái vị mà tao nghĩ đến cuối đời con_người vẫn chưa_nếm hết,Other,0
hóa nhện tỏ_tình đấy emoji_vui,Enjoyment,0
tôi từng trách bố_mẹ sao sinh tôi ra trong hoàn_cảnh này,Sadness,2
khu này đẹp vãi chưởng,Surprise,0
nhớ lại mỗi lần thay tim .. emoji_cuoi,Other,0
em này sao giống chị tao quá vậy,Surprise,0
"ngay bây_giờ , chỉ cần anh thật lòng với tôi là được emoji_vui",Other,0
per 2 đại cao_thủ đấu đầu emoji_vui,Other,0
dễ thương_vầy,Enjoyment,0
tao đang nghiêm_túc đấy,Other,0
nói không_phải khoe chứ em đi xe_bò đi học,Enjoyment,0
đm phải tao tao chửi mả bố nhà chúng_nó lên chứ trêu trêu cái lol_vả cho mỗi thằng ml vài cái chứ ở đấy cho chúng_nó quây rồi nhăn_nhỉ với nhau ..,Anger,4
"hết cấp 3 , hết đại_học và chỉ mới bắt_đầu 1 cuộc_chơi khác .",Other,0
"cả đống người trên đường , mà nó chỉ dí mình tao emoji_buon . t đã làm_nên tội_gì emoji_buon emoji_buon",Sadness,2
đã bảo cho tôi đi trước rồi mà không_chịu . v,Other,0
per còn nhớ hay đã quên,Other,0
nếu chịu_khó đặt vào hoàn_cảnh của nhau mà sống thì cuộc_sống đơn_giản hơn rồi đó,Sadness,2
cưng v trờii .,Enjoyment,0
per emoji_buon emoji_buon miss_you .. chính_xác luôn ak hậu,Sadness,2
rồi liệu nằm với vợ ông làm thế_nào nhỉ,Other,0
sau mỗi cuộc chia_ly người ở lại vẫn là người đau_lòng nhất emoji_buon,Sadness,2
"phim hay dã_man diễn_viên chính đẹp_trai , xem đi xem_lại không_chán",Enjoyment,0
tình_yêu là sự mù_quáng mà hix,Sadness,2
dễ_thương quá,Enjoyment,0
"má , mặt đúng ngáo luôn emoji_cuoi",Enjoyment,0
có một sự tổn_thương không_hề nhẹ ở đây,Sadness,2
tết trung_thu chứ có phải tết giao_phối đâu mà cần gấu với chả_gà,Disgust,3
"per làm ở đâu không_quan_trọng , quan_trọng là vẫn buôn chuyện đều emoji_cuoi emoji_cuoi emoji_cuoi",Enjoyment,0
"kệ mẹ nó , giận được bao_nhiêu thì giận . cắm sừng thì tao tiễn_vong luôn",Disgust,3
ra cái chỗ sóng không_táp thì đéo ra cáu vãi emoji_vui,Anger,4
hãy cảm_ơn vì chúa đã ban em cho chị emoji_cuoi emoji_cuoi,Enjoyment,0
họ đáp vì phép lịch_sự còn mình vì yêu mà chủ_động vì quan_tâm mà hỏi đủ điều ..,Sadness,2
emoji_vui bật nhạc lên và quẩy thôi,Enjoyment,0
nhà tôi còn nè,Enjoyment,0
per theo vợ nghĩ nếu là chồng thì chắc con đó dù là giả cũng sẽ lên nồi,Enjoyment,0
món này ngon_vãi,Enjoyment,0
per viêm màn túi cấp nghiêm_trọng,Sadness,2
kinh vãi,Disgust,3
đến bao_giờ mới nhận được tiền nhỉ,Other,0
dăm_ba con nhện nghĩ tao sợ,Enjoyment,0
ngày buồn hôm ấy tôi cũng là người rời khỏi lớp cuối_cùng . ! ! !,Sadness,2
"mình muốn tag mấy ông hàng_xóm vào đây để các bác ấy biết rằng , bác ấy không_chỉ buồn mà_còn hát rất dở",Disgust,3
là mỗi buổi sáng thức dậy ta có thêm 1 ngày mới để yêu_thương .,Enjoyment,0
dume dễ_thương vãi ? ?,Enjoyment,0
ủa làm gì đánh tao muốn chết vậy đuỹ ?,Anger,4
sau_này nhất_định phải nói_chuyện lịch_sự emoji_vui không_phải một người đọc mà là mọi người cùng đọc emoji_cuoi,Other,0
3 s để tôi nói tôi yêu em và cả quãng đời còn lại để tôi chứng_minh lời tôi nói tôi yêu em,Enjoyment,0
ấm hơn cả người_yêu emoji_vui,Enjoyment,0
e lên mang câu_chuyện này đi thi thách_thức danh_hài . rất duyên,Enjoyment,0
thấy topic đúng tâm_trạng quá .,Enjoyment,0
chụp không_biết_bao_nhiêu lần rồi,Other,0
bài này hay tuyệt_vời đấy,Enjoyment,0
thật_ra là nó muốn kiếm em_gái anh_trai mưa đấy,Other,0
"ai mang đồ_ăn cho anh ấy đi , kẻo đói tội_nghiệp",Sadness,2
"coi khúc đầu không_hiểu , đến lúc ổng bước ra khỏi làn_khói , thật không_thể cầm được nước_mắt",Sadness,2
rất biết cách ngồi đấy nhỉ ? ? ? ?,Other,0
per phim đó thì nam_chính hay nữ chính đều chạy cả,Other,0
mấy con yêu_nghiệt ngày_xưa nội có nuôi 2 con cứ ra đằng sau là nó dí chạy muốn tuột mẹ quần,Fear,1
"hồi xưa , giờ yêu kiểu người_lớn cơ mà",Other,0
có vợ nên lắm . váy mới ngày_trước toàn áo chấm_bi của mẹ,Enjoyment,0
nó cưng quá mày,Enjoyment,0
trời có bạn nhận ra mình luôn à,Surprise,0
emoji_buon emoji_buon emoji_buon emoji_buon emoji_buon emoji_buon,Sadness,2
tao nhìn sợ vãi,Fear,1
cảm_ơn bạn đã yêu đất_nước việt_nam tôi,Enjoyment,0
quan_trọng là ông_bà nội_ngoại bạn phải giàu cái đã,Other,0
"chắc ông chồng hạnh_phúc lắm khi sống chung với người vợ như_vậy , những đứa con chắc cũng yêu mẹ họ lắm ! mà thặc ra là giống với mẹ tớ lắm kk",Enjoyment,0
eww mình chẳng_giữ được gì huhu,Sadness,2
vậy cũng được luôn hả ?,Surprise,0
bộ phim này xem rất sướng . và rút ra được khám_phá là thứ tuyệt_vời nhất chứ không_phải bằng_cấp . giá như mấy ông bộ và mấy ông ngành dành thời_gian xem phim này một lần .,Enjoyment,0
xem không_dưới 3 lần chia_sẻ không_dưới 2 lần nhưng mỗi lần nhìn thấy lại xem_lại buồn,Sadness,2
bây_giờ gái nó chỉ cần bông hoa đồng_tiền ném vào mặt nó để nó ăn_tiêu chứ nó cần gì cái cây lu_miên này .,Disgust,3
"mút này mình xịt nước cho nó mềm ra , lấy chổi đùa đùa lại quét tới lúc nghỉ_việc luôn quét cũng chưa_xong nha , thứ nl",Disgust,3
và hơn hết là tụi nó không_còn coi mình là con gái nữa,Sadness,2
moẹ thấy u_ám hơn thì có . dume,Anger,4
hú_hồn lon vẫn còn,Fear,1
"một lúc_nào đó chúng_ta sẽ không_nói_chuyện nữa , lúc đó có_lẽ em thật_sự đã buông bỏ được rồi ...",Sadness,2
hẳn là thần_tài . mê tín_vãi,Disgust,3
bớt chọc điên tao và bớt leo lên đầu tao ngồi emoji_vui hãy để yên cho tao hiền,Disgust,3
per kỷ_niệm khó quên nhỉ kk,Enjoyment,0
địt mẹ hoang_đường !,Disgust,3
"cô_giáo chủ_nhiệm hơi bị khốn_nhỉ ? cô như_vậy thì học_sinh sao này học theo cái tính tráo trở , hai mặt",Disgust,3
xin chúa thương_xót chúng con,Other,0
lâu quá mới nghe lại bài này buồn thế,Sadness,2
rất thuyết_phục,Enjoyment,0
mình hỏi mua rồi mà người ta kiểu nữa muốn bán nữa không_bạn,Other,0
buồn nhất là crush cũng chả_có để mà thả emoji_buon,Sadness,2
"ồ ! thật là bất_ngờ , thật là thú_zị , thật là liên_quan ?",Surprise,0
per anh tải cái này về cho per học nè . thú_vị ghê,Enjoyment,0
per làm gì quên được kk,Enjoyment,0
nhìn thế thôi nhưng làm được video như này cũng khó lắm hay phết emoji_vui,Other,0
hợp lớp cái đéo gì được chục thằng,Disgust,3
ủa vậy phạm_tội thì có ẩn_danh không ? emoji_vui_ngộ àh,Disgust,3
lấy vợ xong anh có_vẻ mũm mĩm nhỉ 333,Enjoyment,0
dỗ lại dễ thôi mà . nhỉ nhỉ,Enjoyment,0
cho tao hỏi mấy con súc_vật tụi bây cười cái gì dzậy ? chắc tụi mày phải bị_gậy vụt vào mõm thì mới hết dám ngẩng_mặt nhìn đời phải không ?,Anger,4
bạn nào cần bạn thân là con trai không_emoji_vui,Other,0
tao bị quỳ cột cờ mới ác . cả trường biết mặt luôn . nhục vãi,Sadness,2
tao đã đóng_dấu cấm đứa nào rớ vào emoji_cuoi,Enjoyment,0
"dm tuổi_thơ tao lại toàn ba thằng hãm lol , độc_chép bài .... đùa đùa_đéo cho chép chúng_nó chửi sấp mặt luôn",Anger,4
và thế_đéo nào chúng_nó toàn gọi mình là thằng,Anger,4
khôn_lõi đời à ?_chừa này,Disgust,3
cũng chỉ là tạm_thời . chỉ khi nào nguồn nước bẩn thôi đổ vào sông thì mới đảm_bảo được .,Other,0
per ru con để vợ đắp mặt_nạ kìa ? ? đúng là chồng người ta chưa_bao_giờ làm mình thất_vọng ? ?,Enjoyment,0
"thật thà_vãi , mà tao chỉ thích ăn xoài_chua .",Other,0
per vẩy cật_lực luôn emoji_cuoi,Other,0
sao toàn gái ngành với bọn chủ_tịch bình_luận không_vậy emoji_vui,Disgust,3
đây còn hơn cả vua . giàu mà nghĩ lớn làm lớn .,Other,0
bất_ngờ thiệt_emoji_vui,Surprise,0
"đang ỉa xem cười như điên , kk",Enjoyment,0
nghiệt_ngã hơn là phi_hành_gia_đéo tuyển mấy đứa lùn emoji_buon,Sadness,2
con mụ mất dạy . già mà lăng_loàn . thấy người ta yếu_thế hơn mà khôg giúp dựng cái xe dậy rồi nói với nhau vài câu tử_tế . lại còn tỏ nguy_hiểm định ăn_cức người ta ak,Anger,4
thiếu cái que chấm dầu là ổn emoji_cuoi,Enjoyment,0
bình_thương tao hay cười lắm . nhưng khi tức tên ... tao lại khóc . quá yếu_đuối,Sadness,2
ăn ngon nhưng nóng không_chịu được,Fear,1
vừa đây về đông kinh_hồn càng về đêm càng đông,Fear,1
per tổ đội đánh rắm vào mà xem,Other,0
bếp thiiêu chân_mày,Other,0
con_người ta giỏi nhất là ảo_tưởng vị_trí của mình trong lòng người khác,Disgust,3
"đúng là tuổi_tác nó không_chứng_minh được gì cả , già rồi ăn_nói không_văn_hóa cử_chỉ hành_động_tục tĩu hết nói nỗi",Disgust,3
ra vậy . nguy_hiểm thật emoji_buon,Fear,1
per hết tiền thật_sự emoji_buon,Sadness,2
nóng quá nên đổ lên cho mát thôi mà emoji_vui,Enjoyment,0
cưng quá emoji_vui,Enjoyment,0
lỗi của lái tàu nhé,Other,0
ai cũng bận cả và không_ai rảnh_rỗi ngày_ngày quan_tâm bạn đâu ?,Disgust,3
nuôi con chó mà để ve_thế không_thấy tởm nhỉ ?,Disgust,3
tuổi_trẻ tài cao vãi,Enjoyment,0
vô_duyên và hài_hước nó có 1 làn ranh_giới mỏng_manh vãi,Other,0
đứng xa ra thì dễ_dàng rồi emoji_cuoi cái ngu ở đây là không_viết được nhưng vãn cố_chấp thôi emoji_cuoi,Disgust,3
xui thôi chứ quyền đang hay mà emoji_buon,Sadness,2
công_an béo như lợn không_đuổi nổi tội_phạm emoji_cuoi emoji_cuoi,Enjoyment,0
nhưng tôi đéo có bạn trai thì phải làm_sao ?,Sadness,2
nhìn cái ngành gd việt_nam bây_giờ ai cũng mệt_mỏi,Sadness,2
"đó tao đi học tới 12 , mà dô lớp lì vẫn bị thầy cho nằm úp trên bàn trước lớp , kéo tà áo_dài lên rồi đập cho mấy cây . giờ quánh thì không_cho trừ mấy thầy_cô yêuc_quái cho mấy trăm cái bạt_tai thì không_tính , phạt quỳ thì cũng lên báo . thua luôn .",Disgust,3
cái gì mà rớt hột_le tè vậy em_gái,Enjoyment,0
per trước cái thời ở trọ nè anh,Other,0
sợ vãi emoji_cuoi,Fear,1
lãng_mạn vãi_chưởng emoji_cuoi 0,Enjoyment,0
per tao tán sấp mặt,Anger,4
việc_làm và ý_thức của những cổ_động_viên kém quá . mất hình_ảnh bóng_đá per còn mất 1 tỷ tiền phạt .,Disgust,3
sao nhìn nó đấm_đéo có_lực gì hết nhỉ,Other,0
mình bị say xe bạn à emoji_buon,Sadness,2
per haha cái t2_hợp với em nè,Enjoyment,0
vậy là thế_giới mất đi không_biết_bao_nhiêu món nướng rồi emoji_buon,Sadness,2
nói thật emoji_vui tao chỉ buồn_cười khi chúng_nó chia_tay thôi emoji_vui,Enjoyment,0
kết_thúc phim bất_ngờ quá,Surprise,0
"mới xem 1 đoạn xíu này mà cũng khóc hết hơi , nhìn em bé mất_bố mà quay ra nhìn lại con mình đỏ_hỏn nằm bên cạnh , thấy thương quá emoji_buon",Sadness,2
xứng_đáng cho cái ngu của thằng oto .. nghiền nát luôn oto càng tốt .. để cho cái lũ não ngắn nó hiểu được quy_định của hành_lang đường_sắt là như nào .,Disgust,3
ơ cưng 3 3,Enjoyment,0
nếu câu_chuyện này được liệt_kê vào danh_sắc câu_chuyện cảm_động nhất_trường thì câu_chuyện của thư sẽ được liệt vào đâu_đây emoji_cuoi emoji_cuoi emoji_cuoi per,Other,0
"tại giống nhau quá , nhưng đừng như người ta nha , nghĩ đến tự_tử các thứ chẳng_có gì là hay cả",Sadness,2
còn trẻ trâu lắm cả hai đứa,Disgust,3
"mong là nước_pháp sẽ tập_trung xây_dựng ổn_định trong nước , và đừng đụng_chạm tới nước khác nữa",Other,0
ngắn_gọn thôi_thế bây_giờ mày muốn tao_dỗ hay_là tao giỗ v,Other,0
tao thích con_bé nuốt chuối,Enjoyment,0
ng ta nuôi vì niềm đam_mê,Enjoyment,0
trường mình chị lao_công đóng_cửa emoji_buon,Other,0
thính đấy đừng dính . vì 1 ngày nào đấy mày sẽ nhận ra không_chỉ mình mày mới được vậy,Disgust,3
nước_ngoài có đầy mà emoji_vui,Enjoyment,0
bô phim khiến bọn sinh_viên có lí_do để lười_học theo li_thuyết là đây,Enjoyment,0
hơn cả bộ phim kinh_dị !,Fear,1
nằm ngó miệng kiểu đó ai dám ăn ? ? ? ? ? ?,Disgust,3
cả một bầu_trời đáng yêu emoji_vui,Enjoyment,0
hic hic mình còn chả_bao_giờ được giận lại ấy chứ emoji_buon,Sadness,2
còn người_yêu tao một_hơi có một anh đẹp_trai bay lơ_lửng rồi ôm lấy em khi em tắm emoji_buon,Enjoyment,0
nó sẽ thì_thầm tai_mày dượng đây,Enjoyment,0
tập có lỗi với thằng quay_phim mà tao xem ba lần tao vẫn cười đứt_ruột,Enjoyment,0
xem xong video tự thấy mình còn không_bằng con chó ...,Sadness,2
tóm_lại là giá_trị của anh đéo bằng 1 cái bánh,Disgust,3
cay mắt,Sadness,2
đánh cho lắm đéo thấm_miếng nào khi main chỉ hất mông 1 phát bay mất tiêu_emoji_vui,Disgust,3
thằng kia cute đáng yêu mà cái con ý nó xấu z trời haha,Disgust,3
dume đêm ròii emoji_cuoi tao cười vãi_tí hàng_xóm qua đánh bỏ mẹ,Fear,1
sao cái gì em cũng biết vậy emoji_vui,Surprise,0
per đúng là như_thế,Other,0
công_nhận ngầu thật,Enjoyment,0
tình_yêu đâu phân_biệt là gay hay không_gay vì đó là sự lựa của con tim mà họ đã nhắm tới ! .,Other,0
dhs nhìn thằng đầu_tiên trông ớn_vãi chị_em bg thích style lạ ghê ta bá_khí ? ? ? ?,Disgust,3
môi_trường làm_việc là yếu_tố quyết_định,Other,0
nhớ lắm .. cay_mắt lắm ....,Sadness,2
ph emoji_vui_phê hơn cả cần nhé . nên mua cái này về dùng tốt cho chó và người emoji_vui,Enjoyment,0
mất rồi có lấy lại được đâu emoji_vui cái gì nó cũng chỉ là quá_khứ,Sadness,2
đéo mang não ... tay lại nhanh hơn não rồi ..,Disgust,3
ước gì được giận lại,Sadness,2
nó bỏ_mình đi rồi mỗi lần nghĩ tới nó ôi sao mà xót tim gan hơn mất người_yêu,Sadness,2
ngày cuối_cùng thực_sự buồn,Sadness,2
nếu là tao thì tao sẽ không_ăn được miếng nào,Sadness,2
bọn rải đinh nó đéo biết xe đi nhanh mà bị xì_lốp thì như_thế_nào ? ? ?_não lol,Disgust,3
ngoài_ra còn một_số cái buồn nữa . không_giải_quyết kịp_thời thì ? ?,Sadness,2
nghe nói dạo này bạn dưỡng da để kiếm người_yêu per,Enjoyment,0
"em đi xe_đạp , có gửi bao_giờ đâu mà biết bác ơii",Other,0
"chuẩn đó , mà quên chưa_có người_yêu",Enjoyment,0
"tập_thể năm nay lại làm mình tiếc_nuối từ thành_viên đến gvcn ,",Sadness,2
đọc có chỗ vô_lí vãi,Other,0
có_khi nào mình thích anh hàng_xóm vì mình thích con mèo nhà anh không_nhỉ,Enjoyment,0
ờ tao tao thông_minh thiệt đã dừng lại đúng lúc,Enjoyment,0
nghe ảo_ghê nhưng cũng có_lý,Other,0
"đéo kiếm ra tiền , nấu có 3 bữa cơm với đưa_đón con đi học mà_còn không_xong , chắc để mẹ già làm hộ hay để chồng nó đi kiếm tiền về rồi nó hầu cho",Disgust,3
đục_khoét tuổi_thơ vãi,Other,0
nhiều bạn cứ phán_nọ kia nặng lời quá . chỉ là bạn_ý có cách bóc_phốt duyên_dáng và hài_hước thôi . chứ đâu_có_nặng_nề như các bác nghĩ ..,Disgust,3
bảo ba_mẹ dẫn đi bác_sĩ ngay đi,Other,0
ui cưng quá,Enjoyment,0
không_biết s chứ ngày lúc 17 t tao đi phục_vụ phòng karaoke ... mình tao 2 phòng chạy_qua chạy lại mệt quá vì xỉn ... kk . thế là tao nghỉ trong ngày đầu vào phục_vụ karaoke .,Enjoyment,0
tôi là ai đây là đâu v tôi đã làm gì sai 3,Surprise,0
nghiệp hơi nặng_nha ! . làm hết hồn,Fear,1
"mấy thằng ngáo để cho chết mẹ nó đi cho xã_hội yên_bình , quan_tâm làm gì",Anger,4
mình còn chưa_kịp đến emoji_buon,Sadness,2
"per tìm tao con nhện này , con này lãng_mạn coá",Other,0
vừa_mới xem hqua . kết_thúc phim nhạt quá,Disgust,3
làm công_nhân đã khổ rồi mà tụi nó còn nỡ_lòng nào_hại người ta nhắn tin,Sadness,2
mất bà cái tuổi_thơ .,Sadness,2
không_những công_khai . mà phải cho thi lại . để biết đúng thực_lực,Other,0
đã bảo_bố mà mật_vụ rồi ! hỏi lằm hỏi lốn,Anger,4
hú hồn hà,Fear,1
per bếp ga nha,Other,0
rảnh rảnh ngồi cưa bàn với cưa cổ_thèn ngồi gần mỗi khi nó ghẹo cũng vui ? ?,Enjoyment,0
per tao thấy tao trong đó ahahahaha,Enjoyment,0
ai biết bài nhạc đoạn này không ?,Other,0
tao muốn con mèo thôi emoji_cuoi,Enjoyment,0
vỡ tan là như_thế ấy,Sadness,2
đúng chất người đẹp mặc rẻ_rách cũng đẹp,Other,0
"per huhu đúng quá nè sư_phụ đi rồi , còn per thôi , đừng đi đâu nữa nhaa emoji_buon",Sadness,2
thương quá . géc nhất những người nuôi chó mà không_chăm ... tội cho kiếp em nó gặp phải 1 người chủ như_vầy . thân_thương !,Sadness,2
nhìn mà nổi hết da gà,Fear,1
hẳn lớp đó nhiều nữ lắm ha,Other,0
ngày tao chia_tay tao khóc quá trời luôn,Sadness,2
đứa lồn nào vẽ cái ổ điện thế emoji_cuoi,Disgust,3
công_tình_yêu này nhân_viên đông vậy luôn hả ?,Surprise,0
ai giúp bé với hix,Sadness,2
"200 năm xây_dựng , tồn_tại 800 năm , thật là tiếc cho nước_pháp .",Sadness,2
per là ai thế nhỉ cụ emoji_vui,Other,0
đôi_khi đi tù chỉ để thỏa mãi thú_vui,Enjoyment,0
thô nhưg thật emoji_vui,Enjoyment,0
nhìn lại giờ đéo biết vì sao ngày_xưa mình đỗ đại_học,Other,0
đã tìm ra cụ tổ của những chiếc sừng,Other,0
cảm_thấy mình thất_bại emoji_buon,Sadness,2
hãm 1 rổ_lồn . chúc_mừng bạn đã chọn nhầm người để tâm_thự,Disgust,3
"chân ngắn như tao thêm combo_mập nữa thì tao đéo nhaỷ đâu , tao thả mình trôi sông luôn cho lẹ",Disgust,3
có người_yêu coi_bộ cũng vui emoji_vui,Enjoyment,0
trong mv mà có tao đứng dưới mưa nữa thì buồn phải_biết,Sadness,2
đi viện thôi mà có cần phải đẹp vậy không,Surprise,0
"thôi xong nhá , mấy đứa mà xác_định làm răng cả đời thì ... tập xác_định",Other,0
"thằng chém gió lúc bà ấy đẩy ông ấy vào nhà_thương điên_tâm_thần sao mày không_mở mồm ra nói .... !_giờ thì gió chiều nào theo chiều ấy cho thằng như này nằm ở công_ty thì không_khác chuột_bọ , rắn_rết",Disgust,3
dume thằng ghép nhạc nhé ? ? ? ? ? ? ? ?,Disgust,3
per thay_đổi đại từ nhân_xưng .,Other,0
"trưa nay nhà em ăn cơm , admin nói với mấy chú truyền_hình đừng chiếu tin này lên nha",Other,0
"cụ mua cái đoạn đường này chưa_cụ , đg nếu không_cấm đỗ xe thì người_ta có quyền đỗ thôi , ghét nhất cái kiểu coi_lòng đg như nhà mình rồi vừa đỗ cái xe vào là ra chửi . dcm",Anger,4
tao mà biết tụi bây là mấy con đĩ nào tao nhổ lông lồn tao lắc hai cái mép lồn chết mẹ tụi bây emoji_vui,Anger,4
ăn nhiều mau_khỏe .. tôm_cá ấy mày giàu canxi,Other,0
có ai xem đi xem_lại như tao mà vẫn cười đéo_nhặt được mồm không_ạ emoji_vui,Enjoyment,0
nhẹ_nhàng bay lên và hạ_cánh thất_bại do lổi kỹ_thuật,Sadness,2
per cái đó là ngu chứ thik_đéo gì,Disgust,3
lại thêm một con ngáo bất_hạnh,Sadness,2
"tuổi_thơ của tôi toàn gặp những thằng nhỏn mỏ lên chửi nhau , xách giày_dí nhau chạy .",Disgust,3
sao mày không_nghĩ_lại thêm 1 thừng bị noá_xẻ thịt,Other,0
chỉ biết xem và ngậm_ngùi lướt qua,Sadness,2
thật_tình là rất xin_lỗi anh ở trog video . hi_vọng sẽ gặp được anh để xin_lỗi và tạ_tội với anh . thật_ra hộp quà trong video là của con lol_per với người_yêu nó tặng nhau dịp sinh_nhật . hícc,Sadness,2
hihi lâu lắm rùi mới thấy nó,Enjoyment,0
chắc gái xấu p,Other,0
"nếu chấp_hành nghiêm_chỉnh luật giao_thông ai phạt mình được nhỉ . cũng giống như đi học không_thuộc bài giáo_viên cho 0 là phải rồi . tất_cả là do ý_thức con_người , đừng đỗ lỗi cho ai .",Disgust,3
mình trả phòng là chăn ga gấp gọn_gàng . đồ_đạc hẳn_hoi trả người ta . dù_sao mình cũng như người ta bẩn_dọn mãi không_sạch ai chẳng_điên,Enjoyment,0
quan_trọng phải là thần_thái,Other,0
giọng lại còn ấm nữa chứ,Enjoyment,0
ích_kỷ . cứ đường trước cửa là của nhà mình ah mà ra đuổi người ta,Disgust,3
thằng kia lắm lông quá nha emoji_vui,Disgust,3
per anh ơi mua đập 1 phát vào mặt tụi chê mình đi anh,Anger,4
gần nhà tao lại chẳng_còn sót lại anh nào huhu,Sadness,2
khi tắt đi mới thấy ngạt thở .,Fear,1
ra sông mò đồng xu cùng ông anh hàng_xóm được khoản kếch_xù emoji_vui,Enjoyment,0
tưởng khoe người_yêu,Disgust,3
quán tao vỡ sụp xuống hơn mưa,Other,0
bộ phim đầu_tiên làm tao khóc thành tiếng,Sadness,2
"hồi xưa vào trông nhà cho ông_bà , thuê đĩa võ_thuật này xem cho mạnh mé đỡ sợ mà thuê ngay đĩa này . ám_ảnh quả nhạc tao tao téo vãi",Fear,1
ừ thì là chuyện cổ_tích . cháu đang đi đường_thẳng gặp mấy chú thì phải rẽ ngang . emoji_buon emoji_buon,Sadness,2
heo vàng cái lol . toàn bịp nhau . má nó gắp heo vàng 20 lần trúng mà nó toàn được tặng 6 sms miễn_phí rồi thì thêm 1 lượt gắp,Anger,4
quả cr7 mà kill_đéo gì nhỉ,Disgust,3
cay cái ông chụp ảnh chụp góc nào cho ông ý bớt khổ đi được không,Disgust,3
nhà nào nuôi nó mà ác_thế,Anger,4
mỗi lần quyết_tâm bỏ mà_lại thấy cười . đm đời,Sadness,2
con này tuổi gì với con nhái với con thằn lằn emoji_vui per,Disgust,3
wtf nắng rồi mà,Surprise,0
cái tội sờ_mông người ta ? ?,Disgust,3
nhưng nó sẽ to và rộng ra emoji_buon,Sadness,2
tao đéo thấy nó hay trỗ_lào mà bọn nó cuồng_vãi,Disgust,3
ny tao đbh dỗi . chọc kiểu gì cũng không_dỗi . đáng yêu vãi emoji_cuoi,Enjoyment,0
không_phải thích của_cải mà là thích ý_chí của họ . đàn_ông có chí tiến_thủ bao_giờ cũng quyến_rũ,Enjoyment,0
ước_mơ là không_cần học cũng giỏi,Other,0
học từ_bỏ những thứ trời không_cho nói thì dễ nhưng nhiều lúc quyết_tâm lắm vẫn không_làm được .. emoji_buon emoji_buon emoji_buon,Sadness,2
"quê tao mà , tao nhìn 1 cái là biết ngay",Other,0
từ lúc đấy tao không_ăn được các loại thịt ngan ngỗng vịt lun emoji_buon ám_ảnh vãi,Fear,1
per ai củng_đi mà đem về như tao thì không_cần phải có công_nhân vệ_sinh rồi,Other,0
gớm quá . nhớ lại lúc còn đạp xe đi học cán qua mấy lũ nay kêu bốp bốp_rợn hêt cả da_gà da vịt,Disgust,3
cũng muốn vứt giày cũ nhưng lại không_có tiền mua giày mới . đành chấp_nhận đau chân vậy,Sadness,2
"mong là bố_mẹ mình không_đọc được tin này , sợ vãi",Fear,1
sợ vãi,Fear,1
đi cho vui chứ chả_mua_sắm gì emoji_vui người every where,Enjoyment,0
"thà biết rồi đau 1 lần cho tởn rồi thôi , chứ đừng để nỗi đau cứ day dẳn giằng_xé mãi cả đời",Sadness,2
còn không_ngồi xuống dọn phụ em nó mà ngồi bấm điện_thoại,Anger,4
"t nghe nói đi tập gym sẽ có người_yêu ... !_aww . điều đó không_sai , điều đó là có thật emoji_cuoi emoji_cuoi emoji_cuoi",Enjoyment,0
"per 2 con hay cap màn_hình nhất thế_giới , nói_chuyện với nhau toàn cười ỉ",Enjoyment,0
thực_tế thì con gái sẽ gục ngã trước một người đàn ô hài_hước hơn là điển_trai,Other,0
gáy sớm để làm_gì cơ chứ haizz,Sadness,2
vậy bỏ tiền mua cái máy_tính đó để chi ta ? ? ?,Surprise,0
đẻ sao mà cu con đẹp quá vậy trời,Enjoyment,0
có bao_giờ con sóng không_xô vào bờ đâu em ....,Other,0
húp trọn sàn nhà,Enjoyment,0
nhanh ghê mới đó đã 9 năm rồi emoji_buon,Sadness,2
thế mà cô yến bị phạt có 5 triệu v,Disgust,3
đó là động_lực chứ không_phải để đem ra so_sánh ..,Other,0
"hòi nhỏ nhà ngoại bị rượt muốn chết , sợ tới giờ emoji_buon emoji_buon",Fear,1
à thì_ra là như v emoji_cuoi,Enjoyment,0
"muốn hun , muốn ngắt , muốn nhéo , muốn tán vào cái mặt nó ghê , yêu vãi ? ? ? ? ? ?",Enjoyment,0
con mèo đúng là cái đồ đáng ghét,Disgust,3
giờ tao mới nhớ tao đã từng emoji_vui,Enjoyment,0
per chị rep khách_hàng thế ấy hả emoji_buon bị bóc phốt rồi,Sadness,2
tao mà nhậu xong đi cái đường này xác_định,Other,0
cũng tên quỳnh nhưng 2 số_phận thật khác nhau emoji_buon chỉ mong được 1 góc nhỏ xiu_xíu của b,Sadness,2
quan_trọng là họ quảng_cáo nói có đúng không . hay_là được ít năm hỏng thì mệt,Other,0
cũng may tao là một con đàn_ông emoji_vui,Enjoyment,0
các anh_chị hãy nói với em đó chỉ là diễn_xuất mà thôi . và tình_yêu như_vậy chỉ có trong tiểu_thuyết mà thôi .,Enjoyment,0
đó là đối_với mấy đứa hay ảo_tưởng mới nghĩ vậy thôi,Disgust,3
"khi theo_đuổi sự ưu_tú , sự thành_công sẽ theo_đuổi bạn",Other,0
vài chục năm trôi qua mà vẫn chưa_đủ tiền mua cái xe_máy à,Surprise,0
cái gì cũng có 2 mặt của nó . làm_việc phải nghe bằng 2 tai,Other,0
vại mà có nhiều người quan_niệm quá sai_lầm về việc có bạn là con trai .,Other,0
làm_sao bằng chạy xe_ôm với bán chổi được ..... nên đừng nói_chuyện đến lương .,Other,0
"như đi hiến máu chẳng_hạn 3 , suýt thì được gặp emoji_buon",Sadness,2
per lại nhặng lên à . cảm_thấy trong_sạch thì cần gì nhặng lên thế,Disgust,3
vui_chơi không_an_toàn gì cả,Disgust,3
rất ghét phim_ấn nhưng phải nói phim này hay,Enjoyment,0
haiz nuôi được nuôi không_thì_thôi chứ nuôi mà để v coi được haizz,Sadness,2
nó quan_tâm mày vì nó muốn mua_chuộc mày để tán con bạn thân của mày,Disgust,3
per eo_ôi làm nhớ hồi nhỏ đi học mẫu_giáo quá emoji_vui,Sadness,2
per v tại nhiều nơi đổ về nên đông lại càng đông . biết lối tắt thì còn đỡ chứ không_thì mệt lắm,Other,0
per sợ ghê bây .,Fear,1
đây chính là lý_do tao giảm cân toàn thất_bại,Sadness,2
tao đi quài vẫn chưa_gặp nhỉ,Other,0
rốt_cuộc thằng bé này ở đâu xuất_hiện mà có ảnh_chế nhiều vậy,Disgust,3
đáng yêu quá mức,Enjoyment,0
cô ngu như lợn,Disgust,3
rốt_cục mạnh quá nên nghĩ võ cũng chỉ tăng thêm độ ngầu thôi_emoji_vui chủ_yếu đối_với sai chỉ là một pha sử_lý cồng_kền emoji_vui,Disgust,3
chỉ 1 vãi nhỏ th mà niềm vui quá lớn 3 emoji_vui,Enjoyment,0
cũng may là hết thời đi học rồi .. không_lại từ con nhà người ta nó lại được nhắc liên_tục trog bữa ăn_hàng ngày,Enjoyment,0
"chứ sao nữa , làm_gì có chuyện người ta đỗ đúng mà_lại gây tắc đường . chỉ có những người mắt hay bị ngứa cho rằng sẽ gây tắc đường thôi ạ",Disgust,3
còn các bạn đặt bánh của mình toàn gửi cho người_yêu . chắc câu_chuyện này còn buồn hơn emoji_buon,Sadness,2
tin_vui cho bà_con nông_dân chuân_bi vào ngày gặt lúa sắp tới,Enjoyment,0
em hết ngáo rồi nha emoji_cuoi,Enjoyment,0
"mình sợ nhất đến bữa ăn mà bố mình vác cái thớt vào mâm cơm , bố mình biết mình sợ vậy nên mọi chiện giải_quyết sau khi ăn cơm xong ,",Sadness,2
khuôn_mặt đáng thương,Sadness,2
"cái loại lười lao_động , vì những người hay lao_động tay_chân thì họ không_bao_giờ nuôi được móng tay cả ...",Disgust,3
per mày có bao_giờ đi à tao cũng đéo,Other,0
chụp rồi có mua giúp ông không ?,Other,0
cái gì nó cũng phải thực_tế,Other,0
đang trong lớp mà ứa nước_mắt,Sadness,2
"lái tàu quá kém không_dừng khẩn_cấp . để va_chạm thế mà vẫn cố_tình chạy , khổ_thân chiếc xe ôtô",Disgust,3
kha thông_minh emoji_vui,Enjoyment,0
nó mà có con khác rồi giận lại nó cho cút luôn lại bảo sao ngu emoji_vui,Disgust,3
a cứ đưa hết lương đây cho em emoji_vui em sẽ cho anh tiền rửa bát,Enjoyment,0
"ám_ảnh vãi emoji_vui hồi bé tao với chị tao trên đường đi học về thấy có mấy con ngỗng , thấy hay ra nhìn thử dume xong nó dí tao với chị tao về gần nhà emoji_vui",Fear,1
cắt tóc đi còn đen hơn,Other,0
chụy hiền quá mòa ... sao chọc chị điên vậy ... đụ má tụi bây ..,Anger,4
"mẹ chưa_hnao đi làm về sợ vãi như hôm_nay chớp cứ nhằng_nhằng 2 bên đường với trước mặt , kinh_vãi",Disgust,3
"thân_hình của con_người , nhưng đầu_óc là con cặc , nên đéo biết nói gì thành_phần này",Disgust,3
"nghe được đó , ảnh_hưởng tới môi_trường là phải cấm",Other,0
không_lau sạch về bà chủ mắng thì sao . nhiều người họ kinh lắm . trước mẹ_minh đi làm cho nhà 5 tầng . họ chỉ ở 3 tầng còn 2 tầng bỏ không . mà ngày nào cũng phải lau hết,Sadness,2
cô ấy bảo_đời như lol emoji_vui,Disgust,3
cảm_ơn mày đã khai_phá cho tao thêm một nét văn_hóa đẹp emoji_vui,Enjoyment,0
best gái ngành hôm_nay đắt hàng,Enjoyment,0
đã gặp được em đúng lúc . nhưng lại không_phải thời_điểm em muốn ....,Sadness,2
thằng khốn_nạn,Anger,4
cám_ơn mấy_chế nhiều nhiều nhé,Enjoyment,0
ăn_ở như nào mà tới bị con ngáo nó lùa ? emoji_cuoi,Disgust,3
"chúng_nó xạo lol vậy thôi chứ lên đại_học chúng_nó dập nhau như gà , đấy là tao nghe bọn nó nói thế chứ có học đại_học đéo đâu mà biết",Disgust,3
per nhớ quá trời nhớ luôn nè,Other,0
per hãy cứ vững_tâm_tập điều_độ rồi sẽ có thôi,Enjoyment,0
nửa_đêm rồi đứng hò_hét vậy_mà không_bị chửi là sao ta,Disgust,3
hỏng cả một thế_hệ,Disgust,3
1 nỗ_lực lớn thay_đổi valentine ... sang năm tao mắc võng .,Other,0
thôi chết haha ...,Enjoyment,0
per tìm ông bán xoài này ngay cho em emoji_cuoi emoji_cuoi emoji_cuoi,Enjoyment,0
cưng quá,Enjoyment,0
em nó phượt theo gái cả đêm,Other,0
đéo liên_quan nhưng đéo mày bữa_nay tao đéo đi ỉa vì con củ lol này emoji_vui,Anger,4
nhìn ghiền,Enjoyment,0
đi đường ghét nhất bọn loi choi kiểu này . gặp ngay bác vô_lăng cứng_tỳ cho phát thế là nhớ_đời thằng loi choi .,Disgust,3
"tuổi_thơ tao gặp toàn trai bánh_bều , mít_ướt . toàn là tao galang , dỗ_dành . ôi cái cuộc_đời này per",Sadness,2
mấy thanh_niên đi xong về có yêu nhau không_nhỉ ?,Other,0
nhớ lần nấu cơm thần_thánh này không ?_per chỉ là mải_nghịch nước thôi mà ...,Enjoyment,0
mình sống không_đủ tốt hay sao mà vẫn chưa_gặp được anh người_yêu tốt như này,Sadness,2
đúng là càng_ngày_càng chán . cứ theo luật mà làm thì chán cực_kỳ luôn,Sadness,2
"5 năm thì có_vẻ hơi sớm , tao chỉ_ước sau_này có người thích được phiêu_du_như gia_đình người ta thôi",Other,0
liệu có bền lâu,Other,0
tại vì anh trót nói lời thương_em mà em không_đáp lại,Sadness,2
thì đúng là sẽ không_buồn vì thất_tình nữa emoji_buon,Sadness,2
per ở quê ve_sầu kêu chưa_chúng_mày,Other,0
một sinh_vật xinh_đẹp và hiền_lành . tiếc cho nó quá,Sadness,2
đi học về thấy bán hoa đây đường mà cảm_thấy tội cho bọn có gấu ... lại tốn tiền,Sadness,2
súc_vật dume,Anger,4
per thử cảm_giác mạnh,Other,0
chửi thì chửi . mà cái giọng của anh dọn phòng nghe trổi_tai thật .,Anger,4
cụ bà đẹp lão quá cậu,Enjoyment,0
per có quẹo vào không_em,Other,0
sao nó tìm được nhỉ,Surprise,0
"đúng mất vài giay để nói lời yêu_thương , nhưng phải mất cả đời_mới chứng_minh được , cháu rất ngưỡng_mộ ông_bà !",Enjoyment,0
nó mà nhập_viện thì xong đời tao . n emoji_cuoi emoji_cuoi,Enjoyment,0
xem qua là biết diễn sâu rồi . bên ngoài chắc lao mẹ vào đánh nhau rồi chứ còn lâu mới rảnh_háng chửi nthe,Disgust,3
cái cây gia_công sản_xuất kém chất_lượng quá emoji_vui,Disgust,3
per chỉ một lần thôi emoji_cuoi,Other,0
nhanh lẹ hiệu_quả cao emoji_cuoi emoji_cuoi,Enjoyment,0
đây là cảnh dọn_dẹp trong bar hay trong hotel vậy ?,Other,0
per huhu nhất là mấy bài không_cho chất thử á emoji_buon,Sadness,2
"trai xinh_gái đẹp thời đó , nhìn cái xe là biết giáo_dục có điều_kiện rồi",Other,0
"mình nghĩ sẽ không_bao_giờ là một thương_hiệu quốc_gia , là khát_vọng về cà_phê vn nữa ...",Sadness,2
"1 cái mồm phải nhét vào não 40 đứa gần như thiểu_năng cũng đủ chết rồi . nếu tôi là cô ấy , tôi tát cho không_trượt phát nào",Anger,4
đến gần đoạn cuối tao tắt_âm xong vào xem bình_luận rồi mới tua xem_lại để minvolum . iq vô_cực chuẩn mẹ rồi,Enjoyment,0
thanh_niên này cục súc vãi,Disgust,3
thấy gớm,Disgust,3
dume cứ chê đi đến lúc bố dậy_thì lại mất_công trầm_trồ ! ! !,Disgust,3
ăn cút mẹ mày ra chỗ khác ăn nhé .,Anger,4
sau khi đọc bài của mày tao cười nhiều quá và gãy mẹ hàm cái à,Enjoyment,0
nhìn hình_chế là tao vui lắm emoji_vui,Enjoyment,0
cái mặt thấy ghét,Disgust,3
per bao_giờ mày mới được nv nhỉ,Other,0
em xin_lỗi anh,Sadness,2
"con này còn hại hơn cả ốc_bươu_vàng . cấm nhanh còn kịp , để nó ra ngoài thì chỉ có người nông_dân thiệt thôi",Fear,1
thú_vui đặc_biệt vãi v .,Enjoyment,0
tao biết là có ý tốt gởi thông_điệp ý_nghĩa nhưng nhìn cứ sợ sợ lại còn sấm chớp,Fear,1
t ghét cả họ nhà nó emoji_vui,Disgust,3
huhu nó bị điên à ?,Other,0
phải công_nhận nước_ngoài cái gì cũng to emoji_vui,Other,0
sư_phụ giả_vờ ngã để thử_lòng các đồ_đệ và cái kết ngã sấp mặt luôn emoji_buon,Sadness,2
một lũ_óc không_bằng chó .,Disgust,3
5 năm nữa tao phải đẻ được 3 đứa emoji_cuoi emoji_cuoi emoji_cuoi,Enjoyment,0
per lật kèo luôn à ? ?,Surprise,0
thanh_niên quá cứng,Other,0
lùn lùn làm_sao sống qua nổi những chuyến đi phiêu_lưu như_vậy,Sadness,2
chân tao không_đu_da i đi_đi con đươ người na_y emoji_buon,Sadness,2
có lúc ngồi một_mình mà cảm_thấy lạc_lõng lắm các cậu ak,Sadness,2
phải cho mấy con sán lợn này vào đĩa rồi mời mấy ông_bà đấy ăn xem mấy ông_bà đấy thế_nào .,Anger,4
mùa hè không_nóng đây rồi,Enjoyment,0
lũ này chặt tay bọn nó cho khỏi trộm_cắp,Anger,4
bắt trước chuyện tềnh trong thang_máy cơ mà cái này kết có_hậu emoji_vui,Other,0
vl ! người ngoài hành_tinh biết nói tiếng anh ! bọn mày lú hết rồi à ? cái quần_què gì cũng tin được !,Disgust,3
má nó thú_dị thôi rồi emoji_cuoi emoji_cuoi emoji_cuoi,Enjoyment,0
crush bị thịt hay không_không quan_trọng . t chỉ sợ vợ tao đang bị thg nào đó gạ địt thôi . nghĩ mà buồn,Sadness,2
mấy đứa bị bón thích cái này,Other,0
thằng lol nào trong miệng thế,Anger,4
per đau hơn chia_tay người_yêu nữa,Sadness,2
tôi đã đúng khi đọc bình_luận thay_vì đọc bài emoji_vui,Enjoyment,0
hóng kỉ_lục để lông mũi dài tới bụng emoji_vui,Other,0
đánh_rơi liêm_sỉ trong 1 nốt nhạc,Disgust,3
chuẩn .. !_dm mang_tiếng được trung_ương mà toàn lũ ghen ăn_tức ở_xểnh_tí là hại nhau ngay .. ! làm vất_vả tiền chả_thấy đâu .. ! emoji_cuoi,Disgust,3
nước_ngoài cái gì cũng to kể_cả sinh_vật,Surprise,0
ôi tao đã tìm được người cùng hành_tinh ?,Surprise,0
câu nói quá chuẩn và ý_nghĩa,Enjoyment,0
cảm_ơn đoi tình_nguyện_viên nhớ có các bạn mà người_dân bớt vất_vả hơn,Enjoyment,0
"từ cái thời mới bắt về bé tí . suốt ngày bị lũ gà mái bắt nạt run_rẩy trong góc . mình thấy tội_nghiệp nên săn_sóc từng tí 1 , lại bảo_kê cho nó khỏi lũ gà . thế mà dume lúc lớn lúc đéo nào cũng kêu như giết heo , đuổi đánh lũ gà chạy tán_loạn , đè chết cả mấy con gà . đã thế thì thôi lúc vào cho nó ăn nó dí cho thì thôi rồi . vừa dí vừa mổ , hồi đấy nuôi ngỗng mơ cũg thấy ác_mộng bị nó đuổi mổ . tóm_lại vừa vô_ơn vừa đéo dễ_thương_tí nào cả",Disgust,3
lụm điều cho ba_má . 2 ngàn 1 ngày bỏ heo đất . thằng hàng_xóm vô_trộm mất . khóc_lóc mấy ngày .,Sadness,2
cỡ nào anh cũng có_thể chịu_đựng được vì anh yêu em,Enjoyment,0
người ta kê bàn_ghế ra chả_nhẽ lại vẫn nằm đất để nhìn mông người khác ngồi emoji_vui_pha xử_lý rất cao_tayy,Enjoyment,0
"những việc này , mang lên đây chả_giải_quyết được gì cả .",Sadness,2
đến ngày sinh_nhật mà_còn không_nhớ thì còn nói gì nũa,Sadness,2
1967 mà cụ ông đẹp_trai phong_độ ăn_mặc thời_trang quá emoji_vui,Enjoyment,0
của thằng kia mà,Other,0
chắc tại từ nhỏ tới lớn mình man quá nên không_gặp được gã nào ga lăng_dư này emoji_buon,Sadness,2
bảo thẳng luôn dân việt_nam nghèo còn bày_đặt . không_biết quý đồ_ăn là gì . nói thì lại tự_ái quay ra đôi_co .,Disgust,3
douma đứng trong nhà cũng không_yên cái thân,Anger,4
hổng gặp cái buồn luôn,Sadness,2
thế nên bán hàng có tâm là đừng bao_giờ nài_nỉ khách mua thêm vì biết_đâu bạn vô_tình làm cho nỗi đau của họ trở_nên tồi_tệ hơn .,Sadness,2
tao nhớ không_nhầm hôm_nay nó đến tháng vậy là sẽ không_bị đâu nhỉ,Enjoyment,0
năm đó mà có được chiếc xe kia thì cũng không_phải dạng vừa_rồi,Other,0
"per em ơi , tính ra nhớ đợt mình đi dạo trên cầu per mấy ông đó vứt xuống sông ít_ra còn có não hơn mấy đứa vụ này",Disgust,3
nhìn hói mà thấy thương_gê ? ?,Sadness,2
ngta lở ăn vụn_tha đi lúc đầu thấy êm re_tội quá_chừng lúc sau tức nước vở bờ emoji_cuoi emoji_cuoi emoji_cuoi,Other,0
per nhất_định chị_em mê_tín mình p đi xem phim này rồi,Enjoyment,0
đoạn phim này tốn khá nhiều nước_mắt của người xem,Sadness,2
t tưởng móc được mớ vụn ra là hết rồi . ai_ngờ còn 2 cục đựu_má chà_bá,Surprise,0
liệu nó có bay nổi hay không ? .,Other,0
mẹ mày đã đánh mày tan xác chưa . phải tao thì mẹ tao cho nhừ_tử luôn rồi ? ?,Anger,4
t mong nó té quá chời v,Enjoyment,0
dẫu hiên_ngang giữa đất_trời . gặp con vợ đểu thì đời cũng xong,Disgust,3
thành_phố không_nói chứ chỉ 9 x trở về mới biết nấu thoii,Other,0
khi bạn bất_cần vãi_đời ... làm_việc xấu mà cảm_thấy thanh_thản vãi,Enjoyment,0
tao kìm_nén lâu qá rồi mà tức nước vỡ bờ thôi,Sadness,2
"tự_nhiên nhớ đến hồi bé , đi kiểu nào cũng bị ngỗng rượt chạy té sấp mặt luôn , nhiều khi nghĩ sợ nó dí hơn sợ mẹ đánh",Fear,1
mày cút,Anger,4
phim này rất hay .,Enjoyment,0
đang chán_đời cắt tóc xong là chán cái mặt hơn chán đời luôn emoji_buon,Sadness,2
may quá tao không_xài huawei kk,Enjoyment,0
ông này có võ thiệt,Surprise,0
"yeahh ! tao giờ đã là khách quen quán trà sữa đó rồi , về nhà cũng phải ráng tạt qua",Enjoyment,0
ai mà chả_sợ rắn chơi ngu như chó vợ nhỉ per,Disgust,3
sớm chút nữa có_lẽ đã khác rồi đúng không ?,Other,0
đúng là nhân_tài luôn ở khắp mọi nơi kk,Enjoyment,0
bà của tôi đã không_còn khi tôi còn chưa_biết gg là gì,Sadness,2
"công_trình 850 năm_tuổi , xây_dựng 100 năm mới hoàn_thành chỉ còn là đống cháy sắt vụn .",Sadness,2
tao thấy có 1 thằng dân_trí thấp trong đám bình_luận này rồi đấy,Disgust,3
bỏ thế lồn nào được emoji_buon,Sadness,2
đây là đồ của per ? ? ? hỏi_nua không,Other,0
per trông em bé yêu vãi emoji_vui,Enjoyment,0
khó có_thể giải_thích,Other,0
dù có nói thích_mày thì cũng đừng có tin .. xã_hội giờ nguy_hiểm lắm,Fear,1
chắc sổ_đỏ có cả vỉa_hè và đường emoji_vui,Other,0
ơ . t chỉ quan_tâm sao mày lại mặc quần màu hường hình cô gái thôi ? ?,Other,0
sang năm nữa vác giường ra mà nhìn,Other,0
câu_chuyện lấy đi nước_mắt của tao,Sadness,2
"không_ngon_thế đâu , không_khéo nó lại ỉa cứt toe toét vào mặt í emoji_vui",Disgust,3
"chờ mãi mà không_thấy , cứ thấy trống_vắng vãi emoji_buon",Sadness,2
t thấy nó cười hoài mà không_bao_giờ nó cười với tao cả emoji_buon,Sadness,2
"per tôn lợp nhà mà đẹo zai thế đấy , lại toàn 6 múi nữa chứ ...",Enjoyment,0
"thời thanh_xuân tôi từng yêu quý nét hiền_thục của chị hiền_mai . và đúng như cái tên hiền_mai của chị , tên và tâm_tính đều đẹp , hiếu_thảo khó ai bằng . em xin chúc bác có thêm nhiều sức_khỏe để chị có được nhg tháng ngày hạnh_phúc , ấm_áp bên mẹ ạ .",Enjoyment,0
cái này gọi_là ấu trĩ phải không,Disgust,3
phải tao tao vứt luôn xe ? ?,Sadness,2
tưởng mai đi họp phụ_huynh mới bị u_ám . ai_ngờ hôm_nay mới biết điểm anh 9 . 5 thôi đã u_ám rồi emoji_vui,Sadness,2
ui đáng yêu gheê,Enjoyment,0
sắp được cống_hiến cho tổ_quốc rồi . vui quá ...,Enjoyment,0
"cạn lời , mình ngủ để khỏi nhìn emoji_vui emoji_vui emoji_vui",Disgust,3
loài dê phải gọi ông này bằng cụ,Other,0
cho em hỏi phim ra tập mới vào những hôm nào ạ,Other,0
đkm mấy thằng mặt cặc ! gặp bà thì bà lại đá cho thọt con mẹ nó dái lên cổ xem chúng_mày có cười mà khoe chiến_tích được không . đm lũ chó chết không_riềng,Anger,4
nghe tên vietcombank là bao_nhiêu quá_khứ bực_mình ùa về,Anger,4
mạnh vỗ_tay,Enjoyment,0
thu_thập mọi thông_tin về đối_tượng .. luôn đặt trái_tim vào trạng_thái .. chiến_đấu,Other,0
2 thế_kỷ mới xây được vậy_mà chỉ trong 63 phút tiêu_tan hết emoji_buon,Sadness,2
đọc xong tao muốn khóc luôn,Sadness,2
thương vll,Enjoyment,0
"xốp dọn không_sạch nổi , quản_lý người ta lại nói nv làm vệ_sinh bẩn không_kĩ_lưỡng này nọ rồi lại trừ_tác_phong , các bạn ý_thức chút",Disgust,3
não bọn này nhiều nếp nhăn đấy,Surprise,0
tăng sáng lên nhìn cho rõ mặt chứ,Other,0
"gặp chị này ngoài đời rồi , giọng nhẹ mà hiền lắm nuôn",Enjoyment,0
"vailon emoji_vui học_sinh cơ , dume nó",Disgust,3
nta vẩy tay mấy cái cũng ra tranh còn tao thì,Sadness,2
cẩn_thận các góc cửa,Other,0
bình_luận gì ông này diễn_trò ngày nào đi qua khoảng hơn bốn giờ chiều là gặp,Disgust,3
"tại như_vầy nên bố tao không_cho đi cùng . cụ bảo có năm còn lăn cả xuống ruộng , trèo lên mái nhà của người ta để đi ? ?",Fear,1
emoji_vui mặt ngáo vậy mà_còn lạ_lẫm gì,Other,0
lừa_đảo số tiền lớn như_vậy thì khởi_tối cả lũ chúng_nó chứ,Anger,4
nhưng tối_qua nhà tao có mưa đâu,Other,0
tới lúc chia_tay rồi khóc emoji_buon,Sadness,2
chọn thằng nào có tương_lai hơn . tức có bố_mẹ giàu hơn,Other,0
dm ông cầm cam cho cẩn_thận vào tôi cũng muốn ngã mẹ nó rồi này,Fear,1
tuổi_trẻ tài cao emoji_cuoi,Enjoyment,0
per giờ thằng gù nhà_thờ chạy đi đâu_đây emoji_buon,Sadness,2
nồi cơm_điện chứ gì .,Other,0
những người em thích đều đi nơi đâu rồi còn con ml bên cạnh song_hành,Sadness,2
cái này giả thui nhé . 1 tài_liệu mật của nasa mà cái kênh cùi này có được à emoji_cuoi,Disgust,3
ghét nhất kiểu tôi quen ông này quen bà kia . nhìu cha có cái nón bảo_hiểm không_đòi được bị bắt cái gọi điện_thoại nhờ người quen . có bạn kiểu đó phiền quá,Disgust,3
giết chết lũ khốn và cái ô che cho chúng .,Anger,4
"công_ăn_việc_làm còn chưa_ổn_định , bố_mẹ già còn chưa_lo được thì kết_hôn để làm gì",Sadness,2
nên cho người xử sai ngồi tù như người ta xem sao ....,Anger,4
tận_cùng của tan_vỡ,Sadness,2
người_yêu có_thể có nhiều nhưng mạng sống chỉ có 1 chế_nhể ?,Other,0
"nhà tao bên cạnh phòng tập gym , lúc trước bán_dụng_cụ thể_thao ế vãi ra , nợ_nần chồng_chất ! từ ngày chuyển sang làm đại_lý dầu ăn , gia_đình tao phất lên trông thấy ! emoji_cuoi emoji_cuoi",Enjoyment,0
per đúng rồi mình đây emoji_cuoi,Enjoyment,0
sao đúng bài mày kết vậy,Other,0
tình_yêu con_nít cọ_đít vào nhau ....,Disgust,3
thế thì bắt con phụ_nữ chứ bắt gì thằng đâm . con đấy mới là nguồn của vụ án,Anger,4
tao còn độc_thân này emoji_buon,Sadness,2
ngộ không_phiên_bản lỗi,Disgust,3
per mới bắt_đầu tuần_thánh mà chúa ơii,Sadness,2
buồn vương_mi ! ! !,Sadness,2
đăng_khoa lê lò_dầu của mẹ nè anh,Enjoyment,0
đm chưa_thấy thằng nào ngu như thằng này emoji_vui bị ngáo cần emoji_vui,Disgust,3
nát xe lại còn phải đền cho cánh cửa toa tàu nữa . dốt thì chết,Disgust,3
không_biết crush có thích uống nước_mắm không_để còn tặng nàng chai nam ngư 900 ml emoji_vui,Enjoyment,0
"văn_minh quá , đường trong sổ_đỏ người ta mà !",Disgust,3
lại nhuộm vàng súng_ống rồi,Other,0
xuống đi nó không_cắn đâu,Other,0
gia_đình có nhưng tình_yêu không_thì sao,Sadness,2
chúng_mày giờ mới biết_điều này ah ? emoji_cuoi,Surprise,0
t cũn gặp 1 ca như_vậy mà chúng_nó còn chơi chét bánh kem cơ . bước vào nhìn cái phòng mà muốn quăng chổi vào mặt tụi nó,Anger,4
"tí tuổi đã hói , chắc_kiếp trước ăn_ở không_ra gì đây",Disgust,3
thì con đỉ mẹ mày ghi nhanh vào .,Anger,4
"miễn_sao có tiền ăn bánh_trung_thu , mua lồng đèn , đi du_lịch emoji_cuoi",Enjoyment,0
vẫn ế bền_vững,Sadness,2
per hẳn là hôm đi chợ bông chắc sẽ có nhìu đứa gét .,Disgust,3
thích thật,Enjoyment,0
xong bỗng_nhiên một ngày mất_hút không_để lại 1 hạt bụi,Sadness,2
tê tê phê phê_sung_sướng vãi,Enjoyment,0
bạn này sau_này sẽ khó bước qua cái bóng của vai diễn này emoji_vui,Other,0
"bác nói v thì tôi cũng xin thua , có tranh_luận cũng không_như không",Other,0
lại được làm thêm quả nhà nữa . ngon,Enjoyment,0
tuổi_thơ tao dùng n để nướng thằn lằn emoji_cuoi emoji_cuoi,Enjoyment,0
lead mới vô_nghề còn non thì tuổi lol gì chống lại lead lâu năm,Disgust,3
sợ nhất con quỷ này trên đời,Fear,1
con_cái nhà ai mà bố_mẹ chăm cho đẫy đà ngon ngọt thế,Other,0
per nè chị,Other,0
đang bo cuối mà lạ có vị_trí đẹp thì đúng là tuyệt_vời emoji_vui,Enjoyment,0
cái này là cái gì thế .,Other,0
loz chúng_nó là 1 đội . chứ dám chêu người lạ . dm bố mày_sút không_trượt phát lào,Anger,4
"đã từng nhưng 10 năm về trước cơ , buồn ghê",Sadness,2
chỉ có trong truyền_thuyết . mà khái_niệm truyền_thuyết trong ngữ văn_lớp 6 là không_có thật,Other,0
nói mẹ ngoài đời,Anger,4
ở đâu cũng có người tốt nè anh kk,Enjoyment,0
buồn cho 1 đất_nước .,Sadness,2
nghĩ mà buồn_vãi emoji_cuoi,Sadness,2
hello đồng_nghiệp không_biết_nghiệp gì thôi haha,Enjoyment,0
"tuyệt với , ước_mơ hồi nhỏ của tôi đã được cậu bé này thực_hiện",Enjoyment,0
sao mà mặt boss có_thể gian đến thế nhỉ,Surprise,0
giận con mẹ mày nữa chứ giận emoji_vui,Anger,4
âu_kề ... anh per đã béo từ khi lấy vợ và giống như tất_cả các chàng troai khác emoji_vui,Other,0
chơi ngu_lỡ người ta té chấn_thương đập đầu rồi ai nuôi ở vn nó xúm lại đánh hội_đồng ôm đầu mà khóc,Other,0
kinh_dị,Disgust,3
cũng được nhưng cuối video nhai nhỏ tiếng hơn thì tốt .,Disgust,3
"kết nó ở cái câu đất_nước gia_lai là một đất_nước giàu tài_nguyên , có anh per",Enjoyment,0
per tao không_gửi cho mọi người . tao chỉ đăng lên facebook cho thiên_hạ biết thôi emoji_vui,Enjoyment,0
thành_công là cách trả_thù xã_hội ngọt_ngào nhất . đừng vì họ nói mà yếu_lòng,Other,0
bởi nói để trung_nguyên cho bà thảo thì chắc_chắn 100 với cái bộ_óc sáng_tạo cùng_với sự lãnh_đạo tài_giỏi và lòng tham hơn người và trí_tuệ ngắn_hạn sẽ dẫn_dắt trung_nguyên xuống con mẹ nó giếng luôn .,Disgust,3
mày khá là may_mắn khi không_học tiếng huế đấy emoji_cuoi,Enjoyment,0
per đi làm_công tình_yêu cẩn_thận ăn_uống nhé,Other,0
có những người đi qua_đời bao_nhiêu như 1 cơn gió vậy . vô_tình nhìn lại . nó lại là quá_khứ ... !,Sadness,2
"ngày cuối_cùng còn ở lại , bản_thân không_có bất_cứ một cảm_xúc gì , trong lòng chỉ độc một mảnh phẳng_lặng .",Sadness,2
tao cũng thích kiểu kể chuyện trước khi đi ngủ . cho đến khi tao ngủ luôn . mà đéo có ai hết . buồn đời,Sadness,2
lúc tối_mày cũng nằm_mơ nèo nhà mày về . ước gì nó là sự_thật emoji_buon,Sadness,2
nó lại hợp_lí_vãi v,Enjoyment,0
nuôi kiểu gì mà lắm ve_thế kia ?,Disgust,3
"per bởi , đéo dám tán ai hay tỏ_tình",Fear,1
coi rồi vẫn muốn coi lại,Other,0
sao chưa_thấy ai tới cứu_nhỉ . lỡ xảy ra gì mất điện toàn tỉnh sao .,Other,0
bình_phước vẫn là cây chủ_lực .,Other,0
má hồi xưa về ngoại_chơi đi đường bị nguyên_đàn yêu_nghiệt này dí chạy té đái_giờ vẫn sợ bọn nó,Fear,1
nhớ gia_đình nhỏ nhiều lắm ... mà không_được về thăm,Sadness,2
"có bài hát cuộc_đời vẫn đẹp_sao , tình_yêu vẫn đẹp sao",Enjoyment,0
per ghét cái kiểu rõ_ràng là chuyện của riêng 2 người vậy_mà ...,Disgust,3
nhưng kp cười với mày đâu emoji_vui ảo_tưởng vãi,Sadness,2
một câu_chuyện bi_đát emoji_buon,Sadness,2
sao ý_thức kém thế bao_nhiêu tâm_sức của bao người mà bỏ_phí như thế,Disgust,3
còn gì hơn lòng_dạ đàn_bà ... cũng may tao là một con đàn_ông emoji_vui,Enjoyment,0
ngu thì chịu,Disgust,3
tao cũng ho_trật mẹ khớp vai mà đéo phải 1 lần đầu nhé,Sadness,2
chỉ cần sống thật với cảm_xúc .. với chính con_người bạn là hạnh_phúc nhất,Enjoyment,0
tao giận bạn trai tao và 5 ngày rồi nó đéo_dỗ tao luôn hix,Sadness,2
mày lấy sỏi xếp thành tên dume_khôn như tao này .,Enjoyment,0
chuyện tình huyền_thoại của per với per emoji_buon,Sadness,2
per nghe rồi ngủ đi em,Other,0
may là tao dán kính cường_lực,Enjoyment,0
"khiếu_nại cái gì khi cả bọn nó bao_che cho nhau làm lớn thì sợ ảnh_hưởng tới_bộ giáo_dục cho lên chúng sẽ ? ,",Anger,4
buồn cười vãi_ý,Enjoyment,0
per thế thì nhà nào bầy hàng họ ra vỉa_hè thì mình được đuổi đúng không_cụ emoji_cuoi,Other,0
đm thế_giới này toàn nói thật thì công_nhận nhạt nhẽo vãi,Disgust,3
ngày bé tao bị nó dí thế_là tao cho nó 1 gậy emoji_vui hôm đó tao được ăn thịt ngỗng,Enjoyment,0
"mất đi một di_sản , chứng_tích của lịch_sử",Sadness,2
ác quá trời ơi,Disgust,3
thời xưa yêu nhau đến chết vẫn yêu ... thời nay yêu không_biết chết lúc_nào cuộc_sống nay đáng sợ lắm,Fear,1
thất_vọng và áp_lực tích_tụ hằng ngày với tao,Sadness,2
cầu mưa ... mà sao không_mưa nhỉ,Other,0
bẩn tính vãi nồi,Disgust,3
a ấy nói đúng vầy vừa nta_dọn cũng khổ_nta chứ . phục_vụ xog lại phải dọn nữa,Other,0
per mày cũng cắt tóc giống thế đi cho đẹp emoji_cuoi,Enjoyment,0
ý_tưởng hay,Enjoyment,0
"lúc cụ bà cầm bông như cô gái 18 lần đầu mới yêuc vậy bà ngạc_nhiên và hạnh_phúc nhìn sâu_lắng , video ngắn nhưng cho người xem si nghỉ mải",Enjoyment,0
per ồ_ồ chân_chính chạnh_lòng rồi emoji_cuoi,Enjoyment,0
nói thật chẳng_hiểu thế_hệ bây_giờ nghĩ gì . động tý vào là kêu này nọ . ở nhà ở trường có vấn_đề kêu um lên chứ sau_này ra ngoài xã_hội mà ngu thì nó_vả không_trượt phát nào chứ ở đó mà kêu . tiên_trách kỷ_hậu_trách nhân,Disgust,3
nhiều lúc lắm câu hỏi ngớ ngẩn thật,Disgust,3
phạt 5 tr thì phạt làm gì ? khác nào tiếp_tay truyền_bá mê_tín dị_đoan,Disgust,3
con nhà hư_hỏng . bỏ cả nhà đi theo zai . bị nó rũ bỏ vì chửa mới mò về . giờ bắt ai_gánh nuôi con . con với cái hư quá_thể .,Disgust,3
ảnh này tao thấy mày đăng mấy lần rồi đó admin,Surprise,0
"làm ở đâu không_quan_trọng , quan_trọng là chị_em mình mỗi ngày gặp nhau 9 tiếng cùng làm cùng ăn cùng ngủ chị ngoc thu hen",Enjoyment,0
ước gì có ai để tao tag vào .,Sadness,2
"per hồi nhỏ bị ngỗng dí riết ám_ảnh , giờ mà bị dí chắc cầm cổ quay thấy moẹ nó luôn hehe",Enjoyment,0
"vậy đấy , thế nên con gái mới toàn bị lừa emoji_cuoi",Other,0
tao hiểu mà,Other,0
nhiều khi nghĩ mình không_phải con gái mà là 1 thằng đàn_ông chính_hiệu kk ....,Enjoyment,0
chú lên thay được rồi đấy,Other,0
"như mình mà trèo lên là bị phóng_điện luôn bạn nhỉ , mình cũng không_hiểu được sao bọn nó không_bị",Surprise,0
chỉ là muốn thôi . chứ chờ_đợi không_biết thời_điểm nào thì cái sự mong_muốn đó mới tới,Other,0
biết giả vẫn phải tạo,Disgust,3
chúng_tôi xin_lỗi và rút kinh_nghiệm,Other,0
chỉ là muốn cạnh mà chỉ có 2 người . nói đủ chuyện trên đời dưới biển rồi đi vào giấc_ngủ ngon . vậy thoii,Enjoyment,0
bộ phim anime đầu_tiên mình xem thấy bác hói được buff sức_mạnh kinh_vkl emoji_cuoi,Surprise,0
ấy thế mà đã 6 năm rồi . bây_giờ còn không_nhớ được những đứa nào đã học cùng mình nữa rồi,Sadness,2
chả_bù cho tao thời hoc mẫu_giáo thằng nào lộn_xộn không_vào mắt là tao cho ăn_đấm luôn,Disgust,3
tao là thằng chưa_bao_giờ giận người_yêu vì người_yêu tao không_bao_giờ làm_gì có lỗi hết,Enjoyment,0
thôi có gì đâu mà cãi,Other,0
phí cái lol mày á,Anger,4
như ốc_bươu_vàng thì là thảm_họa rồi,Disgust,3
cha_mẹ là món quà vô_giá mà ơn trên ban cho chúng_ta . không_gì có_thể so_sánh thay_thế được . và cũng chỉ có một mà thôi ...,Enjoyment,0
loài_người thật đáng sợ,Disgust,3
hicc thương em,Sadness,2
khá tàn_nhẫn,Disgust,3
êu khiếp chứ thế_này chết cả gái lẫn zai thôi,Other,0
làm đéo gì có ai nói_chuyện thân_thiết với tao đâu mà,Sadness,2
nhện này trong nhà tao chắc tao bỏ nhà đi mất,Fear,1
chuyện ăn_ốc đổ võ cũng đưa vô_văn_học .,Disgust,3
nó cắn_bạo hơn chứ ở đó xạo xạo,Disgust,3
chắc_hẳn trước_kia em bị đối_xử tồi_tệ lắm nên mới vậy emoji_buon,Sadness,2
tiếng guitar thật tuyệt,Enjoyment,0
có mấy con đi quán biết là bọn mày bỏ tiền ra thật đó nhưng làm người thì có văn_hóa với ạ ... đcm xả rác đổ tùm_lum rồi xé giấy ... nói_chung là bọn nó đi cái chỗ đó như kiểu ở ngành luôn ấy ... tưởng bỏ tiền ra là làm cha làm mẹ người ta z đó .... mặt đẹp mà tính ở dơ,Disgust,3
đm thằng nào đổi gậy như_ý của tao rồi,Anger,4
trách ai bây_giờ_đây huhu,Sadness,2
chuẩn không_cần chỉnh,Enjoyment,0
cực_phẩm luôn kìa,Enjoyment,0
per trailer không_có tiếng thôi mà đã thấy ghê rồi đó !,Fear,1
nguy_hiểm đến với bao_nhiêu bất_cứ lúc_nào,Fear,1
cái ngành tài_chính của mình có chỗ_dụng võ tốt rồi đây emoji_vui,Enjoyment,0
"mình đang thất_tình đéo hiểu sao đi cafe còn toàn tận_cùng nỗi nhớ , chạm đáy nỗi đau , đừng như thói_quen ... dume emoji_vui",Sadness,2
chợt nhận ra mình yếu_đuối như một đứa con gái vậy emoji_buon,Sadness,2
sao nó mới vậy,Surprise,0
"youtuber nhà người ta đấy , làm cho mọi người cười sảng_khoái . còn vn thì toàn món ăn không_lồ , rồi mấy cái khác người",Disgust,3
điểm thì có hết rồi cần gì quan_tâm đề_thi nữa,Other,0
"hết thuốc à mấy thằng quằn què , gặp tao thiến cmnl",Anger,4
"chăn lắm lông , bắp_tay thì to_ôi tuổi_thơ của taoo 33333",Disgust,3
không_nên tin bất_cứ 1 người nào cả,Other,0
ngửi mùi hoa sữa xong chia_tay emoji_vui,Other,0
ngồi nhiều quá nhìn họ đau mắt,Sadness,2
đéo nổi . ngày lol nào đi làm về đã mệt rồi . gặp bà nội ở nhà_giận với chả_hờn còn hơn khách_hàng nữa . đụ mẹ mệt_mỏi vcll,Anger,4
thấy cờ rút trên tờ polime là tim rụng_rời liền,Enjoyment,0
hôm_qua tao cũng xem chục lần emoji_vui bài đếch gì hay vãi emoji_vui,Enjoyment,0
những trường như_thế cho giải_tán . cấm tuyển_dụng luôn .,Anger,4
per xem cái này đi tao coi phần 1 rồi này phần 2 tiếp nè,Other,0
đội cái mũ vào chết đéo ai . không_có mũ xong đập đầu xuống đất chết không_chết cho lại sống cuộc_đời nửa ngáo,Disgust,3
"thớt này chụp kém vãi , 1 khung_cảnh mà chụp tận 3 bức , 3 in 1",Disgust,3
điều hối_tiếc nhất cấp 3 là chưa_kí lên áo của nhau emoji_buon,Sadness,2
buồn thật ấy,Sadness,2
lũ người nhu_nhược emoji_vui,Disgust,3
thông_minh emoji_cuoi,Enjoyment,0
"kệ mẹ tao , tao thích nuôi chó thôi okee nó đéo bao_giờ kêu tao bướng",Anger,4
bên trung về mảng tuyên_truyền đỉnh ghê luôn á,Surprise,0
e thắc_mắc là cố_gắng 1 năm mà rủi_ro khách_hàng hay bên nhà sx dây không_cảm_động là ăn cám ạ,Sadness,2
có gì đó sai sai ? ?,Surprise,0
em nghĩ chị_em mình cần tìm_hiểu quen_biết nhau ạ emoji_vui,Other,0
dume đọc bình_luận bực_giùm chủ thớt emoji_vui,Anger,4
gắp đúng lúc nhưng hình_như đúng lúc người ta không_muốn y ai ? ? ? ? đó là 1 câu_chuyện buồn,Sadness,2
t thề với mày là tối thấy cái này chắc đái con mẹ nó ra quần,Fear,1
đợi em đủ tuổi anh chờ được không ?,Other,0
đừng cứ đổ thừa cho ngành đường sất khi có quá nhiều anh não bé .,Disgust,3
chúng_ta nên làm như_vậy từ lâu mới phải,Enjoyment,0
đéo hiểu sao có đứa nghĩ là cứ chơi với nhiều trai là bị sờ_soạn kiến_thức hạn_hẹp vãi cậu ạ,Anger,4
per muốn coi cái khúc vẩy xong rồi dừng lại làm_sao ấy . kk,Enjoyment,0
mua con lợn 50 k được lì_xì 40 k . ok em ổn,Sadness,2
"mấy bạn nào có ý_định tổ_chức sn_nv thì tém tém lại síu đi , nếu thích tổ_chức sn kiểu nv ở đâu cũng vậy khi ra về làm ơn_bo cho nv dọn phòng đó 200 300 k gì đó cho có tình người síu_nha emoji_cuoi",Disgust,3
per coi phim này chắc chết luôn trong rạp,Fear,1
"nó quan_tâm mày thì mày đừng vội mừng là nó thích_mày , nó chơi chán rồi nó bỏ thôi .",Disgust,3
dân_chơi nhìn cái biết ngay,Enjoyment,0
phá làng phá xóm,Disgust,3
t nhận ra mình đã sai,Sadness,2
30 s mặc_niệm bắt_đầu ...,Sadness,2
mặc váy_kìa . thời_trang ? hiện_đại quá,Surprise,0
con thương ông quá,Sadness,2
nhìn mặt con chó tội vãi,Sadness,2
tu mà không_dám cao_đầu mà sau gọi là tu còn dám súc_phạm_vong linh người khác bà này là súc_vật,Disgust,3
biết ngay anh per lại mượn đầm của vợ emoji_vui,Enjoyment,0
đắt hơn sân_bay luôn,Surprise,0
cmm lộ hết thông_tin của người ta,Disgust,3
đã nguy_hiểm vậy sao không_hủy mà bán 0 . 0,Fear,1
bán không_thu thuế luôn à,Surprise,0
t chỉ thấy tình_yêu của tao nó tan_vỡ thôi,Sadness,2
per emoji_vui buồn_cười vãi,Enjoyment,0
thế 1 đứa con trai bỏ thời_gian ra nói_chuyện thân_thiết với 1 đứa con gái không_phải là nó thích con đó thì có con cặc nó làm_vậy,Anger,4
chưa_khi mô biết cảm_giác đi nhởi trung_thu với người_yêu như răng,Sadness,2
móng này móc cua thì đỉnh,Enjoyment,0
có mưa cảm_giác như được sống lại emoji_vui,Enjoyment,0
mà nó đéo quan_tâm thì càng đừng nghĩ nó thích mình nha vậy,Disgust,3
vợ dùng phá quá nên boss mới thế,Other,0
haha biết ngây mà,Enjoyment,0
bể mẹ cái kính cường_lực mới dán,Sadness,2
dù đúng hay sai cũng đừng bao_giờ cãi nhau với con gáo đến cuối_cùng mày vẫn sai .,Other,0
"cần gì xa hoa đâu , thế_này là hạnh_phúc , thấy thương và ngưỡng_mộ ông_bà quá",Enjoyment,0
sao nhanh như chớp vậy được,Surprise,0
nhỏ không_dạy để lớn lên làm đĩ à ? phụ_huynh kiểu gì thế ?,Anger,4
thằng kia làm nhẹ nhẹ thôi nhé .,Other,0
no xâ_u tao thi ...,Disgust,3
thế_là đã phần_nào đoán được kết_quả cuộc gặp tại hà_nội,Other,0
bạn đã hiểu nổi_khổ của mario khi mua vui cho bạn chưa_emoji_vui,Sadness,2
cái đất_nước này loạn luân_mẹ hết rồi emoji_vui,Disgust,3
"ôi zồi_ôi , nhìn cái mặt của ẻm_kìa , yêu ghê emoji_vui",Enjoyment,0
phố mày co_đô người nghiê p tô tao ghê emoji_vui,Other,0
per haha bữa 3 đứa mới phong_trào xong,Other,0
mốc từ trong trứng,Other,0
"truy_tố ra tòa chứ phạt hành_chính gì ? ? ? lừa_đảo có tổ_chức số tiền trăm tỷ , thêm tội truyền_bá mê_tín dị_đoan ...",Anger,4
xem tới đây dume ứa nước_mắt emoji_buon,Sadness,2
toàn nam_thanh nữ_tú mở mồm ra nói hay như sách_giáo_khoa . hành_động thì như con c ..,Anger,4
thân là người_yêu mình mong cậu có_thể giống được như đôi mặc áo nâu,Enjoyment,0
sao cái kết gì mà buồn vậy,Sadness,2
cô ơi nhiệt_tình là tốt nhưng bản_thân phải an_toàn trước,Other,0
"nói mưa là mưa v_chời , tôi còn đi chơi đi học nữa mừ .",Sadness,2
"1 vị đắng của mưu_sinh , 1 vị ngọt của hạnh_phúc gia_đình",Other,0
per xinh_nhỉ emoji_vui ngày_xưa cũng xem phim này mà không_để_ý có cả bả,Enjoyment,0
"bởi đây là lý_do tao không_muốn xem điện_thoại người_yêu , nếu không_nó xanh cỏ lâu rồi",Disgust,3
còn gì hạnh_phúc hơn trong cuộc_sống này,Enjoyment,0
ai cũng từng bị bố_mẹ chửi_mắng . em ấy cũng vậy . là người_lớn chúng_ta lắng_nghe và chia_sẻ . nhiều người già rồi mà phát_ngôn xấc xược_láo toét mất dạy không_thể chấp_nhận được . chả_bằng được cái đứa con_nít còn tỏ_vẻ ta đây,Anger,4
thớt làm chị mà_ích kỉ_vãi ...,Disgust,3
mấy thanh_niên ngu_học theo ngôn_tình thấy chai bé không_viết hết được lại mua chai 1 . 8 lít thì hơi mệt đấy emoji_cuoi emoji_cuoi emoji_vui,Disgust,3
tuổi_thơ của tôi emoji_cuoi,Enjoyment,0
việt_nam cái gì cũng có_thể ăn được,Other,0
per đang ăn mà sao cứ chỉa_trym vô hoài_z khắm s ăn emoji_vui,Disgust,3
khóc muốn rơi cả mắt,Sadness,2
kích_thích vãi,Enjoyment,0
ám_ảnh thật_sự,Fear,1
per huhu em không_biết phải đi xem phim với ai nữa emoji_buon,Sadness,2
per gần nhà c ơi . hic hic,Sadness,2
"tại cái gậy thôi , còn đâu là vẫn đẹp",Other,0
"cái thằng adim này mày xàm quá oy đấy , biến khỏi trang tao nhé",Anger,4
đã sợ nhện rồi mà gặp thằng admin chơi trò mất_nết emoji_buon,Anger,4
nhờ cái bếp như này . mà hồi nhỏ tao suýt đốt cả nhà và bị chửi đó emoji_buon,Sadness,2
"hốt về cháu có bón được cơm , mớm được sữa cho nó mỗi ngày không ? ? nó chơi game cháu có rửa chân bón cơm để nó chơi nốt ván không ? ? ? ?_mai cô ship tận giường nuôn",Disgust,3
đọc tin nhắn_đầu thấy cay_cay ngay mũi,Sadness,2
per người_yêu công_sở nè emoji_cuoi emoji_cuoi,Enjoyment,0
vậy là hên rồi,Enjoyment,0
per chiều anh bắn chưởng để em quay nhé,Other,0
per nghe chưa_nhân_viên mới ... kk,Enjoyment,0
ngáo nó có cắn đâu ? ? ? ? ? ?,Other,0
dị_ứng với kiểu nhắn_tin riêng_tư mà cả thế_giới đều biết,Disgust,3
cười ỉa_emoji_cuoi emoji_cuoi thây nó thét mà tao nghĩ dọn xong nó đi luôn cái cổ_họng,Enjoyment,0
"em rất duyên , và có khiếu hài_hước , nhìn mặt em thôi là chị đã muốn cười , ba_mẹ chửi mà vẫn vui_tươi như_vậy thì đáng khích_lệ mà , sao nhiều người bình_luận nặng lời thế không_biết , chỉ là vui thôi mà",Disgust,3
"má nó , mặc_dù không_có ý_kì_thị nhưng dume_cảnh 2 thằng hôn nhau buông_nôn vãi",Disgust,3
per lên lịch hẹn_hò nhanh,Enjoyment,0
không_biết chuyện gia_đình người ta nhưng nhình mặt bà cũng thảo là thấy không_có cảm_tình ngay từ đầu .... mà nhờ bài viết này mới biết king coffee là của bả ... phải công_nhận là nó uống dở_thiệt .....,Disgust,3
nóng thế_này cái thứ mày cho cũng không_ăn,Disgust,3
tiếc quá ! nguyên_nhân,Sadness,2
ấm lòng vãi huhu,Enjoyment,0
thế không_tính vậy_thì muốn cái bệnh_viện thành mẹ cái bãi giữ xe à emoji_vui,Anger,4
ngầu vãi lìn luôn á_emoji_vui,Enjoyment,0
giờ tao mới hiểu được hết những gì mà trước_đây đọc bình_luận tao đéo hiểu emoji_cuoi emoji_cuoi emoji_cuoi,Enjoyment,0
"lớp 2 xí mót được cái chong_chóng , bán lại cho thằng hàng_xóm 500 d .",Enjoyment,0
tôi khóc lun ... huhu,Sadness,2
má như người_yêu ? ?,Enjoyment,0
t chưa_được rơi vào hoàn_cảnh này nên cũng không_biết nữa,Other,0
thề chứ .. phim nay xem đi xem_lại không_thấy chán ... vẫn như mớinxem vậy,Enjoyment,0
không_biết vì sao họ vẫn cười nhưng mình thì khóc ...,Sadness,2
cho đi luôn bớt lo,Other,0
đoạn phim thôi mà ý_nghĩa thế,Surprise,0
"lông xấu , không_mượt bằng con ngu kia được",Disgust,3
"cái này gọi_là truyền_thống , không_thể nói là quên được",Other,0
"đấy ... y_đâu cần phải to_tác , phải gào lên cho cả thế_giới biết .",Other,0
per haha sao tôi nghĩ tới em liền luôn á,Enjoyment,0
chưa_chia_tay nữa mà_còn khó đây,Other,0
thế đéo nào nó lại kẻ dưới đấy nhỉ,Disgust,3
oai_đéo gì cái trêu gái emoji_vui,Disgust,3
mình nghĩ bà thảo chiếm được công_tình_yêu là sẽ bán ngay cổ_phần cho đại_gia bên thái_lan nào đó .. mong là chuyện này không_bao_giờ xảy ra,Other,0
lâu_lâu lại mong mất điện để nấu cơm rác . nk mát 1 tí . chứ cứ 42 độ có mà khỏi ăn,Other,0
tội_nghiệp thằng bé emoji_vui chúng_mày bốc đâu mấy cái thẻ hay thế ? ? ? v,Sadness,2
áp_dụng với đứa yêu mày thôi nha,Other,0
chời má . ngọt chết tao rồi emoji_vui,Enjoyment,0
"per đó là lý_do tại_sao em luôn nói với anh , có gì cũng phải nói ra",Fear,1
"phải em thì dume nó chửi_thé thì đéo cần nói nhiều nữa . gọi c . an xuống kéo mẹ nó xe đi , kiểu gì cũng mệt thôi bác .",Anger,4
xài vietcombank sinh_nhật cũng không_được chúc luôn emoji_buon,Sadness,2
hôm đấy bổn_cung về quê báo hiếu cha_mẹ .,Enjoyment,0
chỉ có được cái chữ đẹp . hihihi ...,Enjoyment,0
trời má cute vãi lozz,Enjoyment,0
là do bản_thân tao ngu thôi,Sadness,2
cho chúng vào nhà_đá ! quá độc_ác không_giết người bằng súng như thế_này là giết hàng loat đấy thât khốn_nạn,Anger,4
không_biết nói sao ... nghiện chuẩn mẹ rồi ... crush ợ . mà nó nhẫn_tâm lắm hồi trước còn hay call video . từ hôm tao cạo trọc y_như là mất_tích luôn . chắc phải để tóc mọc lại tao mới dám gọi .,Enjoyment,0
nhân_quả đến sớm lắm . đăng lên làm gì emoji_vui,Other,0
nhìn cái bà này tôi chỉ muốn xoạc bà 1 cái . sao bà không_là con trai nhỉ . ông trời quá là trêu người rồi,Sadness,2
cho_dù em có dành được bao_nhiêu học_bổng đi_chăng_nữa nhưng mãi_mãi em sẽ không_thể có được tôi,Enjoyment,0
đã xem 2 lần bộ phim này,Enjoyment,0
"ôi vãi , mày thật bất_hạnh vì có lũ bạn như thế",Sadness,2
"đây là tây chứ mấy thằng việt_nam như này , đảm_bảo kêu ngáo đá vậy",Disgust,3
xin_lỗi đây mình vẫn nấu nhé,Enjoyment,0
bỏ quên não đó chứ đâu phải rác emoji_cuoi,Disgust,3
phim này quá hay . xem đi xem_lại mãi không_chán . đặt tay lên ngực mọi chuyện đều ổn câu nói kinh_điển,Enjoyment,0
"thôi xong , biết thế_tém tém lại .",Fear,1
"gym thì liên_quan cặc gì đến bede , tuy gym nhưng người ta còn siêng_tập nặng hơn mấy tụi bây nhé",Anger,4
mình bình_luận chủ_yếu muốn khoe mình là fan cứng thôi emoji_vui các bạn không_cần để_ý,Enjoyment,0
bất_cái con cặc . 21 cái trung_thu tao vẫn 1 mình . tao có thấy bất_hạnh đâu . khẩu_nghiệp,Anger,4
số tao không_được ăn_uống mà emoji_buon,Sadness,2
rửa bát cũng được nấu cơm cũng được giặt quần_áo cũng được miễn_là có ba_mẹ vợ_con là được . làm gì cũng được,Other,0
dume cho vào bảo_tàng làm lồn gì . nhà_khoa hc đã nghiên_cứu sừng tê_giác như móng tay của bạn thế sao không_đem về mà chữa_bênh đụ má rảnh ghê emoji_buon,Disgust,3
cô quét đi cô cho cháu hốt về với emoji_cuoi,Enjoyment,0
"tránh xa nó ra , nó ngáo đó , 8 h sáng mà nó đòi đi ngủ là hiểu rồi",Disgust,3
hỏi nhiều nó lại cho vào đối_tượng truy_nã,Other,0
per nhớ lại vẫn còn tức_á cái lol mẹ,Anger,4
lo tương_lai bị bỏ_rơi của chú đi vậy,Other,0
và sếp tốt có_thể giúp ta vui_vẻ từ sáng thứ hai cho đến tối chủ_nhật,Enjoyment,0
lại tạo điều_kiện cho mấy chị fa vào thả thính . emoji_vui,Enjoyment,0
muốn nhai luôn cả trái_đất,Anger,4
"per lại nhớ chiều nay , buồn_cười sấp_mặt luôn . v dù mệt nhưng ngày nào tan làm cũng muốn được đèo đưa đi ăn_kem , ăn_đồ chua , ăn miến_trộn như hôm_nay cerr v",Enjoyment,0
không_ngờ tin nhắn riêng_tư cũng phải kiêng_nể nhắn_tin để lỡ có bị chụp vẫn thấy chả_sao,Fear,1
tao cũng ước mình có 1 tình_yêu như ông_bà,Enjoyment,0
đau_đớn quá sao phải tham_mấy đồng_tiền đó nhỉ,Sadness,2
quả này lại là nhà dột từ nóc rồi,Disgust,3
"mong là chuyện không_có thật , chứ có thật thì đau_lòng vãi ra",Sadness,2
per nguy_hiểm luôn rình_rập xung_quanh chúng_ta emoji_buon,Fear,1
trắc đấy là nyc của nó,Enjoyment,0
đừng hỏi tại_sao giới_tính cứ bị bẻ cong,Other,0
khóc hết nước_mắt emoji_buon emoji_buon,Sadness,2
đúng là chó cậy chủ mà,Disgust,3
chấp_nhận đi mày .. chửi gì dữ vậy .. ! mỗi người mổ việc mà ... nếu không_thích thì kiếm việc khác mà làm ..,Disgust,3
"emoji_vui ở đoạn đó hồi năm nhất tao được họ lấy 100 k , vì sáng sớm đem duy_nhất 100 k trong túi , thế_là nộp luôn emoji_vui",Sadness,2
per đọc nhầm con nhện thành con gián_emoji_vui thật khó hiểu,Other,0
may_mà bà_già bảo năm hạn đừng đi chứ không_hạn thật,Other,0
cái giống mắc zại nhất từng thấy emoji_vui,Disgust,3
bắn cái lũ khốn_nặn kia ra . mấy ông_bà lại ăn cho lắm tiền vào . để cả 1 thế_hệ trẻ_em bệnh_tật . làm cho ra lẽ đi . bọn này bắn cmm nó đi . quá là ác,Anger,4
đéo có não à,Disgust,3
"không_biết bác dạy ra sao mà đến_nỗi . còn tao dạy nhận tiền_mặt , dạy 10 ngày là phụ_huynh trả luôn tiền tháng đó chứ không_có nhập_nhằng gì hết",Disgust,3
"thực_ra bị bóc trên mạng thì thường là bẩn_thỉu , không_phân_quê quán",Other,0
ôi không_đọc được bài của chị thì em vẫn tin_tưởng cái group đấy lắm,Disgust,3
"tính ra là 1 cuộn keo 2 mặt sẽ giải_quyết được moiij chuyện emoji_cuoi , cơ_mà ý_thức như lồn thật v",Disgust,3
"chỗ đó không_có , họ thấy lạ , chứ như tao lần đầu thấy trên internet tao cũng lạ , chửi gì ghê_thế",Disgust,3
khổ_thân các cháu,Sadness,2
"nước bẩn quá , toàn rác !",Disgust,3
chỉ những người độc_thân thôi,Sadness,2
nhìn cái muốn cong d,Enjoyment,0
"thanh_niên bỏ nhà theo trai rồi bầu bắt_sen chăm , thứ_hoàng thượng_dâm tà",Disgust,3
"t đợi cái post về loài hãm_lòn này lâu lắm rồi nhá . dcm nhìn ngốc nghếch thế thôi mà dữ lắm luôn , có lần tao cúi xuống cầm gậy đuổi nó vào chuồng mà nhân lúc tao sơ_hở rón_rén đến suýt_táp vào đít tao . lúc ấy sợ tụt_lòn vì chỉ còn có 2 bước nữa thôi là nó đớp gọn tao rồi .... có hôm tao vừa ngờ nghệch ra vườn hóng mát thì cả đàn , cả đàn nhé . dí tao chạy quanh vườn , con nào con nấy vênh cổ lên chạy theo tao . nhờ nó mà suýt chút nữa tao chết vì đau tim ....",Disgust,3
ly_hôn cũng phải hoành_tráng chứ .. còn phải làm to hơn kết_hôn mới được,Enjoyment,0
mèo nhìn dễ_thương mà ác_vãi 3,Disgust,3
dễ_thương vậy chời,Enjoyment,0
bạn gái trong ảnh lưu_hình gửi cho công_an xã chết con mẹ bọn nó đi emoji_vui,Anger,4
các bạn buồn_cười vãi cả đái . người ta đỗ ở đường chứ có phải trong nhà bạn đéo đâu mà nhặng lên .,Disgust,3
ngu chưa . đăng lên để rồi bị chửi,Disgust,3
nhìn con_bé thấy cưng ghê chị ơi,Enjoyment,0
per anh bạn tồi nhất quả đất này,Disgust,3
cho c mù mắt tao đi,Disgust,3
đồng_đội chơi tốt quá hahaa,Enjoyment,0
lợi_ích của việc không_nghe lời vợ ? ?,Other,0
cho về hết chứ cứ lương không_mà không_làm thêm gì mà có nhà_lầu xe_hơi thì lấy ở đâu ? ? ? ? ? ? ? ? không_phải đùn_đẩy .... cho về hết bọn nó mới hết không_tìm ra nguyên_nhân .... không_có sao phụ_huynh dám nói ....,Anger,4
"phải nói là hài_tàu hay thật đấy , luôn li_kì và khó đoán kết_quả , ý_nghĩa thì thâm sau . hihi thích rồi đó",Enjoyment,0
giờ lắm bọn biến_thái thế,Disgust,3
chị đầu_tiên buồn v emoji_buon,Sadness,2
trời ơi tao chóng_mặt quá đi emoji_buon,Sadness,2
"đúng kiểu tham_lam mà tài_năng thì có_hạn , miệng thì bảo_sợ ông vũ_làm sạt_nghiệp trung_nguyên nhưng bản_thân trước đó lại làm lỗ của công_tình_yêu 1700 tỉ , mụ đàn_bà mặt dày",Disgust,3
có tay mà người bị cụt tay . không_bao_giờ sử_dụng bàn_tay đó . ngu trở lên nổi_tiếng .,Disgust,3
dume đồng_nghiệp gặp hlin thì chỉ muốn nghỉ thôi,Anger,4
không_nghe lời vợ mới là mấu_chốt emoji_vui,Other,0
"nói bao_giờ cũng dẽ hơn làm , mà mặt 2 đứa này nhìn như mất mẹ dây thần_kinh gì đấy",Disgust,3
"sản_phẩm tốt đấy , có tính ứng_dụng cao",Surprise,0
nếu đồng_nghiệp của bạn hãm_vãi thì cũng_nên đăng_xuất đi hiền_hana,Disgust,3
"tao cưới rồi , cưới nữa cho vợ tao chém tao chết à",Fear,1
"tuyệt_vời , chỉ cần họ thấy vui và hạnh_phúc",Enjoyment,0
ngu quá là ngu đậu xe gì mà sát đường_ray tàu hỏa thế chứ . ?_quả này người ta còn phạt thêm cho nữa chứ đâu phải lát xe mà xong đâu .. ?,Disgust,3
cẩn_thận mày lại có cháu sớm,Enjoyment,0
yêu hay không_yêu không_yêu hay yêu nói 1 lời emoji_cuoi,Enjoyment,0
tao cũng hay sử_dụng chiêu này và bọn đàn_ông vẫn cứ bị lừa ? ? ? ?,Enjoyment,0
"thật_sự mình rất thích bạn này , xem phim mỗi tập cứ canh đúng cảnh có bạn_ý , dễ_thương quá",Enjoyment,0
bọn ngáo này mà cũng có người sợ nó nữa hả,Surprise,0
em đã bao_giờ nghĩ đến mối quan_hệ đồng_tính ?,Other,0
"từ khi lấy vợ , làm vlog thiếu muối hẳn huhu",Sadness,2
nhưng đứa bạn thân đều là lũ khốn,Disgust,3
"vợ người ta chưa_bao_giờ làm tôi thất_vọng , còn vợ tôi thì ..... đi hết 1 3 cuộc_đời rồi vẫn chưa_tìm thấy",Sadness,2
hỏi nhây khiếp,Disgust,3
có tiền sẽ thấy các vị gọi_là thượng_hạng còn không_tiền sẽ chỉ thấy vị mặn của mồ_hôi_nước_mắt,Sadness,2
nước_biển sao đục quá nhỉ,Other,0
"người đàn_ông ốm_đau nói với vợ mình ở lại với anh rồi cầm tay bà . đó là tình_yêu , vỏn_vẹn 20 năm ngắn_ngủi . tình_yêu bố dành cho mẹ",Enjoyment,0
con ngu dù bố_mẹ có là người như_thế_nào đi_chăng_nữa thì cũng là người đẻ ra mày nuôi chúng_mày lớn_khôn_lớn lên không_báo_hiếu được gì lại còn sủa bậy,Anger,4
hy_vọng mọi điều tốt_đẹp sẽ tới,Enjoyment,0
t cũng buồn lắm chớ bộ,Sadness,2
t đã thử rồi mà dume vẫn la_emoji_vui,Sadness,2
ý_thức tồi,Disgust,3
"má , sờ_mông có cái mà táng bố .. ? ?",Anger,4
trò này cũng nguy_hiểm chết người đừng đùa theo mà mang họa,Fear,1
nhìn cái mặt cưng vãi,Enjoyment,0
sáng_kiến hay đỡ bao nhiều tiền để tiêu_hủy,Other,0
đéo có lol gì là buồn_cười,Disgust,3
"per tiền_bạc là phù_du , quan_trọng là tình_nghĩa",Other,0
không_tiền cạp đất mà ăn ah,Other,0
thứ thiếu ý_thức ... nhưng lên mạng thì dạy người khác,Disgust,3
có mà thần_kinh hơn ấy,Disgust,3
đéo hiểu chó hay người .,Disgust,3
đau chán riết quen có cái lol gì phải than_vãn emoji_vui,Disgust,3
một bộ phim rất đáng xem ! !,Enjoyment,0
"đâu phải có tiền muốn làm cha ai thì làm , gì cũng vừa_phải thôi . ý_thức từ nhỏ không_được dạy_dỗ cẩn_thận",Disgust,3
mấy lần đi ngang hết hồn,Fear,1
"anh giờ thích ai rồi , không_còn giữ câu nói trước_kia nữa đâu nhỉ . ừ gần 1 năm rồi cơ mà emoji_buon",Sadness,2
công_nhận già thật,Other,0
"hà_nội làm con_người ta trở_nên nhỏ_nhen và bon_chen , luật thi áp_dụng như cứt nó chỉ giành cho người có tiền và có quyền",Disgust,3
chán vãi dạo này ngủ sớm quen emoji_vui,Disgust,3
"hồi nhỏ hay bị ngỗng rượt , vừa chạy vừa khóc la",Fear,1
lại mưa emoji_buon,Sadness,2
bố mấy con trẻ trâu emoji_vui_tưởng thế_là hay emoji_vui,Disgust,3
chả_có tiền mua,Sadness,2
đề_nghị admin xóa bài đi ạ . chứ bố_mẹ em sắp đi chợ về rồi ạ emoji_buon,Fear,1
sao mày không_ngủ chung với cả mẹ mày và em mày ?,Other,0
haha con mấy cái video toàn đóng vào mỏ nhau không . cười tụt_quần,Enjoyment,0
thế đéo nào lại ra được nhỉ ? ?,Surprise,0
vẫn là chính_sách trên giấy_tờ,Other,0
sớm muộn_củng chết_đuối à,Other,0
bức ảnh xuất_sắc,Enjoyment,0
việc đớn_đau nhất . là nhường người mình yêuu nhất cho 1 người khác . chỉ vì đơn_giản không_muốn ai phải đau buồn,Sadness,2
ủa mắc gì gỡ fan cứng của em ? huhu,Sadness,2
"ai cho mình xin tên phim với , mình không_xem được emoji_buon",Sadness,2
tao đang đọc cái lol gì đây emoji_vui sao lại thành_truyện giáo_dục rồi dume,Surprise,0
mặt ô kia khát nước nhìn buồn cườ thế emoji_cuoi emoji_cuoi,Enjoyment,0
tao bị bỏ_rơi rồi,Sadness,2
tao nhìn tao thấy ghê_vcd ấy emoji_cuoi emoji_cuoi,Fear,1
cậu nhỏ có tăng lên không,Other,0
"bạn trai tao cắt tóc xong cái đầu như cái đầu buồi , không_lệch vào đâu được emoji_vui",Disgust,3
bây_giờ gọi hành_hiếmkk,Enjoyment,0
chúng_mày đã bao_giờ bị hất cả cốc nước vào mặt vì mặt không_bao_giờ tươi_cười niềm_nở chưa ?,Sadness,2
người yêu_mày cắt tóc hay_là đi đầu_thai lại thế ? ? ?,Surprise,0
sự_thật thì cố suy_nghĩ vui_vẻ hạnh_phúc mà trong túi không_có tiền chỉ sợ đất cũng không_có mà ăn,Sadness,2
tao tháy gái nguy_hiểm vãi,Fear,1
"chạy tới đưa đồ cho nó , trượt chân té sấp mặt luôn",Other,0
hẳn là con_số đẹp,Enjoyment,0
còn 1 tháng nữa thôi_khép lại những ngày_tháng vui_buồn nhưng luôn có người bên cạnh sẻ_chia không_lo_lắng của tuổi thanh_xuân cái tuổi đẹp nhất của cng,Enjoyment,0
tao còn không_dám ăn_nói chi_ruồi .,Fear,1
sợ vãi linh_hồn,Fear,1
có thì tốt nhất đừng có giận vì ngoài kia bất_cứ thằng nào cũng sẵn_sàng_dỗ dành bạn gái của bạn,Fear,1
bốc phốt khách thế không_sợ mất khách à bác ? ?,Other,0
ừ mỗi lần thế lần buồn_kinh lắm mày ạ,Sadness,2
lâu lắc chưa_xem_lại ! ! ! . một bộ phim vừa ý_nghĩa vừa hài_hước !,Enjoyment,0
"gắng , nhanh khỏi bệnh rồi về bên anh",Enjoyment,0
đề này đối_với lực học lớp 9 đâu_có_khó . cẩn_thận chút là được,Other,0
nghe bài này đau_lòng quá mà,Sadness,2
má . đang định đi chụp emoji_buon,Fear,1
ai muốn tránh đường đông hỏi người_dân đường trong núi nhé !,Other,0
"những hành_động đẹp , đáng được trân_trọng , và sẽ được lan_tỏa ở mọi nơi , thật tuyệt_vời",Enjoyment,0
vào siêu_thi mua ghế masage chạy điện ra mà ngồi cho chúng_nó choáng ! vừa đỡ mỏi chân lại khỏe người !,Enjoyment,0
"tao nói té 1 cái không_dập mề_thua gì cũg_thua , trĩ nội_trĩ ngoại_nguyên chùm emoji_cuoi",Fear,1
năm sau nữa quyết_định nằm cho đỡ đau lưng,Other,0
bé xinh quá,Enjoyment,0
bài hát đầu_tiên của phim là gì nhỉ quên mất rồi . bạn nào thông_não cho mình phát,Other,0
đây là trẻ ghé chứ gì nữa,Disgust,3
t chẳng_muốn phải nói suýt nữa thì .. một lần nào nữa trong đời của nhau nữa đâu ... vì_vậy sẽ trân_trọng khi người tới .,Sadness,2
per cái đoạn vén tóc là quen lắm nhá . thích lém_ý,Enjoyment,0
"thề , phim này xem đi xem_lại gần chục lần .",Enjoyment,0
phim chuẩn chưa_này emoji_cuoi,Enjoyment,0
"per thì mấy ông nhậu bắt sạch , còn đâu mà phá_hoại",Other,0
ô .. còn lâu lắm ...,Other,0
"tao cũng như mày đây . không_sao cả , hãy tự_hào vì tên mày vẫn rất đẹp",Enjoyment,0
cho nó đỗ tí mất gì đâu,Other,0
người ta nói ngu thì chết có gì sai ?,Disgust,3
dễ_thương vậy,Enjoyment,0
chắc chưa_emoji_vui si_nghĩ kĩ_lại đi,Other,0
má con đĩ mèo nó đanh đá thế,Disgust,3
"từ nay sẽ không_cap màn_hình ib_nưa , thật tội_lỗi tội_lỗi",Sadness,2
t chỉ muốn khoe là tao vẫn được nghỉ 1 tuần nữa emoji_cuoi,Enjoyment,0
biết chứ dã từng sài,Other,0
ấn_tượng vãi v bàn_tay vàng trong làng vẩy khế v,Enjoyment,0
thích quá mấy má ơi !,Enjoyment,0
không_ngon như lần trước nữa,Disgust,3
mặt thái_độ vãi,Other,0
cũng muốn kết_hôn lắm mà đến giờ vẫn chưa_có người_yêu emoji_buon,Sadness,2
sẽ hấp_dẫn hơn khi dưới sông có cá_sấu emoji_vui_lót dép hóng,Enjoyment,0
xem nà ra chiêu_nà gẫy cây nà sấp mặt luôn nà emoji_cuoi,Enjoyment,0
"per nhà_giáo áp_lực quá nhỉ , giống làm dâu_trăm họ .",Fear,1
"bọn giết người không_dao tử_hình cái thằng cung_cấp thực_phẩm bẩn vào trường , những đứa liên_quan còn lại cho vào tù hết .",Anger,4
tao thấy đéo có cái gì để tao cầm được cơn cười cđcm nó ! emoji_vui,Enjoyment,0
gần 10 năm rồi coi đi coi lại cũng gần 30 lần . nhớ ! ! !,Enjoyment,0
phụ_nữ ngày_xưa toàn cực_phẩm v,Enjoyment,0
xóa sổ toàn phần cơ_sở cung_cấp thức_ăn khốn_nạn này bằng cách cho chúng mỗi đứa một mũi tiêm thuốc_độc . còn hiệu_trưởng các trường bỏ tù vĩnh_viễn .,Anger,4
tử_hình cái bọn giết người hàng_loạt này đi,Anger,4
pháp_luật là bạn của nó rồi anh ah vì quen anh anh_chị b trên quận ah nên em cũng sợ lắm ah,Fear,1
"biết có người_binh mà mới chửi lại đó , con hư tại mẹ thui",Disgust,3
chị khổ mấy cô giáo_viên giám_đứng ra tố_cáo . sau_này bị làm_khó hoặc trả_thù,Sadness,2
trời trời ! như_là nói_lên nỗi_lòng của thẩm_phán vậy emoji_vui,Other,0
má tao xem mà lo thằng quay_phim tét không_à ? có ai như tao không ?,Fear,1
đm rơi mẹ điện_thoại xuống đất,Other,0
mới gọi điện_thoại xong mới cười với tuii xong heheh anh đáng yêu vãi,Enjoyment,0
bướng vừa vừa kiểu đáng yêu chứ mà lồng_lộn thì thôi làm bà nội chứ yêu đương_đéo gì,Disgust,3
vâng với 1 pha chống gậy tinh_tế anh đã làm cho người xem 1 sự bất_ngờ,Surprise,0
evn nó đéo thích đâu nhé .. nó chỉ giả_vờ lươn_lẹo nói thế thôi .. ! ? emoji_cuoi,Disgust,3
ông tổ của những cái sừng là đây sao ? ? ?,Surprise,0
thế mày nằm viện nào tao vào thăm luôn cho động_lực,Other,0
"xem mà đau_lòng , đau_lòng nhưng vẫn xem emoji_buon",Sadness,2
cuộc_sống thật chua_cay với tao,Sadness,2
"trước_đây mình không_thích xem phim việt , nhưng mấy năm nay phim việt chiếu_phim nào cũng hay . tự_dưng không_thích xem phim hàn_quốc nữa .",Enjoyment,0
"còn là học_sinh nhưng tố_chất lừa_đảo đĩ_điếm đã thể_hiện ra rồi , nếu nó muốn nổi_tiếng , thì đưa mặt nó lên đi thớt",Disgust,3
"bọn 6 múi yêu nhau hết rồi , tao bụng mỡ đây , tao vẫn thích con gái đây ! ! ! ! !",Enjoyment,0
trung_thu là tết thiếu chi_chả liên_quan chi đến việc tao không_có gấu,Anger,4
thằng nào con nào nuôi ác quá z,Anger,4
cám_ơn đã cho tôi cuộc_sống này,Enjoyment,0
nghe tình_vãi emoji_cuoi,Enjoyment,0
thất_tình đi nghe nhạc chúng_nó còn ngồi trước mặt ôm nhau . hận,Sadness,2
vô_liêm sỉ,Disgust,3
mẹ bế đứa nào thì là mẹ của đứa đó nhé,Other,0
công_nhận nó phê như_vậy thật emoji_cuoi,Enjoyment,0
này thì câu thích emoji_cuoi emoji_cuoi emoji_cuoi,Enjoyment,0
lời được cánh của sắt tàu hỏa ngon rồi,Enjoyment,0
"sửa luật , tóm cho vào tù . tình_nguyện mãi sao được .",Disgust,3
t coi đi coi lại mấy lần để xác_định con nhện nó phóng qua tới cái điện_thoại hay_là nghệ_thuật,Other,0
lúc ra hà_nội ở ngay phố đào tấn mà không_biết chổ này emoji_buon,Sadness,2
m vừa tuột quần xuống nó sẽ hôn_con họa_mi của mày,Other,0
cả 2 đứa đều ngu khi có mồm mà không_nói,Disgust,3
một thời để nhớ,Other,0
đúng chất_dân miền tây hahaha,Enjoyment,0
24 tuổi thấy đời đắng và khá mặn,Sadness,2
một cái ỉn mông xong hết emoji_cuoi emoji_cuoi emoji_cuoi dăm_ba cái võ_thuật emoji_cuoi emoji_cuoi emoji_cuoi,Enjoyment,0
đáng yêu quá . chúc ông_bà thật mạnh_khỏe mãi hạnh_phúc như_vậy,Enjoyment,0
per con_người dù có bị trừ hết điểm cũng chạ thèm quan_tâm ạ emoji_vui,Disgust,3
đấy có phải con_người không_nhỉ ? mà sao lại làm thế,Surprise,0
ủa vậy hả mới biết ta,Surprise,0
vậy thì các bác chưa_biết rồi,Other,0
tài_xế để não trong háng hay sao mà thích chơi ngu lấy tiếng thế,Disgust,3
họ hành_động quá đẹp,Enjoyment,0
"xem phim mà cứ nhìn cặp chân của ổng , chân gì mà dài thường thượt . chồi ôi 1 m87",Enjoyment,0
đọc bình_luận mới thấy nhiều người hãm thật_sự emoji_vui,Disgust,3
em nuôi con lợn mấy năm rồi mà vẫn trống_rỗng huhu_emoji_buon emoji_buon emoji_buon,Sadness,2
nhìn bọn có người_yêu khổ chưa_kìa .,Other,0
ước_mơ tao emoji_vui chỉ có_thể sao_chép lại và tao lên màu cực xấu !,Sadness,2
lúc buồn là đi phựt thì thôi rồi như kiểu cuộc_đời đáng sống ý,Other,0
thôi mày cố lên . đỡ rồi cũng tốt,Enjoyment,0
"dume , em tao mà bị thế_này thì tao xiên mỗi đứa một nhát , đi tù cũng được",Anger,4
đơn_giản là thấy họ cười emoji_cuoi_emoji_cuoi,Enjoyment,0
per emoji_cuoi emoji_cuoi emoji_cuoi còn nhớ không ? ? ?,Enjoyment,0
hay lắm em êii,Enjoyment,0
t nói tao bị ngỗng dí đúng sáng sớm bọn bạn cười tao . emoji_cuoi còn bồ_tao thấy tao bị dí đứng cười,Disgust,3
nhớ lại kỷ_niệm này buồn quá,Sadness,2
"thì rõ_ràng là bịa mà , cơ_bản để cảnh tỉnh suy_nghĩ của con_người hiện_nay thôi bạn",Disgust,3
"lúc trước ông với bà tao cũng thế , bây_giờ thì ông bỏ bà đi trước rồi .",Sadness,2
tao mừng quá vì tao biết chắc_chắn hôm_nay crush của tao không_bị thịt . ahihi .,Enjoyment,0
xót thì mang về mà dạy đi . xưa đi học suốt ngày bị quỳ chép bài trên bục giảng_chả sao giờ thì sểnh ra 1 tỵ là kiện_tụng . đừng có lạm_dụng mxh mà lên_án người khác .,Disgust,3
hôm_qua xem cười_lộn ruột,Enjoyment,0
buồn là cái gì mày,Other,0
tao ám_ảnh việc lau sàn,Fear,1
mong ông_bà được nhiu sức khỏe,Enjoyment,0
có con gái thật tuyệt !,Enjoyment,0
nhìn vậy thôi mày bóc tách múi ra là bình_thường ngay mà,Other,0
giống chuyện của chúng_mình quá . chả_biết sẽ cùng anh đi bao xa ... nhưng hạnh_phúc khi có anh luôn bên cạnh ? ?,Enjoyment,0
xem xong rồi mà có cảm_thấy gì đâu ? ?,Other,0
xấu còn đóng vai mất dạy,Disgust,3
bọn lừa_đảo,Anger,4
buồn quá buồn,Sadness,2
tuy_dáng đứng có hơi lỏng_lẻo nhưng những đường quyền của ông này thật như lol,Disgust,3
nếu lái_xe là dân đen thì thế_nào chú . có dám đậu ở đóa không,Other,0
khi đủ trưởng_thành và kinh_tế . cơ mà nhỡ bác_sĩ bảo_cưới thì cũng phải cưới thôi emoji_cuoi,Enjoyment,0
cho nghe lại cái khúc đó đi anh hai à v,Other,0
ông thần_tài cũng không_dám ăn luôn,Fear,1
buồn cho số_phận emoji_buon,Sadness,2
nhà tao nhận coi giữ xe nha 3,Enjoyment,0
may cho mày con nhà gia_đình khá . chứ nghèo như tao khổ rồi . ? ?,Other,0
mới thấy bài này trên phòng trọ đn nữa này . bạn ơi mình cùng thành_phố này v,Enjoyment,0
cục súc vậy ai chơi,Disgust,3
"bọn nó nhỏ mà đã có người_yêu , còn tao thì ế emoji_buon",Sadness,2
cần địa_chỉ để đặt một bạn người_yêu có chiều cao như anh thứ 3,Other,0
"hồi nhỏ đi ngang nhà hàng_xóm con quỷ này dí tao từ ngoài đường vô tới trong nhà tao nó vẫn không_tha , ba_mẹ tao nghe tao_la chạy ra chụp cổ nó quăng ra sân nó mới chịu đi . ám_ảnh tuổi_thơ",Fear,1
chuyển từ thất_tình sang muốn chết vì quá chán emoji_buon,Sadness,2
cái cuối phê_vãi,Enjoyment,0
giá_trị lịch_sử văn_hóa gần nghìn năm đã mất đi rồi emoji_buon,Sadness,2
ý bảo mày treo cao_vãi đấy . hạ tiêu_chuẩn thấp_chút bằng cách ngồi xa_sóng ra đi tml .,Disgust,3
năm nào cũng mua 2 cái đăng_ảnh sống ảo xong cất_ăn chống đói dần_dần emoji_vui,Enjoyment,0
tao cute mà các mày,Enjoyment,0
có tiền chưa_chắc đã ngọt nhưng nếu không_có tiền chắc_chắn là đắng .,Sadness,2
ơ viê tao nam sao được như vâ_y,Other,0
tủi_hổ với bản_thân ghê khi tao vẽ người mà mẹ tao hỏi hóa ra đây là hình_dạng thực của quỷ sao ?,Sadness,2
đkmm xuống đáy biển mà viết luôn đi thằng lồn emoji_cuoi,Anger,4
đồ khùng cơm đâu_có_mắc đâu mà phải làm_vậy .,Disgust,3
haha tao trúng số thật này,Surprise,0
"ủa tại_sao không_nghỉ_việc luôn đi , hay lương_tâm không_còn chữ_đức nữa",Anger,4
lấy củi chứ bao_nhiêu rơm cho đủ,Other,0
per không_biết còn nhớ tên tao không_nữa,Sadness,2
viết tay_phải mẹ mày đi . đụ mẹ mày emoji_vui,Anger,4
chuẩn_bị hết ế emoji_vui,Enjoyment,0
"cả 2 bà đều mất khi mình nhỏ , không_hưởng_thụ cảm_giác này rồi",Sadness,2
"và mày chỉ cần lùi về sau , như ít quan_tâm và nhắn_tin lại mày_sẻ cua được crush",Enjoyment,0
bạn có bố thật hạnh_phúc,Enjoyment,0
ý_thức emoji_cuoi,Other,0
"dume mày là con gái đó , còn tao thì dume mày có xuống không_thì bảo",Anger,4
per trung_thu chia_tay gấu à ? bất_hạnh nhỉ,Sadness,2
bông hoa_nhài cắm bãi cứt trâu emoji_vui,Disgust,3
oimeoi tao thấy được tao ngày_xưa đây rồi emoji_cuoi,Enjoyment,0
t không_nghiện trà nên tao thấy bình_thường mà,Other,0
cắt . cảm_ơn đoạn giả_dối kia đã giúp các bạn trẻ có thêm niềm tin về 1 tình_yêu đẹp riêng tao đéo tin nhé,Disgust,3
hahahaha tao mắc cười ghê . nhớ cái hôm sinh_nhật tao ghê . chắc mấy mẹ ở guru cũng rủa dữ lắm hahaha per,Enjoyment,0
một_mình tao ăn hết 1 nồi lẩu từ lúc tối emoji_buon,Sadness,2
dm chúng_mày bị bệnh à kiện chết con mẹ mấy thằng ấu_dâm bệnh_hoạn này đi,Anger,4
con trai giờ mất_giá v luôn hã mấy chế emoji_vui,Disgust,3
per kỷ_niệm nè ! ! !,Enjoyment,0
per nếu bạn chưa_có việc_làm v,Other,0
có 1 đứa hợp_tác vậy là cũg quý_hóa quá rồi,Enjoyment,0
dume nhát ma vậy ai coi,Disgust,3
chiến_lược kinh_doanh của người nhật thật đang suy_nghĩ,Other,0
quả váy màu hường nam_tính .,Other,0
ngồi xa ra đụ mẹ mày,Anger,4
phê hơn lá chuối,Enjoyment,0
per phá_gia chi_tử chính nó ? ? ? ?,Anger,4
tuổi_trẻ tài_cao là đây,Enjoyment,0
nhìn móng tay bác này mà tao thèm_lòng chó quá per,Enjoyment,0
thật là đáng sợ,Fear,1
"hiện_tại mình cũng muốn kết_hôn lắm . ngặt nỗi hai gia_đình ngăn_cản giữ dội , phản_đối kịch_liệt chuyện hai bọn mình đến với nhau emoji_buon nhất là chồng cô ý",Sadness,2
đó là khi anh per cưới vợ đó,Sadness,2
vui tính quá ? ? vừa kết_bạn xong ? ?,Enjoyment,0
con trai chỉ thích gái lùn thôi . tao biết mà . nhưng cô gái cao như tao đi cạnh sẽ giống 2 thằng đàn_ông lắm,Disgust,3
"cấm dừng đỗ thì bạn gọi công_an phường , post lên đây làm gì",Disgust,3
coi như giải_thích rồi nhé,Other,0
ngôi nhà bên dòng sông rõ đẹp . tiếc là sông toàn rác,Disgust,3
"nói chứ uống đi , 1 ly thì giảm ăn một bữa sẽ không_khiến mày phì_đâu .",Enjoyment,0
đứt quả chuối trong mồm . đéo dám nghĩ kết_quả lun,Fear,1
mới đi nhổ răng số 8 và chụp emoji_buon,Sadness,2
nghe ức_chế vãi lồn nhỉ . dume mẹ bọn con trai,Anger,4
sự thất_bại của giáo_dục,Disgust,3
cưng thế emoji_cuoi,Enjoyment,0
bóng_đá thể_thao mà làm mấy cái thể_loại băng_ron khích_tướng vãi .,Disgust,3
ui nghe ấm thế,Enjoyment,0
hồi sinh_viên mình dùng cái này đó,Other,0
sao mình gặp toàn thằng mất_dạy hay bắt_nạt mình nhỉ ? tuổi_thơ bất_hạnh emoji_vui,Sadness,2
có gì mà vinh_quang một bàn_tay bị tật,Disgust,3
"thiệt_tình chỉ thấy gớm thôi , chớ chẳng_hay ho gì .",Disgust,3
nicholas liang nhà xài cái này phải không ?,Surprise,0
câu chyện cổ_tích thật ý_nghĩa emoji_cuoi emoji_cuoi,Enjoyment,0
per năm nay 2 đứa quyết_định ngồi hay đứng kk,Enjoyment,0
chúng_mày nhục thế đéo_dám công_khai ảnh của chúng_mày đi,Disgust,3
tội thằng per vãi,Sadness,2
huhu lần trước đi chụp răng . thằng kĩ_thuật viện cho bạn vào cái máy to_đùng xong nó bảo ngồi im . nó bật máy xong chạy ra ngoài đóng_cửa với tốc_độ ánh_sáng .,Sadness,2
mai đi bán miếng năng_lượng thôi emoji_cuoi,Other,0
cái khó_ló_cái khôn_emoji_vui,Enjoyment,0
per nó tấn_công tao với mày đó,Other,0
hồi nhỏ tao đi bệnh_viện chỉnh_hình về kể mọi người là có ông kia ho gãy xương sườn đéo ai tin cả ? ?,Other,0
vợ với con chả_được tích_sự gì ! toàn làm hết hồn ? ?,Anger,4
quả váy hồng_truất vãi_chưởng,Surprise,0
"đù . tròn ung_ủng , chân_tay ngẵn_cũn như tao nhảy sao",Sadness,2
không_nuôi thì cho người muốn nuôi đi chứ để em nó bọ_ve tùm_lum sót quá ? ? ? ?,Sadness,2
vẫn xinh_phết nhỉ ? ?,Surprise,0
và ông đã có nỗi buồn mới thay_vì buồn thất_tình,Sadness,2
per kết_truyện chất ghê emoji_vui,Enjoyment,0
"rớt mũ trước , sau là rớt đầu . con với cái mắc dại thiệc emoji_cuoi",Disgust,3
"hôm bữa đi ngang qua , thấy hết con mẹ nó hồn",Fear,1
vl thánh_nào ghép nhạc lầy_vãi,Other,0
per tao với mày làm chung thì sao nhể,Other,0
hay lắm . thằng anh giúp 2 e thêm yêu lao_động,Enjoyment,0
bao_giờ lại chiếu ạ,Other,0
anh ơi đây này per,Other,0
cho nó ăn rau_má đi,Other,0
mong_manh dể_vở emoji_cuoi emoji_cuoi,Sadness,2
về vườn rồi sớm quá,Other,0
thanh_niên co em hoan_hy qua emoji_vui,Enjoyment,0
có ai thừa biết nó sẽ nhảy vào điện_thoại nhưng cuối_cùng là vẫn giật_mình không,Enjoyment,0
ranh con mà láo_toét . xem đến đoạn này mà phát bực,Anger,4
nó đang lợi_dụng mày,Disgust,3
không_bă người 1 con cho anh emoji_cuoi,Disgust,3
lũ kiến ở nhà mày thích vậy .,Enjoyment,0
per tập gym xong để đi nhảy thế_này à emoji_cuoi emoji_cuoi emoji_cuoi,Other,0
per năm sau nhớ lấy gối ra quỳ luôn ha,Enjoyment,0
vn nó là vậy,Other,0
đây là video hay và ý_nghĩa emoji_vui,Enjoyment,0
đcm hả hê cái lol gì chuyện này cơ chứ,Anger,4
hài_bựa nó vẫn hay hơn bọn cố tỏ ra chảnh trong khi như lol emoji_vui,Disgust,3
không_có đạo_đức nghề_nghiệp rồi emoji_vui,Disgust,3
"ngày_ngày đều nhìn qua cửa_sổ chờ nó đi học ngang qua , nhìn sau lưng thôi cũng đủ vui rồi hh",Enjoyment,0
nhìn vừa tội vừa thương ? ? ? ?,Sadness,2
con_bé xinh_thế,Enjoyment,0
cho tao hỏi tình_hình bà mẹ thế_nào rồi emoji_cuoi,Other,0
chúc bạn có một ngày vui_vẻ,Enjoyment,0
mấy con lồn này lắm nữa emoji_vui,Anger,4
xong là phê lắm mày,Enjoyment,0
"nhiều người nói con này giả_ngu câu thích , nhưng xem_lại nhiều lần thấy nó ngu_thiệt chứ không_phải giả_bộ",Disgust,3
tâm_sự không_đúng người ngoài việc họ cười vào mặt bạn,Fear,1
đậu xe kiểu vô_văn_hóa .,Disgust,3
kể_cả là câu_chuyện không_có thật thì nó vẫn là một lời nhắc . sân si cái đầu buồi à .,Disgust,3
boss có bộ_đồ ngủ đĩ thõa ghê_gớm,Enjoyment,0
tao ghét nhất mấy mẹ ngoài bắc cứ ỉ lớn_tuổi hơn là có quyền chửi người khác là láo_toét trong khi mình nói_chuyện như l đcm gặp tao tao rút chìa khóa xe của mụ ném ra thật xa cho đi nhặt xem lúc đó gọi con bả kiểu gì . moá lắm lúc không_muốn tạo_nghiệp mà gặp mấy con mẹ già mất_nết này điên thật chớ,Disgust,3
tự_hào ngồi mâm dưới,Enjoyment,0
ôi vãi mình lên fan cứng rồi cơ,Enjoyment,0
dù ra sao vẫn giữ nụ cười và sự tự_tin,Enjoyment,0
quảng_cáo đéo gì tao thấy đáng sợ vãi .,Anger,4
lêu lêu_đồ con_nuôi,Disgust,3
này gọi_là theo kịp_thời_đại emoji_vui,Enjoyment,0
ụa cho fa đọc chi rựa huhu,Sadness,2
êu ơi mỏng_manh thế ? ?,Other,0
rất hợp_lí,Enjoyment,0
bộ phim hấp_dẫn quá,Surprise,0
dume s giống suy_nghĩ tao thế nhỉ emoji_vui hihi,Surprise,0
còn tệ hơn năm_ngoái,Sadness,2
nụ cười của crush kích_thích vãi emoji_vui,Enjoyment,0
cười vãi_emoji_vui,Enjoyment,0
ôi đáng yêu quá . đến bao_giờ người đàn_ông như_thế_nào mới xuất_hiện trong cuộc_đời tôi đây,Enjoyment,0
đâu nhất_thiết mỗi cầu_đường hả bạn ?,Other,0
dẹp . đéo lưu_luyến .,Anger,4
"và bức tường , khung lan_can , cây_cối y_nguyên sau ngần ấy năm ư ?",Surprise,0
"địt mẹ , mình làm khách_sạn , lúc vào check phòng kinh_vãi lôz . ai họ có ý_thức thì không_nói , chứ đôi nào mà ...... thì thôi hôm đấy cô dọn phòng xác con mẹ nó định",Anger,4
đỗ góc cua như này thì khuất_tầm nhìn quá . chs bênh,Disgust,3
"hồi lúc tao ăn lạp_xưởng mắc xương , nói mà cũng đéo ai tin . tao hiểu cảm_giác của mày lắm ?",Enjoyment,0
tao bướng nhưng mặt_đéo đến_nỗi như con_bé kia,Enjoyment,0
"quỷ cái chứ ma đâu mà ma , haha",Enjoyment,0
là khi gặp nhau mọi suy_nghĩ buồn_bực trước đó nhường chỗ cho cậu emoji_vui,Enjoyment,0
"tao đã từng bị , gào_thét không_1 ai quan_tâm . 1 lũ hơn chục thằng con trai đến bây_giờ nhìn mặt lại từng thằng tao vẫn căm . hôm đó tao xuýt chết_đuối đmm lũ lol nghiệt_súc ấy vẫn chưa_bị quả báo",Anger,4
"giận lại làm gì , cứ để cho anh yêu thời_gian thoải_mái . khi nào thấy ổn sẽ tự_động xuất_hiện còn không_xuất_hiện nữa thì tự hiểu",Other,0
"đến giờ , em vẫn đang đợi anh , người sẽ đúng và thời_điểm sẽ đúng",Enjoyment,0
bài mà từng nghe khi tổn_thương lần đầu,Sadness,2
per huhu mất đi đồng_nghiệp emoji_buon,Sadness,2
độc_nhất_vô_nhị . kk,Enjoyment,0
ác vãi,Disgust,3
"nếu không_có câu per cổ_tích per , tao sẽ vả thằng add vỡ mồm ....",Disgust,3
ra đường không_cầm theo đá phong_thủy rồi,Other,0
cũng muốn có những hành_động đáng yêu nv,Other,0
per nói bao_nhiêu lần cũng không_thấy đủ ... em yêu anh,Enjoyment,0
không_ai cho không_ai cái gì . đừng nghĩ rằng cho đi sẽ nhận lại được điều tốt_đẹp,Disgust,3
chuẩn rồi bác . emoji_vui,Enjoyment,0
bẩn quá,Disgust,3
rất vui_mừng khi ông ấy rời việt_nam an_toàn tuyệt_đối ....,Enjoyment,0
"lại 1 đứa nghĩ trump chỉ làm_trò , haizz",Disgust,3
tưởng tao sợ ư từ cái lần mày dọa rắn tao và tao rơi điện_thoại cuối_cùng vỡ màn_hình là tao đéo sợ nữa nhớ,Enjoyment,0
nhìn quả pin ngứa mắt vãi,Disgust,3
chắc đây là chuyện không_có thật thôi . mình đọc qua cũng biết chắc_chắn không_thể là chữ trẻ_con được,Other,0
tao cũng đang là con_ghẻ của tạo hóa,Sadness,2
không_cho giáo_viên cái quyền gì thì lấy gì mà dạy nhất là thời_buổi lố_lăng như bây_giờ ... nó quỳ lúc nhỏ khi nó sai còn sửa được đợi lớn lên thì bố_mẹ quỳ nhìn nó vào nhà đá,Anger,4
tuy truong_hop thôi cha me tao ra ma không_thuong doi_su te thi_lam sao con no thuong lai thôi xua khac gio khac cu so sanh voi thôi co dai_chan,Other,0
"mình từng chứng_kiến trong lúc khám bệnh , con nói_chuyện mẹ mà như bà nói_chuyện với cháu .",Other,0
cách anh ấy chạy thật là đàng ông quá đi mà emoji_cuoi emoji_cuoi,Enjoyment,0
nhìn quả mặt nó làm tao thỏa mãn vãi,Enjoyment,0
cười đau_ruột,Enjoyment,0
sắp có thực_đơn món mới,Enjoyment,0
ráng ăn cho nhìu vô ỉa cục cức dài hơn móng tay ổng luôn kk,Enjoyment,0
hihi chúc_mừng đại_kỷ_nguyên có lắm người_yêu,Enjoyment,0
mình nghĩ không_nên công_khai đâu dù gì họ đã biết sai giờ công_khai ra chẳng_khác_nào khiến tâm_lý của họ suy_sụp hơn,Other,0
ác nhất là thằng quay_phim . bảo_đảm nó biết trước mà cố_tình không_nói cho tài_xế biết để bỏ cái tật_ngu .,Disgust,3
"bỏ ghê người ta ngồi_ngại đều phải mua nước thoii , ý_tưởng hay emoji_vui",Enjoyment,0
đúng . t vẫn lun chờ_đợi đứa đó dọn dô cuộc_đời t sống .,Enjoyment,0
hồi xưa tao bị tiêu_chảy kèm_ho đã sợ vãi . giờ ho không_thôi cũng sợ nhỉ . ? ?,Fear,1
"mặt mất dạy nhỉ , câng câng luôn",Disgust,3
phải rọ_mõm chủ mới đúng,Disgust,3
"thích cái câu , có mỗi thằng con rể đểu mà cứ xoắn cả lên emoji_cuoi emoji_cuoi emoji_cuoi",Enjoyment,0
cái gì vui vậy mọi người emoji_vui,Enjoyment,0
đơn_giản vì nó đéo còn yêu_mày nữa rồi,Disgust,3
nó tăng_động y_như tao dị đó emoji_vui,Enjoyment,0
per còn có quán như này luôn ah,Surprise,0
per đừng luyện_ngôn_tình nữa .. chờ cái này xem đi emoji_cuoi,Other,0
tôi làm trades . lương tôi không_có .. chỉ có thu_nhập thôi có tính là cao nhất việt_nam không ? ? ? tháng tôi kiếm từ 3000 5000,Enjoyment,0
mới hôm_qua cạo lông mà hôm_nay lại dài thế_cơ à,Surprise,0
mày không_sai thì chẳng_lẽ tao lại sai à ?,Anger,4
chúng_ta nói với nhau nhiều quá nên bao_giờ không_còn gì để nói với nhau emoji_vui,Sadness,2
tao thấy mấy thằng đi sh 10 thằng thì 9 thằng không_mũ ngông_nghênh . ngồi trên xe thì dume_mặt cứ nhìn lên trời emoji_cuoi đéo hiểu chúng_nó sĩ oai cái lol gì luôn .,Disgust,3
"thương các con quá , lũ khốn_nạn vì lợi trước_mắt ma_tội cho bọn trẻ , bọn này cho chết het",Sadness,2
tôi đã giữ lại mấy cái giấy note đã ghi_chú khi nào kiểm_tra emoji_cuoi,Enjoyment,0
nhớ thời ở ký_túc_xá quá đi per,Enjoyment,0
có rất rất nhìu thanh_niên ở đây bị đứt dây thần_kinh hài hước,Disgust,3
dcm . ngày bé tao sợ nhện_vãi . xem phim thấy yêu tinh_nhện,Fear,1
tao còn phải đợi 3 tháng nữa là đủ 1 gia_đình nhỏ rồi,Enjoyment,0
per suốt ngày bắt người ta đi tập gym nè .,Anger,4
con này là con lợn à,Surprise,0
tỏ tình_đại ai dè_dính lun emoji_vui,Enjoyment,0
nhớ nhé đồng_nghiệp haha,Enjoyment,0
nguy_hiểm,Fear,1
sao mọi người gắt_gỏng thế nhỉ ? hai anh_chị đấy làm cho vui thôi mà lắm người tỏ ra nghiêm_túc thế không_biết,Disgust,3
nghe bài này nhớ nyc vãi,Sadness,2
một người đàn_ông bản_lĩnh thực_sự,Enjoyment,0
mặt tao như này ai mê cho nổii,Sadness,2
ngựa ngựa ghi tay_trái đồ emoji_vui,Disgust,3
có ai đéo hiểu gì như mình không_mình trong_sáng vãi hee,Enjoyment,0
mình cũng một thời gắn_bó với nó,Enjoyment,0
còn tao là thoát khỏi 3 năm nói riền và 12 năm nói_chung thảm_họa của cđ hahaha,Enjoyment,0
cái gì nó cũng có_hạn sử_dụng cả emoji_vui,Other,0
"mẹ kể hồi_nhỏ nuôi con ngỗng thay chó canh nhà . ăn_trộm mà vào thì chạy đằng_trời với nó , cả bầy lao ra quạt với táp , khi gia_đình vác gậy chạy ra thì thằng ăn_trộm nó ôm cây trên tít cành cao , áo_quần tóc_tai lủng máu_me tè_le . gia_đình phải cứu ăn_trộm má mấy mẻ còn không_tha , 2 3 con vẫn dí_nhảy hàng_rào dí theo ăn_trộm . phải nói dí bao_dai mà cục súc vê_lờ .",Enjoyment,0
đồ con ngỗng ngu ngốc emoji_cuoi,Disgust,3
thấy xấu_hổ thay cho thớt . không_hiểu gì về ô_tô hay không_được trải_nghiệm nhiều thì nên lom_dom nghe_ngóng,Disgust,3
thứ mất dạy,Anger,4
nhắn mà ấm lòng nhờ emoji_vui ra gặp anh shipper đẹp_trai nữa thì chủ thớt rụng hết buồng_trứng emoji_vui,Enjoyment,0
per chúc bạn may_mắn,Other,0
bây chửi kệ bây ! riêng tao thik_phá trong trường_hợp này emoji_cuoi,Enjoyment,0
à ừ đúng rồi tin người quá đến lúc nó đâm cho cũng không_biết,Disgust,3
quãng_cáo cũng được đăng à,Surprise,0
mình hỏi rồi mà họ nữa muốn bán nữa không_bạn để hôm sau lên hỏi lại lần nữa,Other,0
"nhớ trung_thu năm_ngoái , đứng nhìn các cặp tình_nhân ôm_hôn , nắm tay nhau ... chạnh_lòng lắm ! emoji_buon",Sadness,2
cái này ma cái kết gì đâu thằng nhìn thì không_bị thằng không_nhìn thì bị vãi,Disgust,3
ae họ mà đéo biết mặt nhau à _,Surprise,0
có_lẽ vậy,Other,0
bố_mẹ tao đọc được tin này xem cặp lá yêu_thương nữa thì bữa trưa nay tao không_dám ăn cơm mất .,Fear,1
thực_trạng học tiếng anh từ 6 đến 12 mà không_biet giao tiep,Disgust,3
per quán bán mì quảng cũng có mùi đó mày emoji_vui,Other,0
đau bụng vãi hix,Sadness,2
"mới đầu_mày sẽ thấy vui , từ_từ nó quậy cho mày ? ? ? ?",Fear,1
ngày đi học . có lúc đang ăn cơm . bố hỏi . per năm nay học lớp mấy rồi con t không_hiểu bố tao hỏi cái gì emoji_buon,Sadness,2
thằng điên,Disgust,3
"1 câu mà người ta hay nói , đắng như vị đời",Sadness,2
các bạn nữ đập đầu_vào tường chết hết rồi,Sadness,2
óc chó còn cố tiếc kéo ôtô lại mới hài chứ . sao nó không_ngồi trong xe cho chết mẹ nó đi,Disgust,3
per hàng hiếm nhà mình,Enjoyment,0
sao mình không_thấy mình vậy ta ? ?,Other,0
ăn chọp chẹp cái dume chú à . ghét nhất kiểu ăn vô_duyên mất lịch_sự này . ăn cà_chọp cà_chẹp miệng đéo kín được ấy . nghe ứa tai_vãi,Disgust,3
ngỗng chuyên_gia mổ háng người ta . đứng không_làm gì nó cũng sáp tới_tấp . chạy muốn tuột quần .,Disgust,3
thấy cưng gì đâu,Enjoyment,0
tao chỉ tag thế thôi mày hiểu thế_nào thì hiểu per,Other,0
"quần_áo với xe thế kia là biết gia_đình điều_kiện tnao rồi emoji_cuoi_anw , mong ông_bà luôn khỏe mạnh , vui_vẻ 3",Enjoyment,0
rất giỏi,Surprise,0
mấy con này phải có ngày mấy thằng xe lớn nó tông vào cho lát bét đi . đi ra đường chùm kín người đến_nỗi không_bật xi nhan_xe mà cứ qua tao bị mấy lần vì mấy con này,Anger,4
độc mà lần nào đi_viện cũng bắt chụp emoji_buon emoji_buon,Sadness,2
"con gái mình chỉ vì đến bữa không_chịu xuống ăn cơm , cứ du_rú trong phòng nên bị bố quát xuống ăn cơm thôi , thế_mà nó còn lầm_lì vì bị mắng oan đấy",Other,0
tao mợt bây quá emoji_cuoi emoji_cuoi emoji_cuoi,Anger,4
"giọng nói , ngữ_khí đi vào lòng người vãi . mắt chị_gái đẹp thế",Enjoyment,0
1 lần thôi cũng đủ xao_xuyến anh rồi,Enjoyment,0
"ôii vãi , dume nhìn thôi tao đã sợ rồi . từ nhện nhỏ đến nhện to không_con nào là tao không_sợ emoji_buon",Fear,1
giống găng_tay của thanos vậy,Surprise,0
78 thằng đéo có ý_thức,Disgust,3
đã từng nên tao hiểu cảm_giác ấy . vừa tiếc_ly trà sữa vừa_phải lết xác đi giặt cái balo,Sadness,2
"phim hay , nhưng_mà lần đầu xem là cùng nyc nên ..",Sadness,2
"nhiều kỷ_niệm đẹp , giờ nhìn mấy đứa nhóc đi học mà muốn quay về quá_khứ .",Sadness,2
đang buồn cần 1 người nhắn_tin tâm_sự hằng đêm,Sadness,2
cười vào mặt mấy đứa không_có người_yêu emoji_vui,Enjoyment,0
"không_dịch nốt đi , dịch nửa_vời thế , dume",Disgust,3
ối dồi ôi ! như con lợn hồng vậy ! haha,Enjoyment,0
cháu tao thì có_vẻ như có phần chững chạc hơn emoji_cuoi,Enjoyment,0
"hôm trước tao đi chơi về đường vắng nên chạy nhanh , vừa_qua cua anh cảnh_sát chạy ra chặn làm tao sợ chetme vì giấy_tờ không_có bằng lái thì chưa_thi lại còn thiếu abcxyz",Fear,1
vẻ đẹp_phi giới_tính luôn,Surprise,0
dm đạp xe đã mệt_lòi cứt ra xong còn hỏi hỏi cái beep,Anger,4
tình_yêu thật nghiêm_túc . thì nên bắt_đầu . không_phí thanh_xuân một người con gái lắm ! !,Other,0
tiền nhiều để làm_gì khi tình không_còn,Sadness,2
t chỉ sợ cảnh đấu kiếm emoji_buon,Fear,1
v buồn_cười ghê .,Enjoyment,0
phim ấn_độ duy_nhất tao xem mà không_cảm_thấy vật_lý logic quá khó hiểu dù thật_ra trong phim này nhiều kiến_thức hại não thật,Enjoyment,0
tao cũng sắp bị đuổi ra khỏi nhà roi,Other,0
per mùa này mà làm cú mền này giữa trưa 40 độ hết sảy,Enjoyment,0
"lúc nhỏ nấu bằng này không , nấu hơi bị ngon , tạo cơm cháy ăn bao riềng",Enjoyment,0
ngồi suy_nghĩ 1 hồi xem trái hay phải rồi mới nói được . khổ_vãi mà !,Sadness,2
đã check rồi lại còn đoán emoji_vui em vui_tính giống anh đấy emoji_vui,Enjoyment,0
t cho mẹ tao xem và đã bị ăn_vả . đéo hiểu vì sao,Anger,4
chả_có gì vui,Disgust,3
thương chỉ sợ em không_cho anh cơ_hội thôi,Sadness,2
dume . cuộc_đời mày ơi . không_làm gì được thì cười cho nó qua đi mày,Other,0
lâu lắm rồi chưa_ăn được miếng cơm cháy .,Sadness,2
"đã xấu còn ngáo , lại còn tham_ăn nữa ? ? ? ? ? ?",Disgust,3
nói tới thì lại dỗi bỏ được mấy đồng ra rồi bày ra như chuồng lợn í_thức đéo khác gì con lợn .,Anger,4
"tao bắt con tao quỳ ở góc nhà suốt , nó mà biết nhục , biết tự_trọng nó sẽ không_để phải bị quỳ",Other,0
tởm nhìn đã kinh,Disgust,3
per nhớ cái này không_haha,Enjoyment,0
per b trà ơi . năm nay là pải mạnh_dạn và bất_chấp nhé,Enjoyment,0
thế cây này có được gọi_là cây tình_yêu không ? ?,Other,0
per câu_chuyện ngắn_gọn trọn tình_emoji_cuoi emoji_cuoi,Enjoyment,0
"per nghe rv thấy cũng hay nè , liên_quan đến bùa ngải các kiểu có_vẻ hấp_dẫn v",Enjoyment,0
nghe thôi đã thấy chảy hết nước miếng rồi emoji_cuoi,Enjoyment,0
per emoji_cuoi đáng sợ vãi,Fear,1
"đang học sử buồn_ngủ , xem cái này tỉnh rụi liền emoji_cuoi",Enjoyment,0
"cái ông này mới xem thì thấy bình_thường , mà càng xem_lại càng đẹp_trai emoji_cuoi",Enjoyment,0
các cô không_chịu mở_lòng thì sao chúng_tôi lấy được ? ? ? ? ?_hả các cô gái,Disgust,3
đồng_đội tốt ... nhưnh rất tiết chúng_ta không_có duyên_kaka,Enjoyment,0
per dume vỉa_hè quá rộng . con này không_đi oto bao_giờ là chắc ?,Disgust,3
nhìn đáng yêu vãi emoji_vui,Enjoyment,0
cái dân mê_tín_ngu si làm_giàu cho tiệm vàng,Disgust,3
"con gái không_thích con trai đầu_hói , vì cưới về dễ nhầm đầu d",Enjoyment,0
"dm tao thấy người ta không_sợ vì rắn mà sợ vì thằng chả_la làm hết_hồn , toàn núp_lén rồi la lên thằng đéo nào mà không_sợ chứ",Anger,4
ấm áp_ghê emoji_cuoi,Enjoyment,0
lấy vợ xong đã đầu_tư được cái váy với cái vương_miện rồi,Other,0
mẹ tao cũng thix em này,Enjoyment,0
per nó chỉ muốn biết bạn có nhu_cầu làm áo_lớp hay không_thôi,Other,0
đó là cuộc_sống của mỗi người .. mình phải tôn_trọng nhau thôi,Other,0
"chưa_muốn lấy , cơ_hội vẫn chia đều cho tất_cả các anh",Enjoyment,0
không_biết người của họ hay sao mà bắt heo 2 ngày trúng 2 cái ipx,Other,0
ae phục_vụ ngày_xưa của mình đâu rồi . sao thấy thương_bạn này,Sadness,2
đôi_khi có tiền cũng không_đi được đâu vì đéo có ai đi cùng,Sadness,2
con nai vàng ngơ_ngác,Other,0
thế mà_lại có người bảo đầu tao như đầu bùi_emoji_buon dume đánh chết cha giờ emoji_vui,Anger,4
kiểu gì mai cũng lại có vụ rất gì và này nọ cho xem,Other,0
"cà_phê king là của chị thảo_hả uống dở hơn nước đái_mèo nữa , thấy gơm",Disgust,3
bó_tay luôn á,Sadness,2
sao giá ảo quá vậy emoji_vui,Surprise,0
con trai gục đổ . con gái_dụng trứng . lậy cô .... à nhầm lậy anh,Other,0
dạ vâng đây là cái xồ đấy ạ kakaka,Enjoyment,0
sau_này đừng quên nhau nha,Other,0
"sau 15 năm cắp sách đi học và 2 , 5 năm không_động đến sách thì bây_giờ đang tự hỏi đây là gì sao mà giải được . huhu",Sadness,2
dân_trí thấp thế thì bao_giờ mới phát_triển đất_nước được,Disgust,3
cấp 1 đi học cũng gặp bọn quái_đản này,Disgust,3
moẹ s tuổi_thơ của tôi toàn găp phải thằng mất dạy . toàn đánh với bắt_nạt các b nữ . đm thằng per với thằng per lơn . tau vẫn nhớ,Anger,4
dưới cái nóng 40 độ ngày hôm này xem video này xong thất_mát lòng vãi_chưởng emoji_vui,Enjoyment,0
per nói ít thôi hành_động nhiều hơn . time sẽ là câu trả_lời . mong là 2 đứa cùng nhau già đi như này .,Enjoyment,0
loại này đốt có chết không_nhỉ,Other,0
ngoài mấy cảnh nhảy_múa hát hò_vớ vẩn ra thì phim hay,Enjoyment,0
hay lắm cậu bé,Enjoyment,0
per đi bộ ở trường về thì dcm nổi ám_ảnh đúng giờ tao về là dcm nó ra nó dí ngày nào cũng dí chạy cái luôn,Fear,1
hôm_qua tao xem xong ngất_xỉu tới giờ mới tĩnh chúng_mày ạ,Sadness,2
sau_cùng cả 2 đều bị ảnh_hưởng trầm_trọng emoji_buon,Sadness,2
cái thứ gì đâu không,Disgust,3
đáng yêu emoji_cuoi,Enjoyment,0
ánh mắt thằng con muốn nói cứu cháu hình_như ba sắp ném con ùi,Fear,1
per cố đợi đi nha để em mua bảo_hiểm cho anh emoji_vui,Enjoyment,0
nhớ không_em lời hứa ngày_xưa mình bên nhau dưới ánh trăng đã nguyện thề emoji_vui,Enjoyment,0
gặp mấy anh việt_nam đi nhanh gấp em thề với chị là nhanh gọn đảm_bảo chỉ suong,Enjoyment,0
galang thế không_bjt . trẻ_con còn như_thế người_lớn chắc không_tôgn tại đâu . ước gì cũg được như_vậy,Other,0
cái này thì hôm nào nói_chuyện tao nói cho nghe ? ?,Other,0
sao không_cho con già đấy mấy cái vào mõm cho vỡ cái nó mõm chó luôn,Anger,4
trời ơi càng ngày ổ càng giống con đuông dừa,Disgust,3
và tôi đã mất đi 1 người như_thế .,Sadness,2
đồng_nghiệp của tôi thật tuyệt_vời,Enjoyment,0
nhìn đôi bàn_tay đã biết phải lao_động rồi . chị có lấy trai việt không_emoji_vui,Enjoyment,0
per nét chữ giống_hệt chữ của tao luôn mày,Other,0
per chắc là mày đi hốt này,Other,0
cho_nên đư người bao_giờ cô tỏ ra la_ca i gì mi nh cu người biê tao nhé,Disgust,3
cứ thấy trai đẹp là tao hạnh_phúc emoji_vui,Enjoyment,0
cảm_giác lúc ấy sẽ ra sao,Other,0
"tao là trùm nấu cơm kiểu này rồi , , còn bây_giờ mất điện thi nấu bằng bếp ga emoji_vui",Enjoyment,0
đường của nhà_cụ hay sao mà cụ cấm người ta đỗ . sai đâu đã có pháp_luật cụ_ích kỷ quá đấy .,Disgust,3
nhìn mặt héo_queo luôn,Other,0
tao đi xe_máy mỗi lần muốn để xe đi đâu là phi mẹ nó vào quán net gửi đấy rồi đi ra đéo mất phí,Other,0
thích thân_hình boss rồi nhan,Enjoyment,0
ước_mơ nhỏ_nhoi của tao là được làm chị mà không_thể_nào làm được huhu,Sadness,2
hôm_nay trời đẹp,Other,0
hôm_nay tôi thấy vui,Enjoyment,0
hôm_nay là một ngày tuyệt_vời,Enjoyment,0
hôm_nay tôi đi làm bình_thường,Other,0
hôm_nay mọi thứ đều ổn,Other,0
tôi không_buồn,Other,0
hôm_nay tôi không_buồn,Other,0
tôi không_buồn đâu,Other,0
mình không_còn buồn nữa,Other,0
bây_giờ tôi không_buồn nữa,Other,0
thật_ra hôm_nay tôi không_buồn,Other,0
tôi không_sao,Other,0
tôi ổn mà không_có gì phải lo,Other,0
hôm_nay tôi ổn,Other,0
mọi chuyện hôm_nay vẫn ổn,Other,0
tôi không_vui,Fear,1
hôm_nay tôi không_vui,Fear,1
hôm_nay tôi không_vui lắm,Fear,1
mình chẳng_vui_chút nào,Fear,1
tôi chưa_vui trở_lại,Fear,1
tôi không_thấy vui,Fear,1
hôm_nay lòng tôi không_vui,Fear,1
tâm_trạng hôm_nay không_vui,Fear,1
tôi thấy hơi chán,Fear,1
hôm_nay tôi hơi buồn,Fear,1
tôi buồn,Sadness,2
hôm_nay tôi buồn,Sadness,2
tôi đang rất buồn,Sadness,2
dạo này tôi khá buồn,Sadness,2
tôi không_ổn,Sadness,2
hôm_nay tôi không_ổn,Sadness,2
mình thấy không_ổn chút nào,Sadness,2
dạo này tôi thấy không_ổn,Sadness,2
tâm_trạng của tôi đang không_ổn,Sadness,2
tôi thấy mệt_mỏi và buồn,Sadness,2
tôi không_còn muốn cố_gắng,Disgust,3
tôi không_muốn tiếp_tục nữa,Disgust,3
tôi thấy mọi thứ vô_nghĩa,Disgust,3
tôi không_còn hy_vọng,Disgust,3
tôi quá mệt để tiếp_tục,Disgust,3
tôi chán_nản với mọi thứ,Disgust,3
tôi thấy bản_thân bất_lực,Disgust,3
tôi đang tuyệt_vọng,Disgust,3
tôi muốn biến mất,Anger,4
tôi muốn biến mất khỏi đây,Anger,4
tôi không_muốn sống nữa,Anger,4
tôi muốn kết_thúc tất_cả,Anger,4
tôi chỉ muốn chết đi,Anger,4
tôi không_muốn tồn_tại nữa,Anger,4
