Sentence,Emotion,score
cho mình xin bài nhạc tên là gì với ạ,Other,0
cho đáng đời con quỷ . về nhà lôi con nhà mày ra mà đánh 😡,Disgust,3
lo học đi . yêu đương lol gì hay lại thích học sinh học,Disgust,3
uớc gì sau này về già vẫn có thể như cụ này :)),Enjoyment,0
mỗi lần có video của con là cứ coi đi coi lại hoài . cưng con quá .,Enjoyment,0
thằng kia sao mày bắt vợ với bồ tao dọn thế kia . nhà mày ở đâu tao đến thịt mày chết,Anger,4
một lí do trog muôn vàn lí do,Other,0
thật hay đùa ác vậy . không thể tin được,Surprise,0
"ko phải con mình , mà xem còn thấy đau như vậy huống gì người trong cuộc . thật là phẫn nộ mà . cơ quan chức năng làm việc quá chậm trễ , đến giờ mà vẫn chưa tìm ra người chịu trách nhiệm . 😠😠😠😠😠😠",Anger,4
per nghe đi rồi khóc 1 trận cho thoải mái . đừng cố gồng mình lên nữa,Sadness,2
công nhận sáng tạo thật đấy,Enjoyment,0
đòn tấn công cực gắt và cục sút của anh 😂😂😂,Disgust,3
trời nắng nóng thế này mình muốn bán nước không biết thu nhập có cao không ạ :3,Other,0
minh biết nữa ne,Enjoyment,0
mấy thằng củ lol việt nam nhảm nhí :)),Disgust,3
"tui thi ́ ch va ̉ i lă ́ mày ma ̀ ăn nhỉ ̀ u no ́ người lă ́ mày mọi người anh ̣ , bi ̣ lơ ̉ miê ̣ người",Sadness,2
"bếp dầu , nhiều nhà vẫn dùng",Other,0
nếu thấy phụ nữ quá phức tạp để hiểu và chinh phục thì đây là cách giải quyết vấn đề,Other,0
"thời buổi bây chừ chuyện gì cũng có thể xảy ra , vậy nên thôi trất , đừng nên tin ai",Fear,1
sau em này mà làm cô giáo ngồi kể chuyện hs lại há mồm ra nghe 😁,Enjoyment,0
"con chó đăng video , mày bị ngu à mà mỗi mẩu lại hiện chữ ăn cặc à",Anger,4
coi video chưa hiểu gì đã làm ầm lên,Disgust,3
chả mong gì nhiều chỉ mong về già được như hai ông bà ! 😊😊😊,Enjoyment,0
yêu chết đi được .,Enjoyment,0
mày định lướt qua rồi nhưng khi đọc bình luận của các bạn và xem kĩ lại thì mày đã rớt nước mắt 😭😭😭.... người cha thật vĩ đại,Sadness,2
xin đi chơi với bạn ngày tổng kết không cho cứ bắt học miết :)) khá mệt,Sadness,2
cá nhân mình nghĩ nó dừng hay đỗ đúng sai thì đã có ca pạt còn nó đỗ trước cửa nhà mình mà oto hay xe không ra vào được thì lúc đó mới ý kiến . công nhận bọn oto đỗ trước nhà nhìn chỉ muốn đốt,Anger,4
từ đầu năm giờ chắc chụp 10 lần rồi huhu sợ quá 😭😭😭,Fear,1
t gặp quả này thì bỏ xe mà chạy ??,Fear,1
thế con trai là của ai cho,Other,0
per đây mí chính là cụ tổ của những chiếc sừng này,Surprise,0
muốn share về mà sợ bị bạn nè phẫn nộ quá,Fear,1
"hồi học lớp 5 bảo bố đi mua sgk cho , xong bố đi mua nguyên bộ lớp 4 đầy đủ từ sgk đến vở bài tập 😂",Sadness,2
nay buồn :(((,Sadness,2
"cv không áp lực , môi trường xung quanh mới dễ tạo áp lực",Fear,1
ai có link nhạc mấy bài trên không ạ hay vãi ra,Enjoyment,0
đây người ta gọi là . khi đại thánh nhập hoặc là múa lân đầu năm,Other,0
phải bồi thường thiệt hại bị trầy xước thân tàu . tiền sơn lại mấy toa tàu chắc cũng bộn .,Other,0
làm công nhân đã bị vắt kiệt sức khỏe cho đến khi bị thải,Sadness,2
khi nào phường có chế độ phát chồng khi mang thân đến đăng kí kết hôn tự nguyện 😊,Enjoyment,0
đéo được tích sự gì 😂,Anger,4
haizzz ... thế là chưa có kq gì tốt đẹp cả ..,Sadness,2
bản thân cố gắng cũng chẳng dễ dàng gì :((,Sadness,2
"nói chung là 1 lũ lừa gạt thôi , việt nam mình là vậy đó",Disgust,3
thế em ăn cơm chưa ?,Other,0
"thu trăm tỷ phạt 5tr , lại qua tỉnh khác hành nghề ha ha",Other,0
chủ yếu là bọn trẻ đú với bọn dân trí thấp mà thích thể hiện bác nhỉ,Disgust,3
mày coi chừng có ngày tao dã dô mặt mày như dzầy,Anger,4
canh thời gian đăng đúng vãi !,Surprise,0
quan trọng mấy thằng đó có chọn mj không . ngồi đó mà ảo tưởng,Disgust,3
học xong 12 như hết thanh xuân có lẽ phải bỏ lỡ 1 người,Sadness,2
mình thi xong còn không khóc được 😢,Sadness,2
"mỗi ngày mình ôm nhau 1 cái như này hén , hí hí",Enjoyment,0
"per trừ điểm , trừ điểm",Sadness,2
"5 triệu , phạt một con mụ lừa đảo , phá hủy niềm tin phật giáo , làm ô uế đời sống tâm linh ... thật rẻ rúng làm sao !",Disgust,3
cả tuần không được nói chuyện,Sadness,2
per mày cẩn thận tao giết,Anger,4
cạn lời với bọn súc vật này làm xấu mặt người bắc giang 😑😑😑,Disgust,3
bài này tao có 2 cảm xúc . đầu tiên về quán trà . đến cảm xúc quen lại c thy xong bị mẹ cấm :)),Other,0
đẹp trai quá,Enjoyment,0
đóng cái lồn tao nè chứ đóng,Anger,4
"khổ thân người dân , trước dự án cao su là dự án cà phê , làm thêm dự án nữa coi như một đời bỏ phí",Sadness,2
"hồi nhỏ bà mày có cho một con ngỗng mình tự tay nuôi nó . từ ngày đó nó đeo mày như chó mèo vậy . nhưng khi lớn nó lại mắc bệnh mà mất . giờ cũng hơn 4 , 5 năm rồi những nhớ nó lắm 😓",Sadness,2
hồi nhỏ đọc tao đã nghi nghi rồi =)))))))),Enjoyment,0
ngẫm nghĩ cha của thánh gióng với sọ dừa ăn mặn vãi .,Disgust,3
"con cần bảo vệ thì giết sạch còn con cần tiêu diệt thì lại đem nuôi , cuộc sống lạ lùng vãi 😕",Disgust,3
dù sao thì con trai vẫn nên là người mở lời trước à 🤣🤣🤣🤣🤣🤣,Enjoyment,0
ad cho hỏi nghệ an lúc nào mưa vậy ah 🌧🌧.. ốm cũng cam lòng chứ vã lắm rồi 🥵🥵,Sadness,2
giận ngược lại rồi giận luôn chứ có huề đéo đâu :(((,Sadness,2
per tao được làm fan cứng giống mày rồi 🤣,Enjoyment,0
xem cái này mới biết vốn tiếng anh của mình cũng khá !,Surprise,0
thằng lol này tao đéo biết nó sống tốt với mọi người xung quanh như thế nào nào nhưng nó đã ngu còn tỏ ra ngu hẳn nữa,Disgust,3
ôi bé xinh gái vãi :)),Enjoyment,0
cười sái mẹ quai hàm,Enjoyment,0
rồi khi mày có 1 ít tiền :)) mày mới phát hiện ra còn đéo cả có người đi cùng cơ,Sadness,2
tự dưng cay mẹ mắt,Sadness,2
tao sợ thật sự :(((,Fear,1
per thịt nướng lò xô ne ăn z mà không chết 😎😎😎😎,Enjoyment,0
tốt quá,Enjoyment,0
ông nào viết vui tính thế =)) cưng thật,Enjoyment,0
không hiểu sao nhìu người lại thả haha nhỉ ??,Surprise,0
diễn viên già vãi -.-,Disgust,3
ghét nhất mấy loại bép xép thế thôi . nhanh gọn lẹ 😂😂😂,Enjoyment,0
cưng quá đi,Enjoyment,0
nhìn mẫu này lạ mắt mà đẹp quá,Surprise,0
tao cay mẹ khoé mắt,Sadness,2
thấy mệt thêm chứ chẳng khỏe gì cả .,Disgust,3
":)) đang ăn mỳ , không có trứng nhạt lắm , có rụnng thì xin vài quả !",Enjoyment,0
"cảm ơn nói chuyện nhật ! 1 nền khoa học , giáo dục , trí tuệ văn minh !! 😘",Enjoyment,0
tao mệt chúng mày quá,Disgust,3
hahaha lúc trước ca làm có 4 chị em vui biết bao :)),Enjoyment,0
đụ thế kia thì có khác nào mua cái bánh mà bị đứa bán hàng nó tạt cho gáo nước lạnh đâu 🙄,Disgust,3
các bạn đang bảo con này ah 😂😂😂,Other,0
má chủ dễ thương vậy tao cũng muốn xin,Enjoyment,0
"kinh nghiệm được truyền lại là khi nào nấu xong bỏ tí "" tro "" vào lần sau không phải nấu 😊",Enjoyment,0
"có những con người luôn phải chịu đắng cay , cta không được chọn gia đình , bạn bè và càng không có quyền lựa chọn cuộc sống này . hãy vui lên với tất cả những gì ta đang có dù là hai bàn tay trắng",Sadness,2
địt mẹ không có cái loại nào nó ác man và tàn độc hơn là cái loại người . xem mà điên đéo chịu được,Anger,4
nhìn thương quá ... lao động nghiêm túc,Enjoyment,0
đm thực tế như này còn hay . tiếc là đéo ở gần mình =)),Sadness,2
per mấy trụ kia em không tag được,Other,0
nhận nhầm con cặc . phải nói là 10 thằng thì 1 thằng nuôi con thằng khác,Anger,4
per ơ ơ ơ đây là đâu vậy,Surprise,0
gặm gặm cái đéo ý à ... bố gặm luôn mày giờ ...!!!,Anger,4
"thằng nào nói câu : thế thì đừng làm nghề này . v nếu không có người làm nghề này thì ks sẽ mở cửa cho chúng mày vô àk , người có ăn học có ý thức sẽ không nói ra câu đó .",Disgust,3
k phải là trời không cho mày yêu . vì m quá ngulon,Disgust,3
"per tặng quà cáp gì tặng hộp nhỏ thôi nha . đi hát hò gì đừng đem thùng quà to như vậy nha , nó biết nó nhổ trụi lông nó ngắt mép chết đó :((",Fear,1
hết tiền rồi này,Sadness,2
"đẹp , dẽ thương mà",Enjoyment,0
tử hình con mẹ nó lũ chó má không có tính người đi . khổ thân lũ trẻ,Anger,4
phim xem hay ... nhẹ nhàng tình cảm ... và cười vkl,Enjoyment,0
thế làm sao dỗ bạn gái đang giận :(,Sadness,2
t nói thật tao hiền lắm . chứ bà lồn to kia mà gặp tao là ăn mấy cái mũ bảo hiểm vào mặt rồi :),Anger,4
loài này bé như ngón tay phàm ăn lắm sợ luôn,Fear,1
"phí dịch vụ cao nhất , chuyển tiền nội mạng trừ phí tởm nhất , thái độ làm việc bố láo nhất , ít ưu đãi nhất ....",Disgust,3
dume trailer kinh dị cho lắm vô rạp gặp toàn bọn xàm ngồi cười,Disgust,3
chẳng đủ dịu dàng để níu bước chân anh,Sadness,2
1 cái xe cup này ngày xưa bằng mấy cái nhà liền,Other,0
mỗi phút bên em thật tuyệt vời . chỉ em mới cho anh cái cảm giác đó,Enjoyment,0
em chưa có người yêu . có ai yêu em không . em cô đơn quá,Sadness,2
nhỏ nhặt nhưng ý nghĩa và hạnh phúc 😊,Enjoyment,0
per =)))))) hít đi cho no chứ mắc công lại chửi tao không biết điều giở trò trước mặt cẩu fa như mày :),Enjoyment,0
bả đòi cái gì vậy ?,Other,0
"cái thứ ba , trời nhìn mà rơi nước mắt thay cho luôn công cả một mùa mà đi tong chỉ vì một trận mưa",Sadness,2
per biết không :))),Surprise,0
dù có sống được mấy đời thì cũng nợ mẹ cha trọn cả mấy đời .,Sadness,2
mấy cái tin này thường làm tan nát tình cảm gia đình trong lúc ăn cơm xem thời sự .. bố tổ sư,Disgust,3
cô tiên béo quá .. 😅😅 giọng còn the thé nữa .. 😅😅,Disgust,3
lên án nhiều rồi mà vẫn thế .,Disgust,3
thằng này ngu vãi,Disgust,3
cây tre có tận trăm đốt luôn hả ???,Surprise,0
nói tiếng tuy hoà phú yên làm tao nhớ đến nyc . giọng nó sao ngọt không thể tả . buồn,Sadness,2
"per mợ mệt , trưa nào cũng nhìn mày nhai chóp chép ..",Disgust,3
"đừng nên thích mấy ông anh cơ bắp , sợ lắm 😆",Fear,1
có ai vừa coi mà thấy phê phê cái lỗ tai giống tôi không ?? 😀,Enjoyment,0
tao đéo hiểu sao người yêu tao đi cắt tóc về trông mặt ngáo đến kì lạ 🤣🤣🤣,Disgust,3
và khi quay lại nói chuyện với nhau .... biết nói gì giờ huhu,Sadness,2
thằng cha bảo vệ có tâm quá . nge con nhỏ kêu nguyên đêm zi mà đéo cứu,Disgust,3
cũng mất công đẻ mà sao mẹ chúng nó đẻ ra lũ ngu thế haiz,Disgust,3
tao thấy giống khùng với lại vô duyên chứ hay gì,Disgust,3
cần gì những thứ xa hoa lộng lẫy đâu . dù chỉ 1 bông hoa nhưng đong đầy yêu thương nhắn tin đã cảm thấy đủ hạnh phúc rồi 😊😊😊,Enjoyment,0
t gặp ngỗng chạy bỏ dép,Fear,1
"vừa ngu vừa ngông thì thế , làm trễ tàu của người ta",Disgust,3
sao nó trèo lên được hay vậy @@,Surprise,0
"khuôn mặt ngây thơ vô số tội , trái tim nhỏ bé của tao sao chịu được ❤❤❤",Enjoyment,0
cuộc sống mà đành chịu thôi =(((,Sadness,2
"cấp 3 , đáng tiếc nhất trong thời học sinh ^^",Sadness,2
"per mình đang nói phần lớn thôi , chứ tất nhiên cũng có ngoại lệ mà",Other,0
"thích chị này nhất phim í , bé bé xinh xinh lại diễn rất đạt :3 . hy vọng mai sau sẽ có bước tiến lớn và thành công hơn nữa < 3",Enjoyment,0
dạo này xem video của per chán ấy không như xưa tại giờ toàn quảng cáo ấy ( ý kiến cá nhân ) 😔,Disgust,3
t thấy chả có gì thú vị .,Other,0
vậy mà củng chẳng hút được khách !,Surprise,0
khi nào lên chùa ba vàng giải được vong thì kết hôn :)),Enjoyment,0
thuở thiếu thời ai chẳn có phút bốc đồng . nên cho nó một trận để răng đe .. 🤣,Disgust,3
chắc phải 6 năm chưa nấu kiểu này rồi trước nấu hôm đầu cơm dẻo ai cũng khen ngon,Enjoyment,0
cận cảnh cái bụng nước lèo của boss =))) xài hao vãi,Disgust,3
bản chất tham lam của con người thể hiện ngay từ những việc nhỏ ..,Other,0
em đi bộ chết mẹ đây này,Sadness,2
"thật tốt vì chú chó ấy đã tìm được người yêu thương nó , kiên trì để nó tin tưởng thật sự :"">",Enjoyment,0
"phim này xem nam chính thôi . nữ chính diễn chán vãi lúa lắm lúc tụt hứng lắm . giận không ra giận , vui không ra vui .",Disgust,3
nhìn mặt nó khó ưa thật chứ,Disgust,3
lần sau thì mình sẽ như thế để đỡ phải cãi nhau nhiều ah :-),Other,0
giờ lên phường người ta có phát chú rể không nhỉ các bạn ?,Other,0
một cái ngu thật sứng đáng,Disgust,3
năm nay tao không còn cảm thấy cô đơn và mỏi chân nữa ... vì tao được ngồi mát và ăn ké socola of bọn có người yêu 😁😂...# mun 😘,Enjoyment,0
hãy dùng một đời để minh chứng nhé !💕😍,Other,0
con mụ đen sai còn già mồm ...,Disgust,3
chỉ cần yên bình như thế này thôi . ❤️❤️❤️,Enjoyment,0
năm nay được nhận hoa và được ngồi nhìn người ta hạnh phúc,Sadness,2
chỉ sợ lúc nó dí,Fear,1
hên là chay ra kip,Enjoyment,0
immm,Anger,4
tao cũng có 1 người bà như trong video nhưng bà ấy qua đời rồi 🙁🙁🙁,Sadness,2
đa ́ người yêuc quá ́,Enjoyment,0
"5tr là tiền bà yến cúng vong cho công an phường quang trung để giải oan gia trái chủ của bà tiền kiếp thôi , chứ phạt g đâu , xếp lớn của bà và xếp lớn của công an phường là 1 , ai lại đi đá gà nhà ...",Disgust,3
kinh dị v,Fear,1
thật may em đã gặp được người tài xế tốt 🌸🌸,Enjoyment,0
bắn không trượt phát nào luôn à,Surprise,0
tại sao mày nằm viện mà vẫn xinh thế ??,Surprise,0
đẹp trai mà bị đá à,Surprise,0
cho con được thay ông bán vé đi 😔,Sadness,2
lớp xuất hiện thứ âm binh,Disgust,3
đọc bình luận cười ẻ,Enjoyment,0
per cách này coi bộ hay nha 😂,Enjoyment,0
"mặt đúng kiểu , em hiểu cảm giác phê của anh không kkk",Enjoyment,0
per thanh niên suốt ngày hát karaoke max volum,Disgust,3
lỡ câu chuyện là thật thì sao . chưa gì lên chửi người ta là rẻ rách,Disgust,3
bố mày ngứa mắt lắm rồi đấy,Anger,4
thề địt mẹ ngay đoạn hay cái lên nhạc + cast muốn đập điện thoại vãi :),Anger,4
cả đám súc vật này,Anger,4
bố mấy thằng bệnh,Disgust,3
thật khó để có cả 2 khi chúng ta còn trẻ :),Sadness,2
nếu cảm thấy không làm được thì nghỉ làm đi . đã xin đi làm thuê thì phải chấp nhận thôi . kêu than cái gì,Disgust,3
may mình đi làm rồi chứ 10 năm trước chắc sẽ phát khổ với bố mẹ vì mấy tin con nhà người ta như thế nào,Enjoyment,0
còn em trai cưng của tao sang nhà người thân quen của gia đình chowi thế là bị nhà họ nhốt lại hẳn 10 ngày liền ... dlm nhốt lại để em trai tao bắt chuột cho nhà họ mới hãm lồn,Disgust,3
mấy thằng này người ta gọi là mấy thằng nhà quê . năm nào rồi còn túm 5 tụm 3 trêu gái,Disgust,3
cô giáo có tâm vời nghề ghêeeee,Enjoyment,0
tiếc quá đẹp trai mờ không có chim,Sadness,2
crush ở nhà chơi gane rồi haha,Enjoyment,0
nhìn stt đồng cảm khủng khiếp .,Sadness,2
cài lò xô huyền thoại,Enjoyment,0
quên đào tạo đạo đức thôi mà báo làm căng vãi 😂,Disgust,3
đi bơi nên não bị úng nước à mấy thằng mặt lồn suy đồi đạo đức,Disgust,3
"cố gắng lên mọi lỗ lực và công lao của em sẽ được đền đáp một cách thật là sứng đáng , cố gắng lên em nhé 👍",Enjoyment,0
hồi nhỏ cứ đi qua chỗ nào mà nhìn từ xa thấy bóng dáng mấy con đuỹ này là chuẩn bị tinh thần chạy chứ nó dí sấp mặt luôn dù mình đéo làm gì nó hết 😂 vừa dí vừa ngoác mỏ hét sợ vãi ra,Fear,1
trốn cũng đéo tha,Anger,4
"con gấu trúc , cho nó ăn trúc đi =))) tướng ngồi nhìn cưng vãi",Enjoyment,0
rồi lại im thôi . 200k hay 5tr thì cũng vậy,Sadness,2
"cái lò huyền thoại nè per , lúc mình ở chung đó",Enjoyment,0
hi vọng trưa nay lúc ăn cơm vtv24 sẽ không đưa tin về bạn này ạ,Fear,1
tí nữa vợ nó vắt chân lên cổ bò thì hú hồn,Fear,1
tuyệt vời,Enjoyment,0
trẻ con bao giờ ga lăng sớm thế nhỉ ?! hồi mình bằng bọn này đuổi đánh nhau hỡi chết :))))),Surprise,0
tính đi chạy xe mà mưa cho nên ta ở nhà :),Other,0
nhìn nó cưng quá,Enjoyment,0
chủ tịch giả làm nhện và cái kết . đừng bao giờ xem thường người khác .,Disgust,3
"này thì cắt đức quan hệ , toàn thể hiện , dume nó",Disgust,3
con gái bây giờ chẳng nhờ được cái đéo gì nhờ có phát mà đập mẹ luôn cái bình,Disgust,3
hạnh phúc to nè,Enjoyment,0
"độ "" thâm "" của bác phải gọi là "" bố "" của tàu",Disgust,3
ông thần nhây vãi đái 😂😂,Enjoyment,0
tóm lại vẩn ế à,Surprise,0
chả vị nước mắt à 😔,Sadness,2
con lợn kia sao đập vào đầu vợ bé của tao =)),Anger,4
tôi rất mong sử phạt giao thông cũng mạnh tay như thế nào thì tốt,Other,0
cứ sợ rớt điện thoại :)))) sợ nhất là lỡ khúc nào khó là té không thể tả nổi,Fear,1
hình như anh nay đóng phim ngây ngô thì fải ... phim đó hay lắm các bạn nên xem,Enjoyment,0
hahaa coi cái mặt con nhỏ thấy thương,Enjoyment,0
"per khiếp nhớ ngày xưa quá anh em ơi , đi làm cười từ sáng tới tối luôn 😩",Enjoyment,0
per tự nhiên tao cảm thấy bị nhột nhột trong người mày ạ,Other,0
"tỉ năm mới thấy cười một lần người gì đâu mà khó cười đến thế 🤨 chả bù cho mình , lúc đéo nào cũng cười , cuộc sống tràn ngập niềm vui < 3",Enjoyment,0
không phải crush :v nhưng mà nhìn ổng cười mỉm nhìn cute vãi -.-😑😆❤,Enjoyment,0
per anh tặng vợ cái bát nha kaka,Enjoyment,0
"tiêu đề bộ phim cứ ngỡ là thể loại hài , nhưng nếu xem hết thì các bạn sẽ rút ra rất nhiều điều và cái hay trong phim này",Enjoyment,0
như lol,Anger,4
bất ngờ chưa =))),Surprise,0
"trời mới bắt đầu mưa , đéo lo thu thóc đi đứng đó quay ngang quay dọc",Anger,4
"ay , đau thế , thằng chó !",Anger,4
"có ai nhìn thấy hình như người đàn ông này đang rất đau khổ không nhỉ ? mình nhận thấy hình như ông ấy đang rất đau khổ , mà không thể or không muốn nói ra .",Sadness,2
"đm cho tù mọt gông đi , cái thứ không não",Anger,4
con tao mà bị như này . cả nhà bon kia không quỳ mà xin thì xác con mẹ định luôn,Anger,4
a per ..... nhìn những hình ảnh này ... sao em nhớ về anh quá .... 15 năm ròng rã .. giờ anh lưu lạc nơi đâu . 😭😭😭😭,Sadness,2
"kiến phải loại kiến lửa , kiến vàng , còn loại kiến lấy cứt trâu làm tổ này thì đốt gì hả ông zời :))",Disgust,3
per có nên áp dụng với anh hàng xóm không nhể 😆😆😆,Enjoyment,0
đáng yêuc quá,Enjoyment,0
ok mà cần gì cứ cắt chất lượng lại thôi vẫn bán giá vậy,Other,0
làm như chỉ có chúng mày biết yêu nhau ý .,Disgust,3
nói chung là không nên uống chẳng bổ béo gì đâu,Other,0
không nổi thì mình chìm haha,Enjoyment,0
nóng tính quá hỏng viẹc - trẻ em rất thích ngọt mình nên nhẹ nhàng cương quyết mới được,Other,0
anh cũng bướng làm !,Other,0
"mỗi lần như thế tao chửi , mà bọn nó xem đó là trò đùa mày ạ , càng chửi càng cười",Anger,4
nhìn ma tiếc từng hạt trân châu,Sadness,2
thật cảm động,Enjoyment,0
"trời ơi , tin được không ????",Surprise,0
per nhìn mặt hài vler :))),Enjoyment,0
"đấy gọi là biết ngu mà vẫn đâm đầu vào , giống tao :)",Enjoyment,0
một phút huy hoàng rồi chợt tắt còn hơn le lói giữa ngàn thu,Enjoyment,0
người ngoài hành tinh đi học tiếng anh rồi à vãi,Disgust,3
đó là một câu chuyện buồn 😀,Sadness,2
lỗi đạo cụ,Disgust,3
per dạo này bị xàm à 😂😂😂,Disgust,3
như chết đi sống lại 🙂,Sadness,2
"bất cứ lúc nào nghĩ về đời tao chỉ thấy vị cay , nồng nơi khóe mắt :))",Sadness,2
điện cho đứa bạn . đem mũ ra . coi ai hơn ai . kakaa .,Enjoyment,0
thả tao ra để tao cắn chết mẹ nó =)),Anger,4
per tao cứ thấy giống giống mày :))))),Enjoyment,0
vấn đề là phải cấm được xả thải chứ không thì chẳng khác mẹ gì nhau,Disgust,3
"giỏi thì tự đi mà thiết kế các kiểu . ở đó chỉ giỏi cào phím chê bai thôi . ông đã làm được gì , am hiểu gì mà chê này chê nọ",Disgust,3
ngoài kia ! còn có rất nhiều điều tốt đẹp vẫn còn trên thế giớ này ! hy vọng những điều tốt đẹp luôn diễn ra từng giây phút ..,Enjoyment,0
cưng hết sức nà,Enjoyment,0
"học kiểu ăn nói láp xược , tại sao không dạy xưng tôi hay tôi mà là tao . đúng chất bắc láo",Disgust,3
cái nệm này độ đàn hồi đỉnh ghê,Surprise,0
"em lấy đi niềm tin chả lại cho anh những gì , cũng vì anh vụng về đánh rơi hay càng xa vời càng dễ mất .. anh chân thành nên anh tổn thương",Sadness,2
con mèo khốn nạn dám bóp vếu vợ tao à 😡,Anger,4
"giỏi quá ta , cố gắng phát huy nha",Surprise,0
"giờ mà quay lại cái thời đi học , tao thề không ngoan nữa mà sẽ bỏ học đi chơi vài bữa",Other,0
ăn cả thế giới đã,Other,0
"mấy cái thằng này xử bắn hết đi , to xác không lo làm ăn suốt ngày trộm cắp",Anger,4
"đưa lên để nhận đồng cảm à ?? họ sai họ chịu phạt , còn người ta đỗ xe như thế bạn chả có quyền gì đuổi người ta cả . bỏ dần tư tưởng đường trước cửa nhà ta là của ta đi .",Disgust,3
chú này tội lắm á :(,Sadness,2
gọi phường cẩu đi thôi,Anger,4
link phim đéo có .. mà zo toàn gặp bình luận xàm,Disgust,3
chắc kiếp trước gieo nghiệp kiếp này phải gánh thôi,Sadness,2
hihi ảo tưởng,Enjoyment,0
hahah tao chưa nghe hoàn chỉnh bài này lần nào,Enjoyment,0
mình không quan tâm giá trị học bổng bao nhiêu . mà tớ q . tâm em đó sẽ dành những gì cho đất nước sau khi học xong thôi . hee . chúc mừng em .,Enjoyment,0
thế nếu sóc lên xong gõ thì n có trào lên không nhỉ,Other,0
2 tên sủa giống nhau đêm đêm thì rủ nhau hú ??,Other,0
dân dùng bằng giả có được khiển trách không nhỉ,Other,0
vì mày là đống vỏ năm xưa mẹ mày đổ vào đầu bố mày nên ngày nào nhìn mặt mày hắn cũng cay cú như thế :)),Disgust,3
người ta chỉ muốn dụ mày rồi xin một trái thận . 😪,Fear,1
per huhu trời ơiii,Sadness,2
lớp 5 mà viết kiểu này cô đánh gãy tay .,Fear,1
con gái chả thế :)))) con trai đi dume mày có nhận hàng không,Enjoyment,0
"xoá mẹ nó đi , pr cho nó làm gì",Disgust,3
t thích nhìn mắt của crush hơn là nhìn nó cười,Enjoyment,0
hành động đẹp,Enjoyment,0
"đập chết mẹ nó đi , nó làm người ta nhồi máu cơ tim có khác nào giết người gián tiếp mà ở mỹ gọi là giết người cấp độ 2 đấy",Disgust,3
"đây là tao khi bảo "" tao biết đường mà , tin tao ."" 🙂",Enjoyment,0
t nhớ tao đang xem xxx thì chưa cắm tai nghe 😭😭😭,Sadness,2
chuẩn . hài lòng với những thứ mình đang có . đừng mơ mộng những thứ viển vông,Enjoyment,0
per quẹo lựa mấy đứa ơi . để lễ nay đặt vé luôn cho rồi . nóng quá rồi :)))),Enjoyment,0
"ai đời cho kiến đen đốt tr .... nta cho kiến vàng đốt chứ , ăn kì cục",Disgust,3
may quá tao đang nhà đắp chăn xem cảnh này chứ đông vậy đi chắc chớt,Other,0
mặt mày nhìn chán thậc,Disgust,3
cả 2 đứa đều trẻ con . yêu đương kiểu này thì lsao mà tính chuyện lâu dài được,Disgust,3
per ê tao với mày mà đi cái cầu này chắc rớt ngay bước đầu quá 😢😢 đã mặp rồi chân lùn nữa đi qua bằng niềm tin,Fear,1
đau lòng quá,Sadness,2
chơi mất dậy . gặp tao là tiễn theo điện thoại luôn,Disgust,3
vụ này chắc xử nhanh hơn vụ trong thang máy .... 😂😂😂,Enjoyment,0
lúc rài không gặp được mặt cờ rút nữa 😪,Sadness,2
dạo này cứ đổ vỡ nhây nhớp là hấp dẫn cư dân mạng à :)) tao thấy đéo đến mức buồn quá,Disgust,3
giống tao hồi bé ... 😅,Enjoyment,0
có ai không bị giật mình như tao không . nhạt vãi =))),Disgust,3
năm nay không được ăn dồi :((,Sadness,2
ổng bị bắt rồi :( rồi lấy gì coi,Sadness,2
"per thể loại mới nè , có vẻ phê",Enjoyment,0
con nào cũng là con nhé . con trai tao tập từ nhỏ đã biết tự lo và phụ mẹ rồi :)),Enjoyment,0
"cái con yêu nghiê ̣ tao này hồi nhỏ nó phập vào đùi mình . lần đầu nhìn thấy nó tươ ̉ người nó cũng hiền hiền như con vịt , ai ngờ mới bươ ́ c lại gần là nó di ́ rượt mình . cái kết là bầm tím phần đùi . đến giơ ̀ thấy nó là auto né .",Disgust,3
per nhện kìa haha,Enjoyment,0
per đi tong một năm học ... nhưng vẫn tốt nghiệp ... :(,Sadness,2
càng thân thiết khi quay lưng càng đau lòng .,Sadness,2
lâu rồi chưa nghe ... nghe lại vẫn hay và ngấm như ngày nào :)),Enjoyment,0
tôi thấy tương lai của tôi trong bức ảnh này :d,Other,0
"per đấu nhau to rồi , phen này hay",Enjoyment,0
có thể bán lại cho tớ không ??????,Other,0
phí gì cũng cao nhất so với ngân hàg khác mà phục vụ lại tệ nhất ! sau đợt này vcb mất nhiều khác hàg !,Disgust,3
xem đi xem lại bao nhiêu lần cũng không chán ... vẫn cảm giác hồi hộp :),Sadness,2
per phải nói là hiền quá hiền luônnn 🤣,Enjoyment,0
phạt thế quá nhẹ ...,Anger,4
có bồ mà cũng sân si,Disgust,3
trên đời sợ nhất mấy con trùn trùn như ri ! nhất là giun đất với rắn !!! đã từng bỏ tiết học sinh học mổ giun đất 😞😞,Fear,1
sao tao thấy đa phần mấy đứa con trai cắt tóc xong nhìn ngáo đéo chịu được vậy =))).. cười tét cả hàm chứ đùa,Enjoyment,0
đơn giản thôi : nó giống như con chó vậy . khi ta đuổi thì nó chạy . khi ta chạy thì nó đuổi,Other,0
ướp đông lạnh luôn à,Other,0
chờ tý tao đi thay bỉm xíu tao quay lại .,Fear,1
có hiệu quả không mới quan trọng,Other,0
sáng sớm đã đậm chất ngôn tình . tránh ra chỗ bà gym nào .,Disgust,3
anh chờ ... đáng yêu ghê,Enjoyment,0
cười như cục cức trôi sông lạc chợ 😏😏👌,Disgust,3
tao buồn mấy năm nay rồi,Sadness,2
phải đối xử tốt với chính bản thân mình :),Enjoyment,0
"chủ động nói chuyện , nhắn tin khi có time . nhưng đời không như mơ",Sadness,2
"móa , thiệt chứ tụi này nuôi làm gì vậy nhỉ ?",Anger,4
tao đang đi phân khối lớn đây . ai cũng kêu nhìn cá tính vãi 😁,Enjoyment,0
động lực để phụ nữ chiến đấu chính là gia đình và bản thân họ :),Other,0
mink chỉ lo là nhà nước không đủ gạo nuôi mấy anh,Sadness,2
sản phẩm khá là mới lạ trong việt nam,Surprise,0
"chuẩn rồi . nhiều khi mệt muốn xỉu , xong đồng nghiệp đùa nhau đôi ba câu hay kể cho nhau vài câu chuyện thế là lại vui trở lại 😂😂😂 đồng nghiệp quan trọng thật sự",Enjoyment,0
ai trèo lên đưa cho ảnh cái áo mưa đi kẻo ướt ảnh đó,Other,0
"per hồi nhỏ bị con đỉ này dí lòi lol 😂, bị cắn bầm đen muốn thúi thịt luôn cả tháng hơn mới hết . mà đươ ̣ c cái con này nuôi nó giữ nhà cửa hay , có nó không sợ ma quỷ gì hết",Fear,1
chắc ổng chỉ ngồi 1 chỗ và để móng lên bàn nv . chư tao nghĩ đi lại cũng khó,Disgust,3
nó mới ghé nhà tao đây :)),Enjoyment,0
nhìn mặt là cười phọt rồi,Enjoyment,0
per cấm dừng đỗ đâu cụ thớt ???,Other,0
đọc chả hiểu gì :( mất gốc rồi :(,Sadness,2
mạng lag chưa xem được nhưng vẫn vào bình luận 😍😍,Other,0
"em vợ có thể ngủ với mẹ , còn anh thì ngủ với em 😂",Enjoyment,0
cái giọng anh quay phim nghe ngọt quá 😘😘,Enjoyment,0
đẹp đôi vãi 🤩,Enjoyment,0
như con ma tơi có ngày ném cho cái cốc vào mặt thì đừng trách,Anger,4
"ổng để móng có 1 bàn tay thôi còn bàn tay kia vẫn sạch sẽ bình thường mà các cụ cứ hỏi chùi đít , đanh răng , quay tay kiểu gì là sao :))",Other,0
chỉ thấy mất dạy,Disgust,3
vì nó biết mày còn 2 quả thận thôi con ạ . rửa mặt đi :vậy,Disgust,3
tiền cắt tóc như kia đủ mua giày rồi :v,Sadness,2
"trên phim thôi . ngoài đời thì đứa con gái uống xong ngất luôn , hôm sau thì bị bán mẹ sang trung quốc",Other,0
đấy cổ tích như thế có mà dân lại ngồi hết lên đầu pháp luật . tai nạn tăng không ngừng nghỉ ấy chứ .,Disgust,3
"nếu không có lòng yêu thương , thì đừng nuôi",Disgust,3
định mệnh gớm vãi 🤮🤮🤮,Disgust,3
kiểu xem đứa nào thắng !,Other,0
"èo , ngọt quá đi",Enjoyment,0
lấy vợ xong bị tàn phá là có thật 😆 béo vãi_chưởng,Disgust,3
nếu người ta sai thì gọi công an xử lý còn không thì bạn không có quyền nhé,Disgust,3
t thề hồi nhỏ qua nhà ông hàng xóm vá xe tao bị con ngỗng dí chạy xúc quần quanh nhà ổng vừa chạy vừa la làng tới giờ nhớ lại vẫn còn hãi 😧😧😧,Fear,1
nó bướng vãi . cứ làm theo ý mình,Anger,4
nghe như hát trầu văn,Disgust,3
đúng rồi mà kệ nó tao đéo quan tâm . chụp cho ai thì chụp,Other,0
nhà có người già vui thật nhỉ 🤣👍,Enjoyment,0
tao nấu củi chưa nấu bằng rơm bao giờ 😪,Other,0
bếp dầu trước kia tôi đã thuờg dùng,Other,0
ngọc ngọc đồng nghiệp tốt,Other,0
đời tao ghét con súc sinh này vãi .. nhiều khi tao tự vấn tao làm gì sai mà mỗi lần tao đi qua nó là y như rằng tao phải chạy như chó chứ không thể nào hiên ngang đi 1 cách như người bình thường,Disgust,3
"ờ phải rồi , nói hay lắm . đến lúc nó đậu trước cửa nhà mình cả ngày xem có nhảy lên như khỉ đỏ đít không ?",Anger,4
tạm biệt sếp và mong sớm có ngày sếp quay lại ...,Other,0
tao dễ thương nhưng vẫn ế đây này mơ mộng ít thôi,Sadness,2
"má , dume cười ỉa :))))",Enjoyment,0
bà mẹ tháng cô hồn nghèo rớt mồng tơi mà cứ chiếu phim tiền đâu mà coi trời oi là troi,Anger,4
cái này nó giống câu “ em ăn cơm chưa ” vãi,Surprise,0
bị rồi nè :))) mua 6 ly rớt hết 4 ly,Other,0
"đây là 1 câu chuyện buồn đó , đừng có haha nha per",Disgust,3
chảy cả nói chuyện mắt,Other,0
là tôi tôi cũng tát vỡ mồm nó ~~,Anger,4
per ngôn tình luôn ở quanh ta nhưng nó đéo đến với chúng ta 😏,Sadness,2
rồi lỡ ai có bầu mà đi qua không biết nhảy kiểu gì nữa 😂😂,Enjoyment,0
nghe mát lòng mát gan thế ????,Enjoyment,0
tao đang xem cái gì vậy,Other,0
sợ đến lúc đó muốn lấy vợ phải sang nước khác nhập khẩu về quá,Fear,1
nhiều khi cũng muốn chọc cho người yêu giận nhưng mới nhớ ra mình đéo có người yêu 😌,Sadness,2
nguy hiểm thật,Fear,1
"ok hay quá , dùng điện này thôi",Enjoyment,0
ơ tao đang mơ 🤩,Enjoyment,0
chủ tịch rả vờ ngu và cái kết đừng bao rờ khinh thường người khác 😂😂,Disgust,3
"per ăn tết xong , cần cây cầu này để giảm cân 😆😆",Enjoyment,0
loại dâm ô nam sinh này cần phải tử hình để làm gương cho người khác .,Disgust,3
:))) 1 phần của bài quyền là phải gẫy gậy và té sấp mặt luôn để đỡ bị đối phương đâm lòi phèo,Sadness,2
chắc chắn người pháp sẽ khôi phục lại được . tin là như thế,Other,0
per á đông có đồng nghiệp như hiệp suốt ngày rủ đi vệ sinh cùng ghê vãi,Disgust,3
đm nhìn ngầu vãi,Enjoyment,0
chuẩn luôn khi ở công tình yêu toàn là các anh chị em đồng nghiệp tốt he he,Enjoyment,0
với tôi là gia đình và sự hận thù .,Other,0
người ta gọi là ngu mà cứ đâm đầu vào đấy :),Disgust,3
tỉnh táo đi em !,Other,0
bếp dầu thời bao cấp,Other,0
có cái bệnh này nữa hả trời,Surprise,0
agribank thu nhập bằng phong phì thì bố thằng nào biết được mà cập nhật,Disgust,3
crush ai thì cờ rớt chứ đừng cờ rớt mấy mẹ bán hàng online với làm bất động sản chúng mày nhé :3,Other,0
nhà tao cũng gần mà tao không bao giờ dám đi đêm,Fear,1
kiểu gì chả chết ? đá to như kia thoát sao nổi ?,Sadness,2
không muốn huhu,Sadness,2
ông trời cho mình lũ bạn cờ hó quá ấy mà :),Enjoyment,0
dự định tao là 28 nhưng giờ mà có bồ là bắt cưới luôn chớ sợ ế haha,Enjoyment,0
giỏi thiệt . nể . giọng ở tao khó z mà ông này nói được giỏi 😁,Surprise,0
chọn cây đẹp đẹp rồi để các bạn trẻ đổ xô đến vì hiếu kỳ lại gây tắc đường à dume,Disgust,3
biết là đau lòng nhưng sao bản thân vẫn muốn biết nó,Sadness,2
per mang võng ra không lại tủi không thể ngồi,Other,0
đóng của trường đi bắt bỏ tù loai người xấu xa : ham lợi nhuận : lừa đảo phụ huynh lấy tiền,Disgust,3
như 1 canh bạc ấy nhỉ @@,Other,0
chợt nhận ra mình chưa từng thích thầm ai trong lớp,Other,0
cây này quê tao nhiều lắm nhé . mùa này đi rừng hay gặp nhiều này,Other,0
dume mặc dù tao rất yêu chó nhưng tao cũng sợ chó nữa :((,Fear,1
"không biết khuyên thế nào , nhưng chỉ cần bình tĩnh 1 xíu , dù gì thì cũng đừng tự sát , đời người chỉ sống 1 lần thôi ...",Sadness,2
tao bực mày lắm rồi đấy,Anger,4
crush tao mất rồi .,Sadness,2
cái thứ tình yêu bọ xít :)),Disgust,3
"ngày xưa nhà nuôi mấy con điên này cái giọng thì đã khó nghe thì chớ suốt ngày ngoạc ra , hễ về đến nhà là thấy giọng bọn n đầu tiên . xong cho ăn , rõ ràng là cho n ăn đàng hoàng mà đến n + 1 lần bị n mổ với đuổi bợt mạng . chốt là tao ghét cái bọn nì dã man . ám ảnh cả 1 tuổi thơ :(( cái thứ yêu nghiệt .",Fear,1
cặp này lầy mà dễ thương,Enjoyment,0
per mặc dù biết ngôn tình tàu khựa toàn xạo chó nhưng cầu hôn có não thật ^^,Disgust,3
"đừng so nó với chó ., vì chó nhà tao cũng từng bị nó cắn rồi 🤧. nó đéo ' sợ bố con thằng nào cả .",Anger,4
địt mẹ mấy thằng nhà quê,Disgust,3
vãi chả phơi hết tim gan phèo phổi @@,Disgust,3
cảnh thì dõ đẹp mà nhìn nước ô nhiễm quá,Disgust,3
thích nấu lúc nào cũng được,Other,0
"mấy con đĩ xạo lồn tao thấy mà tao tức á , chia bè phái ra làm rầm rầm rộ rộ",Anger,4
cái chứng minh hình kia dễ vãi . cứ vẽ hình lên bài xong người chấm điểm người ta thấy là biết chứ sao :)),Enjoyment,0
đm quả gật đầu quả quyết vãi 😂,Enjoyment,0
ho mà vỡ xương kể ra trên đời lắm chuyện lạ vãi,Surprise,0
bốc toàn trúng may mắn lần sau,Sadness,2
nước tớ nhiều thành phần hãm lồn thế đấy các bạn ạ . tớ gặp là tớ còn ghét nữa là các bạn nước ngoài,Disgust,3
cẩn thận móc túi trộm nhé anh chị em .,Other,0
đoạn cuối yêu mún chết,Enjoyment,0
hahahaha,Enjoyment,0
cuộc đời bà đã nấu hơn 50 nồi bánh chưng rồi nhưng bà chưa bao giờ thấy ai cắt tóc ngắn đi mà xinh như thế này các cháu ạ .,Enjoyment,0
"mày vã quá rồi đấy , sang lên chứ 🙄",Other,0
"e ấy đang khóc , nhưng vì hàm răng không thể thụt vào nên mọi người nghĩ là em đang cười :))))",Enjoyment,0
per ôi cái bếp một thời chinh chiến,Enjoyment,0
vl mồm thì chửi người ta nhem nhẻm ra xong cứ bảo người ta mất dậy :)) chị kia đã chửi được câu đéo nào đâu mà nó cứ bảo mất dậy . đâm hỏng xe người ta xong còn đòi đọ lồn :))))) bố mày lậy . phải tao là tao sút cho tung con mẹ mày cái lồn già lên rồi cho mất dậy cả thể . cứ cậy đẻ 5 lứa rồi lồn rộng mép dài ra đường bắt nạt đứa lồn bé hơn,Anger,4
"trời mẹ phim gì vậy thớt ơi , cười ná thở",Enjoyment,0
nhưng công nhận nhìn ngáo cỏ yêu thật =)),Enjoyment,0
ăn mà không biết dọn .,Disgust,3
tao được thấy nói chuyện mắt của bố tao khi tao bệnh và khi tao lấy chồng,Sadness,2
mày ăn cứt hay sao ngu thế hả,Anger,4
chia buồn với gã lưng gù 😥😢,Sadness,2
tao đã từng viết như thế này . bây giờ không muốn ai đọc chỉ có đốt mà lười đốt,Sadness,2
tác phẩm nghệ thuật chất lượng cao hiếm hoi của điện ảnh việt nam nhưng không được công chúng quê nhà đón nhận,Sadness,2
thực ra em mới đang phải là sự lựa chọn chứ không phải là người được lựa chọn đâu 😌.,Sadness,2
"per trong vòng 4 tháng chắc anh chụp hơn trăm tấm , huhu , sợ quá 😱😱😱😢😢😢",Fear,1
"tui ở tuy hòa , phú yên mà chả nhận ra luôn .",Sadness,2
"có ai lần đầu bắn kéo ngược ra phía trước đạn bay vào mặt giống tao không , đau điếng",Sadness,2
cô gái này thật dễ thương “ anh cứ nhắm mắt làm đại một lần thôi mà “ 😂😂,Enjoyment,0
mới ra mà nắm bắt nhanh thế,Other,0
"chị thích con gái mạnh mẽ , cá tính .",Enjoyment,0
tô ́ tao nhất là chết luôn đi ko chết sau này lại ngáo kéo theo người kha ́ c thì khổ .,Anger,4
cho bỏ cái ngu đậu xe ẩu tả .,Disgust,3
buôn bỏ nhưng tình cảm ko thuoc về mình nua . bat đầu kiem tiên,Sadness,2
"thanh diễm giờ tao hiểu tại sao cứ sáng vô là tao trông tới đi về , đầu tuần trông tới cuối tuần và đầu tháng trông tới cuối tháng rồi 🤣🤣🤣🤭",Enjoyment,0
người gì đâu mà dễ thương quá chờiiiii,Enjoyment,0
nhìn mặt nó nhăn nhó khó chịu vãi,Disgust,3
nhưng sạn quá . ma mà sao lúc đầu có bóng của cánh tay vậy .???,Other,0
đừng tưởng nó nói yêu mày là yêu mày thật :))),Other,0
vì những thành phần như bạn mà page cứ phải khoá bình luận cho trong sạch đấy . thật là giông bão 😌,Disgust,3
thân gửi mấy má bán combo quà độn xốp với mấy cha có ý định tặng 😂😂,Disgust,3
t đi lộn lớp rồi,Other,0
per la liếm cả ở trong này hả =)),Surprise,0
chuẩn bị prayforparis thôi 23 tuần kể từ khi phe áo vàng làm loạn rồi mà vẫn chưa dẹp được .,Sadness,2
ở dơ vãi - _ -,Disgust,3
sinh viên năm 3 rồi nhưng vẫn chưa định hướng ra trường làm cái giống gì đây :(,Sadness,2
cái máy nghe nhạc nè,Other,0
ra xong bảo anh ý ship em về nhà luôn được không . xe em bị hỏng mất tiêu rồi =)),Enjoyment,0
y tế chăm sóc sức khỏe lương nhiều vậy sao,Surprise,0
t đu ́ theo thôi :v tao biê ́ tao thư ̀ anh no ́ la ̀ shipper,Enjoyment,0
các bác bình luận ở đây cũng có khác gì họ đang ngồi chửi nhà nước không,Disgust,3
"con nghiệt súc này mỗi lần tao đi đá bóng là 2 vợ chồng nó dí theo cắn bầm hết chân , thứ này thù dai kinh khủng , chiều nào nó cũng khởi động cho tao trước khi đá bóng ... con mẹ nó giờ tao lớn rồi , tay nghề nấu nướng cũng không tệ gặp mà dí theo là xác định tao quay nó vàng ương luôn =]]",Enjoyment,0
nấu kiểu này ngon lắm luôn 😋😋,Enjoyment,0
per thích quáaaaa,Enjoyment,0
mấy ai chứng minh được điều đó 😍,Other,0
thằng ben thật tội nghiệp,Sadness,2
yêu quá nè nè,Enjoyment,0
có ai như tao không . chả thích đi đền chùa vì nhiều lí do ??,Other,0
tiền bạc là phù du ... nhiêu đó cho luôn 😂😂😂😂😂,Other,0
mong anh có thể đạt được ước mơ của mình .... cố lên,Enjoyment,0
ai muốn đi thái hè này với tôiii nào cũng chim ưng phết đấyy :))),Enjoyment,0
má nó điên đến mức này rồi à,Disgust,3
muối nhà mày mua chỗ khác rồi hay s thiếu mặn z :)),Disgust,3
con gái con đứa thứ gì vô duyên không mặc cả quần lót,Disgust,3
bếp dầu chứ có gì mà không biết,Other,0
uiiiii hay vì n đổ ra sàn mà n đổ đầy mồm thì pheee,Enjoyment,0
ngáo ... là có thật luôn này,Surprise,0
tao đã bị nó làm cho lầm tưởng rồi . tao thật ngu ngốc - _ -,Sadness,2
cái kết xàm lông thiệt :)),Disgust,3
bọn nè phạt nặng .,Anger,4
đẹp trai thật .,Enjoyment,0
tao thấy buồn cười vãi :)),Enjoyment,0
không pha ̉ i ki ̀ thi ̣ ma ̀ gơ ́ mày vãi,Disgust,3
mấy góc cầu bị bể là thành quả của mấy đứa mập chân ngắn để lại à ....,Other,0
lũ bảo vệ nhìn vô dụng nhỉ :v quanh đó có gì xảy ra còn del biết thì làm bảo vệ làm cái gì ?,Disgust,3
"trải qua một cuộc bể dâu , rồi bể ong ???? lót dép hóng :v",Enjoyment,0
per chắc tao nên làm quả móng chân xoắn ốc dài nhất thế giới :))),Other,0
tui nhớ anh quá à :(((,Sadness,2
"per ít bửa đi coi , trailer thấy hấp dẫn quá",Enjoyment,0
ai cũng vậy thôi con rắn mình đánh nó thì nó chạy chứ làm quá thì nó cũng quay đầu lại cắn . đó là quy luật cuộc sống . đừng thấy tao im mà làm tới,Disgust,3
mang anh này về nhà luôn được không 😻,Enjoyment,0
cả tuổi trẻ bỏ công cày . có cơ ngơi ổn định . r về già con cháu đuổi ra đường bắt đầu 2 bàn tay trắng . đời 😅😅,Sadness,2
"chỉ cần đủ quan trọng , họ sẽ làm tất cả những gì bạn thấy vui .",Other,0
thì nhìn đám học sinh trong lớp là biết cô dạy kiểu gì rồi đấy .,Disgust,3
hiện tại mình chưa người yêu bạn nam nào chưa có người yêu thì lo cua mình đi nhá đến khi mình có người yêu rồi thì đừng hối hận đấy huhu,Sadness,2
cứ thấy cute cưng cưng sao á .... có ai thấy giống per như tao không ??,Enjoyment,0
???? tpbank đang ở đâu thế kia ?? sao lương mình thế này ...,Surprise,0
má thằng phi đen có gấu ngon phết ... vậy mà nó nở lòng bỏ con ta chạy trước ... tao đéo bít bao công mà lấy bạch tuyến đẻ ra cái gióng gì nửa ...,Disgust,3
"per :))) tuy anh hay bắt nạt , giấu đồ và ăn bòn đồ ăn của em nhưng nếu thiếu anh thì công việc sẽ trở nên căng thẳng phết đó 😭",Sadness,2
"lúc đầu còn tưởng quảng cáo rạp chiếu phim , pr về mức độ đầu tư của rạp phim , ai ngờ =))",Surprise,0
"chửi nhau , ghét nhau , nói xấu nhau dcm",Anger,4
còn quá nhiều mảnh đời bất hạnh ☹️,Sadness,2
"chúng ta hầu như ai cũng dùng đôi mắt bao dung để nhìn một người xa lạ , mà đối với người thân bên cạnh lại chỉ nhìn thấy khuyết điểm mà thôi ..",Sadness,2
bằng tuổi người ta mình vẫn còn mải nghĩ chiều nay ăn gì 😢,Sadness,2
"cái công ty thực phẩm cung cấp cho các trường mầm non thật quá độc ác . vì lợi ích cá nhân mà ảnh hưởng khủng khiếp tới các em . quá dã man . các người gây nên hoạ thì mai này đời con đời cháu sẽ phải gánh nghiệp đó thôi . gieo nhân nào gặt quả ấy , đừng tưởng bây giờ sống nhé nhỉ thế là không sao . đời còn dài lắm",Other,0
hãy xử tù chung thân bọn người mất nhân tính gây ra nghiệp chướng này,Anger,4
anh chân thành nên anh tổn thương :((,Sadness,2
mấy ai hiểu được ý nghĩa mà cứ chửi như đúng rồi :)))),Anger,4
dàn lông chân =))))),Other,0
vâng ah nên em cũng sợ quá mà :-),Fear,1
mấy thằng ranh con đéo có não,Anger,4
nguy hiểm vãi chưởng luôn ý,Fear,1
thức ăn cho chó lúc nào cũng ngon :))))))))))),Enjoyment,0
úi giời khiếp quá !!!!,Fear,1
tiên sư cái thằng ghép nhạc cười rớt mồm quả ghép,Enjoyment,0
giờ thì hiểu sao giáo dục liên tục dính phốt rồi hén .,Disgust,3
bật lửa thời chưa được thu nhỏ,Other,0
vì người dưng mãi là người dưng,Other,0
chỉ vì lợi nhuận .. mất hết tính người . thương các bé,Anger,4
per nhớ hội chị em vinmec quá :((,Sadness,2
nhìn con mắt thấy đau đớn . tội em quá ????,Sadness,2
per nguy hiểm quá mày ơi 😩😩,Fear,1
chắc là vì em .. đi lấy chồng 😥,Sadness,2
chạy ngay đi 😒 trước khi bọn chủ tịch vào đây và giả làm con cặc gì đó rồi bị coi thường và chúng mày phải nhận cái kết đấy !!,Fear,1
thằng này con nhà cán bộ hay sao mà rớ con nhỏ này mà vẫn chưa đi tù ????,Disgust,3
nói thì hay lắm 🙂 cuộc sống đâu phải được như mong muốn,Disgust,3
hẳn là không biết nhắn gì :)). thế thôi dẹp mẹ đi,Disgust,3
"t cu ̃ người cu ̀ người nghê ̀. theo kinh nghiê ̣ mày thi ̀ thâ ́ y top như ̃ người kha ́ ch ơ ̉ vô y ́ thư ́ c nhâ ́ tao la ̀ trung quô ́ c , â ́ n đô ̣ va ̀ đương nhiên co ́ ca ̉ viê ̣ tao nam - _ - biê ́ tao co ́ người na ̀ y người kia nhưng khi đi ̉ ti ̀ nh tra ̣ người diê ̃ n ra qua ́ nhiê ̀ u thi ̀ người ta se ̃ đa ́ nh gia ́ ca ̉ 1 nê ̀ n văn ho ́ anh .",Disgust,3
per tập gym đi mày có người yêu đấyyyy =))))),Enjoyment,0
là gì nhỉ ???,Other,0
"giờ bà già lắm rồi , nhổ sợ hết tóc , nghĩ tao lại thấy buồn quá 😞😞",Sadness,2
chuyện buồn quá chúng mày à . tao không dám đọc sợ làm quyết tâm có người yêu của tao lung lay 🙄,Fear,1
ngu thì chết ...,Anger,4
không phải bồ tao chớ bồ tao thì sống chết tao cũng cho mỗi th mỗi nhát,Anger,4
chị là người khó hiểu nhất mà em từng biết đấy,Surprise,0
lúc đấy là mình mình cũng lắng liền rồi chắc trào nước mắt mất,Sadness,2
"per chế sợ nó hơn sợ chó , nhớ hồi nhỏ đang đánh răng nó rượt mà cầm ca , bàn chảy , miệng thì đầy kem vừa chạy vừa khóc như con chó",Other,0
kiểu cá tính nét đẹp mang nàn gió mới . chứ không phải nét đẹp công nghiệp đại trà .!,Other,0
khi bạn đặt quá nhiều niềm tin vào người khác,Other,0
ngày trước nấu cơm . đun rơm . đốt được hơn 10p mới nhớ ra chưa cho nước . hỏng cả nổi cơm huhu,Sadness,2
tạm biệt ông cám ơn tất cả những gì ông đã làm cho vn,Enjoyment,0
và chúng nó cũng ngáo hơn lũ con trai :),Disgust,3
em cũng thắc mắc tại răng khúc xương tư tao nhỉ ? xong nó lại tự to lên được nó nhờ lực gì rứa,Surprise,0
"ngu bỏ mẹ ... làm giàu cho bọn bán vàng thì có , trước mắt thần tài đến các tiệm vàng , còn mấy thằng mua , thần tài chưa thấy đâu vì vài ngày sau vàng sẽ tụt giá chắc chắn sẽ lỗ mẹ nó rồi ..( lỗ 3 cái : giá tụt , giá mua vào và tiền công nếu là vàng thời trang ) - còn cái kiểu chơi bời không lo làm ăn , chỉ có làm biếng mà hàng tháng cứ cầm 3 cây nhang khấn vái thần tài mong tài lộc tới thì có cái lol ý ..",Disgust,3
per bố mày nhắn tin rồi cái con cặc gì mày cũng cho thằng em mày xem,Anger,4
"có vẻ coi lòng tự trọng , nhân cách , và tinh thần của người ta rẻ mạt ... ngồi tù 7 năm đáp lại 1 lời xin lỗi và 200tr ...😩😩😩",Disgust,3
dễ thương mà,Enjoyment,0
"nhổ tóc sâu cho bố , hình như được 500đ để mua kẹo dồi 😂",Enjoyment,0
mấy đứa con gái chơi với nhiều đứa con trai nghĩ là bình thường nhưng mấy đứa con trai lại nghĩ con đó lẳng lơ,Disgust,3
"ng nhật giỏi ở chỗ đó ., đây không phải là sự phiền hà mà là một cơ hội .",Enjoyment,0
"ngu thế chờ cho mật ong ngấm xuống đất , rồi đào đất đấy lên chắt kiểu gì cũng được gần đầy :))",Other,0
bớt ngu để sống tốt hơn,Disgust,3
đang tập hát 😶😶 hay thật 😔😔,Enjoyment,0
dù cậu làm tôi tổn thương mỗi ngày nhưng chả hiểu sao vẫn thương cậu,Sadness,2
rồi có đi họp lớp không ?,Other,0
vì yêu người khác nên biết là ngu nhưng vẫn làm :(,Sadness,2
"bị đánh 1 lần thì hơi sốc , nhưng nhiều lần thì tâm hồn sẽ trở nên mạnh mẽ , cảm xúc nó mới đàn hồi",Other,0
per tiếc cái gì đấy bố nó,Sadness,2
sao bao nhiêu năm kể từ ngày đó em đã không còn nghe lại nữa :((,Sadness,2
"nhà em trong ngõ bác ơi , bác cho ô tô vào vừa thì em cho bác đỗ luôn",Other,0
thả chó rông không rọ mõm cắn người là tội ác,Disgust,3
con bé xinh thế ??,Enjoyment,0
trước khi lấy vợ boss có một thân hình hoàn mĩ thế này đây,Sadness,2
đọc cái mà cười rớt cả hàm .... cuộc đọ sức giữa xe lửa và ô tô,Enjoyment,0
cần tìm gấp bạn trai đáng yêuc như anh này trời đất ơi =)),Enjoyment,0
khi nào tao thấy thích . mà thích rồi chưa có người thích cùng .,Sadness,2
thề dume c còn hết hồn nói chi đến khách =)))) sáng sớm ra mở cửa với tối đóng cửa thôi độ gan dạ cũng phải tăng lên mấy chân kính =)))),Fear,1
địt mẹ xấu mặt đàn ông quá . đéo hiểu mấy thằng lol này nghĩ nó ngầu chỗ đéo nào nhỉ . bệnh hoạn vãi,Disgust,3
"chán thật , dạo này hồi xuân hay sao đọc mấy cái kiểu này ấm lòng vãi :(",Sadness,2
thế là hết những gì đẹp nhất của nước pháp sao không phun nước cứ để cháy rần rật nhỉ,Sadness,2
chủ thớt sao xinh gái thế =)),Surprise,0
loạn hết rồi,Disgust,3
"may công an đến bắt chứ không thì dân chỗ đó cho vào nồi cả rồi , đã có người cắt cử nhau đi mua giềng mẻ rồi đó chứ 😆",Enjoyment,0
chết rồi thì chôn . xử lý cái quái gì nữa ...,Disgust,3
thế là đúng quy trình rồi,Other,0
rảnh rỗi không có việc gì làm sinh ra mất tiền,Disgust,3
nếu đồng nghiệp của bạn hãm vãi thì cũng nên đăng xuất đi,Disgust,3
ốm mà xinh thế :3,Enjoyment,0
đợi chờ là hạnh phúc mong rằng hai nhà lãnh đạo trong lần gặp nhau sau sẽ tiến triển hơn nữa,Other,0
"thứ con gái hư đốn , mày không sợ xã hội dị nghị à",Disgust,3
ăn vải nóng lở hết miệng ra đây này,Sadness,2
trồi ôi mới đọc tưởng đâu người yêu,Enjoyment,0
per bị chì chiết từ 6h sang đến 23h phia . vẫn sống vui 😊😉,Enjoyment,0
ai đó chọc mù mắt tao đi ... mất mẹ tuổi thơ,Anger,4
khổ nhất người có bầu,Sadness,2
trai tài gái sắc .. danh ngôn rồi tài sản chứ tài gì !! 🤣🤣,Enjoyment,0
per nhớ bột mì chiên huhuhu,Sadness,2
cho bạn trai uống nước này nhé 😌,Other,0
"cô giáo như cái lìn , mà dume đánh con cháu tao ntnay thù từ thằng đánh lẫn đẻ ra đứa đánh bố cũng đập cmm chúng mày hết",Anger,4
per 🤣🤣🤣 để anh vẽ mình xem thế nào nhé,Other,0
per học hành cho cố vào rồi mần sao như này đi,Other,0
bộ phim hay nhất từng xem,Enjoyment,0
rút kinh nghiệm lần sau cứ khách nào kêu tính tiền thì mình checkin phòng liền nếu tình trạng như vậy thì cho nó dọn phòng khi nào sạch thì cho nó về 😀,Disgust,3
bất kì hoa gì có mùi đều không thích,Disgust,3
nhìn một cái rồi quay đi là thấy mãn nguyện rồi .,Enjoyment,0
tuổi thơ của tôi cũng từng có 1 người c . trai bỏ mặc tất cả để bảo vệ tôi 😘😘😘😘,Enjoyment,0
"năm nào cũng đi cho có không khí xuân vậy , không đi thì thấy thiếu thiếu . nhà tao cách chợ 10km",Enjoyment,0
"mặc kệ người ta bạn ơi , có tiền mua xe đi thì kệ mẹ thiên hạ",Other,0
bé gái đáng yêu quá ??,Enjoyment,0
"nhìn là biết sapa rồi , thế cũng đố",Disgust,3
ước là 1 ngày mai thức dậy dụi mắt mãi chưa hết tuổi thanh xuân =)))),Enjoyment,0
nhằm ngày sinh nhật luôn trời ..😂,Surprise,0
"làm pv quán karaoke đi rồi khổ hơn nữa , toilet danh cho nam chỉ đứng tè , vậy mà nỡ lòng nào mấy anh ngồi ỉa 😢 thiệt chứ gặp cái mún khóc lun …",Sadness,2
tao đang chờ xem bà ấy được nghe nhạc ý mà hết video 🤣,Enjoyment,0
xem video nay sao mà sướng hết thằng người,Enjoyment,0
bọn bây giống tao không ? chứ ghét mấy đứa troll rớt điện thoại vãi,Disgust,3
"khoảnh khắc anh quay mặt đi , con tim em tan nát vãi ra",Sadness,2
nó lại làm tao nhớ tới cái mấy con chó ăn hạt dưa ở quán cf đụ đỉ mẹ ăn thì có cái bịch bên cạnh đó cắn bỏ vào bịch thì chết à d . mày cắn xong cứ phun phun xuống đất đã vậy mỗi lần phun là mỗi chỗ khác nhau làm dọn bắt lòi dái nhìn nó phun chỉ muốn đấm cho nó một cái,Anger,4
tất cả đã đều quá hoàn hảo rồi . trừ pha nhảy cuối thôiiii :v,Enjoyment,0
per con nghĩ cậu nên thử,Other,0
"ai bảo mèo đực hay đi khỏi nhà chứ quàng thượng nhà tao toàn ngủ , ngủ cả ngày cả đêm , đang ngủ mắc tè xong dậy đi tè rồi vào ngủ tiếp , ngủ hơn heo :vậy",Disgust,3
buồn cô lắm,Sadness,2
nó ốm nhom thương ghê :(,Sadness,2
"làm bác sĩ sướng thật , bảo cở là cởi , bảo cưới là cưới . lắc đầu cái là cả nhà khóc .",Enjoyment,0
như kiểu sắp bị hiếp dâm đến nơi vậy . tế sống luôn mấy thg lol 🙂 dcm,Anger,4
giọng chú hơi bị dễ thương nhá :)),Enjoyment,0
ngửa thấy mùi là đã thấy kinh rồi,Disgust,3
ngu cho chết chứ nói con cặc gì,Anger,4
vâng chú ah haha,Enjoyment,0
cặp nay dth ghê luôn 😍,Enjoyment,0
cảm động quá hjxhjx,Sadness,2
mày làm anh tao hơi lâu rồi đấy,Disgust,3
tao không phân biệt được bà nội bà ngoại ??,Other,0
ích kỉ quá đấy . vỉa vẻ thế kia ra vào vẫn bình thường nhé,Disgust,3
suy thoái gớm nhỉ :)),Disgust,3
cuộc sống mà mấy ai được trọn vẹn 😢😢,Sadness,2
"ngta tạo nên video để giáo dục mấy ba ơi , mấy ba mấy má làm quá",Disgust,3
biết ngay sẽ chơi cái trò mất dạy này nhưng vẫn kiên trì xem tới cùng để thách thức bản thân có sợ hay không :)),Disgust,3
cha con y chang nhau 😂 1 khuôn đúc ra,Surprise,0
giết nó ! làm ám ảnh cả cuộc đời học sinh .,Anger,4
"tụi mày có hiểu được cảm giác , muốn bắt chuyện mà không dám bắt không ?? tụi mày có hiểu được cảm giác vờ ngủ gục để nhìn nó không ?? tụi mày đã từng nhìn nó thật kỉ , thật tỉ mỉ chưa ?",Sadness,2
chưa đâu ... nó mang bánh gato vào xong bôi đầy tường mới là cả một rổ của sự hloz,Anger,4
ngưỡng mộ quá đi ạ . chúc 2 ac mãi mãi hạnh phúc như này nha :))),Enjoyment,0
ăn 1 đống tiền phạt có 5tr . tội lợi dụng tín ngưỡng để lừa đảo xem chừng nhẹ tội nhỉ .,Disgust,3
per đúng chất em lun hâha,Enjoyment,0
năm nào chả vậy :))),Enjoyment,0
thua sự mặt dày của khách nên cho một xíu . :v,Other,0
chuẩn đét . t nghỉ công ty cũ cũng vì đồng nghiệp 😭😭😭,Sadness,2
"là thằng đàn ông phải có bản lĩnh từ khi còn bé , thay vì hay bắt nạt , quát tháo đàn bà thì hãy là người che chở , yêu thương !!!! mong con zai của mẹ sau này cũng như mấy anh này .!!!",Enjoyment,0
cho ngay cốc bia vào mặt . nhố nhăng,Anger,4
sau quả sấm sáng cả trời thì gần như toàn khu phố mất điện,Other,0
bà này bị âm đồ từ đêm qua đây mà ...,Other,0
chỉ đi đường quen thôi ! đường nào lạ chỉ ngồi sau thôi =)),Other,0
"tát cho phát , đêm hôm mất con mẹ nó ngủ . ??",Anger,4
xem xong tôi cảm thấy còn u ám hơn :)),Sadness,2
đó là khi bạn làm cho hãng hoặc công tình yêu lớn tầm cở .... chứ quảng lý mấy shop quần áo có cái lol mà được 30tr :)),Disgust,3
gớm vãi :))),Disgust,3
đi bao xa mới thoát đựoc kiếp không có người yêu ? :<,Sadness,2
con lai xinh phết ??????,Enjoyment,0
đây đây thiệt là hãm,Disgust,3
đm lừa đảo hằng năm cả trăm tỉ . giờ phạt có 5 triệu :))) chán vãi,Sadness,2
ở đâu cho tao làm vớiiiiii,Enjoyment,0
"biết chỉ là phim thôi , xem con bé hôn bố lần cuối nước mắt tự rơi , híc híc",Sadness,2
chưa bao giờ b đến đích là gì cả,Sadness,2
lũ này cho nghỉ việc thay người khác còn bao nhiêu người đi xin việc kìa xử phạt rhì trẻ cũng đã ăn rồi lũ mất nhân tính,Anger,4
hmmmmmmm não tao xoắn mẹ rồi,Other,0
"chẳng bao giờ nhà bếp nó nấu đồ ngon cả , toàn thiu thối hoặc kém chất lượng nó mua về làm mới có lãi . trước làm với nhật nó còn bắt làm cho nó như cho công nhân ăn thì thời gian đầu được , đến khi đổi giám đốc là đéo nuốt nổi nữa",Disgust,3
khuôn mặt đậm chất giải trí 🙂,Enjoyment,0
moá nhìn rùng hết cả mình,Fear,1
em tìm link phim mà sao nó ra phim khác chứ không phải phim này zay mọi người 😞,Sadness,2
5tr phạt làm cái lồng gì . phạt 500tr tội sỉ nhục lăng mạ người khác,Disgust,3
bà ta đâu cư xử như 1 người vợ đâu !,Other,0
per =))))) hahaaaa,Enjoyment,0
má ơi đây chính là thứ ám ảnh nhất cuộc đời con . kẻ thù 😢😢😢,Fear,1
"đúng rồi , ngưng ảo tưởng",Disgust,3
"chời , dễ thương quá",Enjoyment,0
tuổi thơ tôi bị ám ảnh mấy con ngỗng này . mấy con màu xám cứ mỗi lần đi học ngang qua ngõ nhà hàng xóm là nó đuổi . tao lại chạy thục mạng . cứ phải đắn đo mỗi lần qua đó xem có chúng nó không rồi ù chạy như ma đuổi . haizz tuổi thơ tôi ....,Fear,1
anh em để tao hưởng trước nào,Enjoyment,0
bán hàng online hồi năm cấp 3 :))) tháng hè ấy đi quanh hạnh phúc để giao hàng với bố . được lãi 4 tr :)))),Enjoyment,0
ý thức kém quá ☹☹,Disgust,3
"bọn phục vụ nhà bếp toàn là chó , chó mới ăn thịt thúi bẩn như vậy .",Disgust,3
đấy . người ta làm những video ý nghĩa . chứ không phải ba cái video xàm nhảm như cái đéo gì cũng cái kết . xàm .,Disgust,3
thần tài cho chủ cửa hàng bán vàng chứ thần tài gì mình đâu,Other,0
"hiện tại mình cần tìm người yêu , bạn nữ nào chưa có chồng hay chưa người yêu thì bình luận bên dưới để mình lựa một bạn may mắn nhất nhé :)))",Enjoyment,0
lỡ bị tào tháo rượt mà cái wc bên kia thì nhảy thế nào nhỉ,Other,0
"ra chỗ sóng không táp vào mà ghi , xem mà ức chế vãi :))",Anger,4
chòi má nói chuyện tình vãi =)))),Enjoyment,0
con gái hay ảo tưởng như vậy lắm 😌,Sadness,2
nó cười mắc ỉa môi thì zoe lại lùn xấu vãi lại còn gầy nữa chứ haizz,Disgust,3
không phải không thích mà bản thân chưa đủ tốt để sánh vai . phải chi anh có thể đợi em khôn lớn !,Sadness,2
ông tóc ngắn ngắn cam cam tên gì vậy ạ ?,Other,0
tiên sư bố nhà mày . tao chịu hết nổi rồi nhé 🤤,Anger,4
đm ngu . cái nồi cơm điện chứ gì .,Anger,4
sai rồi nhá . có những thứ cha mẹ không có nhưng vì con họ vẫn cố gắng để có được nó,Other,0
hú hồn con chồn chạy ngang 😑,Fear,1
khi bạn bỗng nhiên nhận ra rằng có những bài hát phù hợp với từng khoảnh khắc riêng bên người đó :),Surprise,0
mỗi lần về quê mà sắp sửa đi qua chuồng ngỗng tao phải cầm cây chổi lông gà mới đi được đấy dume . quơ quơ vòng vòng cho mấy đĩ ngỗng né xa ra rồi chạy thụt lol luôn :=]]]],Fear,1
tao ghét và tao sợ nó,Fear,1
bán thì bán đi còn bảo bố mày bất hạnh . đéo thèm mua nữa 😑,Anger,4
lâu lắm rồi mới nge lại bài này ... vẫn thấy hay như ngày nào ...,Enjoyment,0
chị ấy được đào tạo qua lớp người nhện bắn tơ nên không biết sợ 😂😂😂,Enjoyment,0
1 từ ( nhạt )🙂,Disgust,3
"có mồm để làm gì ? hay chỉ để cãi nhau , la hét ?",Disgust,3
hồi đó khoái cái này lắm,Enjoyment,0
giọng anh khi mặc bộ záy màu hường thật kinh dị,Disgust,3
mày tin tao nhai đầu mày không,Anger,4
"yeahh , được mở lại fan cứng rồi =)))",Enjoyment,0
"per mất mặt thật sự , quán bún đậu đó không biết có dán mặt mày lên không",Disgust,3
có đứa nào xem mà thèm đi biển như tao không ?,Enjoyment,0
tài năng cho làng đua xe đạp tương lai là đây chứ đâu ✌✌,Enjoyment,0
"các bạn xem phim cậu bé đặc biệt , luôn nhé . phim có diển viên này tham gia nói về cách giáo dục con cái cực hay . chúc các bạn xem phim vui vẻ",Enjoyment,0
"per đọc vài dòng là lướt xuống cuối để xem có phải "" hi vọng câu chuyện mình vừa bịa ra ...."" nhưng không phải . kkk",Enjoyment,0
đây là câu khuyến mại điểm :),Enjoyment,0
nghe lại bài này thấy chột dạ vãi,Sadness,2
"nói chung thánh này không ai ghét được , trừ hlv kkk , dễ thương gắp trăm thằng pogba ,,, mong cho thằng đó nhanh biến khỏi mu",Enjoyment,0
đi chơi xong về cũng buồn như chó cắn tiếp thôi,Sadness,2
haha mắc cười quá ... nhưng thật chúng mày là tao rất sợ rắn ...,Fear,1
dễ thương kinh khủng . bởi vậy mới nói mấy đứa yêu nhau là lầy nhất,Enjoyment,0
tây cũng lầy phết,Surprise,0
thanh niên leo lên cao để theo dõi thời tiết để thông báo cho người dân đi cấy thật cảm động,Enjoyment,0
bao năm giải phóng như thế này phải không anh,Other,0
vẫn nhớ ngày đầu . lần đầu em có cảm giác được che chở như vậy :))),Enjoyment,0
"cưỡng hôn thì phạt 200 . lừa đảo , chiếm đoạt phạt nhằng 5 cu ( củ ).",Disgust,3
bà mẹ nó @@ xem rùng con mẹ nó mình hơn cả phim ma .,Fear,1
"mình nhận thấy hình như ông ấy đang rất đau khổ , mà không thể or không muốn nói ra .",Sadness,2
coi ảnh này nổi cả gai ốc,Fear,1
tao cười ỉa cho cái bọn ấy :))),Enjoyment,0
"đúng rồi đấy , như thế là đang mắc chứng ảo tưởng sức mạnh",Disgust,3
sừng mọc hồi nào không hay,Other,0
câu này thấy sai sai,Other,0
não bằng đá . không cần phải đội nón,Other,0
các bạn đéo biết được đâu vì các bạn đbh gặp thì lsao các bạn biết được mấy con mụ già đi mất dạy như thế nào . đm cậy mình già là muốn đi thế đéo nào cũng được ý . đi sai xong chửi người ta mới vãi chứ dume có ngày đâm vào người ta chết có ngày ở đấy mà già mồm . cứ kêu người ta lớn tuổi hơn phải thế này tno nhưng có lớn mà đéo có học thì cũng đéo là cái gì,Disgust,3
"cái thứ 2 mình thấy lạ lòn , bạn gái người ta ăn , quên chỉnh tóc . người ta chỉnh lại tóc dùm bạn gái mắc gì 2 đứa nó thái độ 😑😑",Disgust,3
"không chỉ bướng , mà còn rất lười :(",Disgust,3
"nói gì , em trai tao cắt tóc xong là tao đè nó ra chụp hình . cảm thấy nó cắt tóc xong là đứa nào chứ không phải em tao =)))))",Enjoyment,0
đáng yêu vãi =))))),Enjoyment,0
xạo xạo ... thằng cải suốt ngày bị nó dụ,Disgust,3
khi mày dốt ngữ văn nhưng vẫn thích nói những câu đạo con mẹ nó lý,Disgust,3
"học luật chưa mà nhắc sai về lí ? :3 , có cái nhà đấy là đường của nhà ông à :))",Disgust,3
kể mà nó biết cử độg vẫy vẫy nữa thì tuyệt con mẹ nó vời ??????,Other,0
nhện to đến nổi chúng mày giật cả mình à :),Surprise,0
cho dân nhậu đi lùa 1 hôm thì đến con tép còn đéo còn nữa là hùm đất :)),Disgust,3
đù . bọn nuôi chó mà ve còn không bắt được cho nó thì đừng nên nuôi . bực,Anger,4
bản thân quá hạnh phúc khi trong cs này rất . rất nhiều người mơ ước được như mình hiện tại . 😊😊😊,Enjoyment,0
gà này cho chó ăn mà . bọn mất dậy vì tiền nó giết chết dần chết mòn con nhà nghèo . địt bố bọn mắt dậy,Anger,4
per cái mặt nhỏ đó gióng em :)) khi nghe tiếng súng,Other,0
bài viết đọc rất sướng .,Enjoyment,0
dume dăm ba cái đứa lông còn chưa mọc đủ bày đặt thể hiện con cặc gì không biết . thêm bà cô giáo óc chó + lão chủ sân nữa,Anger,4
"ngày xưa tự dưng mình được tận 8 , 75 ư =))))",Surprise,0
gãy tay,Sadness,2
đợi nốt ván đã =)))))))),Enjoyment,0
"nhớ quá , độ chục năm không đi soi ve rồi :((((",Sadness,2
t đã soi gương suốt ngày chỉ để gặp crush và ngắm nụ cười tỏa nắng của nó,Enjoyment,0
per hồi đó mua điểm đại học nè 😂😂😂,Enjoyment,0
dume mất dạy,Anger,4
nào chàng trai có nhiều tài hãy cho em gục ngã đi nào =)),Enjoyment,0
nó chỉ là phép lịch sự . ngưng ảo tưởng nha nha,Disgust,3
đm chạy ra xa mà viết đi 😈,Anger,4
"thằng tàu hoả lái dở , thấy xe đậu thì đánh lái né ra đường ray thi đâu có va chạm hư ô tô",Disgust,3
người ta thôi chứ vợ mình là số 1 . mình chưa bao giờ chê . 😍😍😍,Enjoyment,0
"mê chơi lọt cóng nè , nhìn vẻ mặt hp của nó mình cũng thấy vui theo",Enjoyment,0
"và cứ mỗi lần mày muốn thấy crush cười , mày lại chạy lại cái gương",Enjoyment,0
kinh dị vãi,Disgust,3
mẹ cái lũ thầu nấu ăn cho trẻ con . ai cũng bảo chúng mày nấu 1 năm có có hàng tỉ tiền . mẫu giáo còn hại được thì cấp 1 tha gì .,Anger,4
per sau này con bư lớn cũng vậy đó mẹ hahaa,Enjoyment,0
phim hay vãi ra . đến giờ vẫn thấy mình giống bạn ma nữ quá trời 😂😂😂,Enjoyment,0
per nuôi đi anh còn kịp chả già mất 😂,Enjoyment,0
per thông minh là đây chớ đâu,Enjoyment,0
t đã cố tình che mặt nhưng vẫn giật mình,Fear,1
sư tử chứ dễ thương q . q gì,Fear,1
"mưa sấp mặt , về đi",Disgust,3
nhìn biến thái kinh khủng .,Disgust,3
tầm tuổi này . họ không còn những áp lực cuộc sống nữa . mà chỉ còn thứ tình cảm gắn bó với họ từ những ngày khó khăn nhất . ngưỡng mộ và ước được chút phúc đức của ông bà,Enjoyment,0
sếp như nào nữa còn sếp tôi thì như lònnnnnnn,Disgust,3
per tao nói rồi nha địt con mẹ mày,Anger,4
bình tĩnh vô cùng,Other,0
haha . dễ thương gê 😊😘😘,Enjoyment,0
thiết bị này mua như nào nhỉ,Other,0
cậu bạn mẫu giáo năm ấy chép bài cho tao để tao khỏi bị thẻ tay giờ đang nơi đâu ???,Sadness,2
thật là một câu chuyện buồn 😌,Sadness,2
ng dân biết phải làm sao bệnh chồng bệnh,Sadness,2
em đừng đi tập gym em nhé . bth em đã mê trai lắm rồi . em mà đi tập nữa chị không biết em như thế nào luôn 😢 per,Fear,1
nếu là tao thì nhảy cẩng lên chuẩn mẹ rồi :)) má nhìn trong hình tưởng ma thật ở ngoài đéo biết như lào luôn ớ,Fear,1
"con yêu nghiệt , tỏ cái vẻ đáng thương còn ăn vạ =)))",Disgust,3
cuộc tình ngang trái của nhà tớ đây ??,Other,0
"thấy bình sữa của em thấy ham quá , chị sinh em bé chả có sữa gì hết .",Sadness,2
"úi sời , gần chỗ mình này",Enjoyment,0
vừa sếp vừa đồng nghiệp tốt thì đi làm như là đi chơi 💃 bonus 6h chưa hẳn đã muốn về,Enjoyment,0
"tao toàn thế giận tao tao dỗi lại , lại phải dỗ tao . hahahaha",Enjoyment,0
per vui quá .. đi dạo được ven hồ rồi 🙂,Enjoyment,0
per cảm ơn tôi đi . thấy tầm quan trọng của máy chém gió chưa,Enjoyment,0
cấm đỗ là việc của công an,Other,0
"tao ước gì gặp được cái thằng chế ra con xe lead , tao sẽ tán cho nó sấp mặt luôn . 😒 còn video này tao hóng mãi lúc nó so ... mà đéo thấy haha",Anger,4
nghe nguồn tao biết được độ chân thực của câu chuyện rồi 😂😂😂,Enjoyment,0
"mấy thành phần không chấp hành luật giao thông cứ phải thế này . cơ mà thằng này gà thật , tạt mẹ vào quán nước mà ngồi uống chứ làm gì phải dắt xe khổ thế kia",Disgust,3
per giải trí =))),Enjoyment,0
< 3 chuyện lạ có thật :))),Enjoyment,0
cười vô mặt,Enjoyment,0
cuộc sống mà .. ghi không được thì thôi . sao mấy bạn chửi người ta dữ vậy,Other,0
per kỉ niệm nhất là những ngày trốn học cùng nhau đi xem phim 😂😂😂,Enjoyment,0
đau bụng quá ự ự,Sadness,2
lợi ích của việc giữ vững quan điểm 😄,Enjoyment,0
thế này mà mày vẫn còn buồn thì ...,Sadness,2
thấy mà nhớ lại quá . lúc còn sinh viên . di làm thêm ở quán kara . đm tụi nó tổ chức sinh nhật . rồi bày ra trang trí để tỏ tình . rồi quà bỏ xốp hột không trong đó . vừa xốp . vừa đèn cầy . vừa kim tuyến . bia . đồ ăn đồ . làm buổi có 40k mà dọn đúng là như thèn này chửi . dọn mún lòa lozzz ra lun . ức chế lắm,Disgust,3
sáng nay tao mới thấy 2 con này đi cùng,Other,0
bạn trai tao đéo biết giận dai nên không phải dỗ,Enjoyment,0
tại sao lại phải che mặt vậy,Surprise,0
án mà cứ xử như vậy thì sao có được lòng dân,Sadness,2
thế tao mới quyết tâm tìm ra facebook thật của nó để no hết đường lừa các em mới lớn đó,Disgust,3
sợ ngỗng còn hơn sợ chó :))),Fear,1
"vậy thì tao sẽ ước mơ là các nhà thơ đừng bao giờ xài ẩn dụ , chơi chữ :) đã ngu văn còn bắt phân tích thấy mẹ luôn",Disgust,3
nhiê ̀ u biê ́ n đô ̣ người kha ́ thu ́ vi ̣ =)),Enjoyment,0
"thương tra ̀ o nươ ́ c mă ́ tao ... cuô ́ i cu ̀ người thi ̀ ban la ̃ nh đa ̣ o bă ́ c ninh đa ̃ lên tiê ́ người giu ́ p đơ ̃ ca ́ c be ́, du ̀ qua ́ muô ̣ n @",Sadness,2
lấy giẻ lau xong vắt chắc cũng được nửa,Other,0
ngày xưa mừn cũng hay thế lắm .,Enjoyment,0
chắc nó se lạnh thì đừng hỏi tại sao thằng kia lấp nhíp sưởi ấm cũng không thấy .,Other,0
phận làm trai nào sung sướng gì 😂,Sadness,2
"hôm nay ai có vàng bán hết đi , tuần sau mua lại , lời vãi .",Enjoyment,0
kính thủy lực là kính gì bạn ơi,Other,0
chưa bao giờ được nge câu này 😞,Sadness,2
nam chính người nào cũng bị bệnh tự luyến nữa :))))))),Disgust,3
"cũng chuẩn , giờ khởi nghiệp vậy phá sản chỉ mấy tháng đầu",Enjoyment,0
chỗ tao lắm đứa khó chịu vãi,Disgust,3
"tất cả là do chính sách sai lầm của những người đứng đầu tỉnh sơn la . tsb cao su nó phù hợp trồng ở cao nguyên + nhiệt đới nắng lắm chứ lên tây bắc lạnh giá + sương muối thì cây cao su làm sao nó sinh trưởng tốt và hợp khí hậu được mà chả trắng tay :))) còn cả cây cafe đang được trồng ở sơn la , điện biên nữa sớm muộn gì những người dân trồng hai loại cây này cũng nhận trái đắng trắng tay thôi",Disgust,3
quá giỏi . đạp đến ngất đi mà không quay đầu . sau này em sẽ thành công . chắc chắn vậy,Enjoyment,0
vừa đi về ?? mưa sấp mặt,Disgust,3
bài viết hay quá !,Enjoyment,0
gì cũng được ?????? dễ vãi,Enjoyment,0
đã năm 2000 . người ta cho mượn 200 tr rồi .. từ đó về sau nhà người ta có cần 25 tr / tháng hay không ???,Other,0
ôi cháu taooo =)))),Enjoyment,0
nó chỉ muốn chén mày thôi . thật đấy,Other,0
"cô giáo ngu bỏ mẹ , xong được bầy hãm lòn trẻ trâu này nữa , kia là em tao , không biết tao sẽ làm gì bọn khốn nạn này nữa :))",Anger,4
haizzzz đó là 1 câu chuyện khá bùn,Sadness,2
"chồng này chắc cú có gai ah , mặc quần đéo gì vậy",Disgust,3
"haa ... haa ... ! đúng là có thay đổi lớn ! ngồi nhâm nhi ly cafe , phì phèo điếu thuốc nhìn thiên hạ cũng vui kkk ... !",Enjoyment,0
nhưng nó cười với đứa khác không phải mày .... 💔,Sadness,2
per anh ơi đừng gym nữa . boxing là đụ rùi :((,Sadness,2
đừng có thấy 6 múi mà ham nha nha 😂😂,Enjoyment,0
thật ra mấy đứa bị chửi nhiều thế này ra đời lại biết cư xử hơn những đứa khác .,Other,0
muốn nói bậy ghê :)))) nuôi con chó mà nuôi ra vậy . vừa ôm vừa bị ve,Anger,4
- mấy bạn đừng có đổ mình nữa nha 😞😞. mình ngại lắm 😞🤣,Enjoyment,0
tại sao anh cứ mất công giận dỗi trong khi người xin lỗi vẫn là anh =)),Enjoyment,0
chúc mừng các anh . các anh giỏi quá . chuc các anh mạnh khỏe .,Enjoyment,0
per hóng phim này dụ dỗ mọi người xem tiếp nè anh :v,Enjoyment,0
ngày chủ nhiệm cu nhà mình cô nhẹ nhàng nết na lắm mà ! giờ thì sao cô lại hành xử như vậy chứ ! thật buồn !,Sadness,2
"nhớ hồi euro 2012 rực sáng trong màu áo tuyển ý , ghi mấy bàn mà bàn nào cũng thấy phê .",Enjoyment,0
đáng yêu vại trời,Enjoyment,0
kéo nhau ra toà ly hôn tự nhiên béo ngành thuế,Disgust,3
ai sẽ cùng tôi mang nỗi đau này cơ chứ,Sadness,2
ngu thì mới đi vào phủ dầy nhé chứ chợ đâu đến mức như vậy ??????,Disgust,3
sĩ diện không nội mũ và cái kết dắt xe hết mẹ đoạn đường,Other,0
"vietcombank 1 tháng trừ hết 22k phí inter với mobile banking , dù tháng đó kau chả xài tới cái nào :((",Sadness,2
nói thật gia lai nói riêng tây nguyên nói chung xưa nhờ vàng đen '' hồ tiêu ' và vàng trắng ' cao su ' mà người dân có dư cái ăn cái mặt bây giờ thì thua rồi bỏ đi tứ xứ .. một thời,Sadness,2
đúng rồi . trái tim thảo mai này dễ rung động lắm nên các anh hay cả các chị và các bạn đừng thả thính em . em đập cho 😭,Anger,4
nhưng nó lại đéo thích :>,Other,0
ngu thì chết thôi,Disgust,3
nói chung là ai nào buông tay thì người chết vẫn là mấy đứa con gái như tao 😭,Sadness,2
nhớp nhúa,Disgust,3
"muôn đời không khá được vì cái thói tham vặt , tham lam vô đáy việt nam ạ",Disgust,3
"ngày xưa đi học gần trường có bày ngỗng , hôm nào nó cũng cà khía rượt tụi học sinh chạy sấp mặt luôn",Fear,1
sao lại bất công thế,Sadness,2
nó đi theo gái thì co,Disgust,3
là gặp đúng người nhưng lại chẳng đúng thời điểm . cuối cùng vẫn là chúng ta bỏ lỡ nhau 😥😥😥,Sadness,2
chuẩn khi người ta gặp nạn không lo cứu đứng lấy dt ra quay rùi đăng kẻ đó mới là người cần lên án,Disgust,3
chia buồn cùng nước pháp .,Sadness,2
con nhà mất dạy,Disgust,3
sau này mình có được như vầy không nhỉ 😊,Other,0
1 % kìa rồi ra cổng gọi thế nào :)),Fear,1
lúc dỗi thì càng dễ thương hơn,Enjoyment,0
hình vui mà sao đọc lại muốn khóc nhĩ ...,Sadness,2
cách tạo nghiệp chướng nhanh và hiệu quả :)),Enjoyment,0
trông mặt buồn chưa kìa per :(,Sadness,2
giá như anh được ào rơi về quá khứ ....,Other,0
tao thì muốn là đéo bao giờ . nhưng mẹ tao thì muốn ngay bây giờ 😢,Sadness,2
đã tới tuổi thay đường ray rồi mà không thay,Other,0
chuột mà làm như người vậy .. ít hôm nó gặm cả rắn cả dây thì thấy mẹ ..,Fear,1
cái quần tà lỏn xanhhhh,Other,0
thật tình mà nói cao su phát triển đất đồi là sai lầm .,Other,0
mấy bé đừng tưởng giận lại là ngon ạ :v có khi giận lại xog nó giết luôn đấy :),Other,0
per mốt mua son anh sài luôn,Other,0
"per bất hạnh thật tao với mày mua bánh ăn chung đi , cóc cần gấu 🤨",Anger,4
tội quá ! nuôi mà không chăm sóc,Sadness,2
không phải ai cũng vậy nên đừng thấy mập rồi tưởng mình hát hay 😌,Disgust,3
bao giờ mua bánh tặng gấu thì tao mới mua nhá . ở đấy mà chê tao bất hạnh,Anger,4
rất nguy hiểm nhé nhảy không qua là xác định dập mặt,Fear,1
đm nhà bà . con gái người ta nuôi lớn không báo đáp được gì đã về làm dâu nhà bà . nó lấy chồng chứ có làm giúp việc cho nhà bà đâu mà hành hạ nó thế .,Anger,4
"xã hội thật phức tợp , huhu . không muốn sống chung loài người nữa , tao về núi đây",Fear,1
đã khóc . cha mẹ là người luôn yêu thương minh nhất,Sadness,2
không lo chạy bo đi còn tạo sấm sét doạ người lứa,Disgust,3
ngày xưa đi học đạp xe qua cứ tưởng được quay phim đưa lên truyền hình :)),Enjoyment,0
lừa cả tỉ đồng mà đóng phạt 5tr :)) thế này thì răn đe cũng,Disgust,3
hay qua hoc theo cho vui,Enjoyment,0
bụng công nhân thành hố chôn lợn dịch,Disgust,3
tươi ngon sạch sẽ thì đéo thích ăn . cứ thích ăn cút trâu cứt bò,Disgust,3
đáng yêu vậy =))),Enjoyment,0
"per lại nữa , tao dg suy nghĩ có nên đi bằng rap về không",Sadness,2
nhìn sợ vãi ra,Fear,1
"bởi vậy , nên tỏ ra là 1 người không cảm xúc",Other,0
cả 1 đời người chẳng mong gì chỉ mong từ đây đến phút cuối vẫn có người không quên mình đã từng tồn tại,Sadness,2
coi mà lộn ruột .,Anger,4
a per doi dap rat tuyet voi . chuc anh thanh cong trong vu nay .,Enjoyment,0
dân kinh doanh khoái đi chợ này lắm nè,Enjoyment,0
tiếc cho mối tình ấy ....,Sadness,2
nhanh bất ngờ đấy,Surprise,0
tao cũng phải về mở cho mẹ tao coi 😂😂,Enjoyment,0
hơi bị nhanh trí :)),Enjoyment,0
giun này mà xào thêm ít xả ớt thì tuyệt cú mèo 🤣,Enjoyment,0
cưng xỉu ??,Enjoyment,0
"ngày trước cái thằng ngồi cạnh nhờ nó né cái mông để lấy cái bút dưới bàn nó nó đéo né . cuối cùng nó phải lên phòng ý tế băng đầu ( lớp 1 🤣) "" tôi đã nợ chàng trai ấy một cái "" đập đầu "" ""🤣",Disgust,3
êu tự ý đụng chạm vào người khác đã là vô duyên hãm lồn rồi . nhất là con gái . bọn này ý thức như đách lol,Disgust,3
nhớ tới mối tình đơn phương !,Sadness,2
dã man quá ..,Fear,1
"nhẹ tay quá phải hơn nữa , may mắn là nó chưa cắn ai hay làm gì ai",Disgust,3
per ly trà sen của anh đem qua có ngày nó thành như v đó 😭😭 hức hức ...,Sadness,2
chẳng bù tuổi thơ tao đi học toàn gặp mấy thằng ông nội mắc thần bố . gặp mặt tao là đánh với bắt nạt tao có trò mới là bắt tao ra thử trước bà mẹ nó :))) cái phường bất lương,Anger,4
per my nè kkk,Enjoyment,0
may không có ai trong nhà,Other,0
ngồi ăn mà 3 đứa cứ nhìn châm châm thế này sao nuốt nổi ??????,Other,0
có gì vui không nhỉ,Other,0
gắn bó thời sinh viên nè,Enjoyment,0
"thôi mày đừng saolol , hoang tưởng thâm niên à , nó mở mồm ra cái là nó đào cả họ hàng mày nên nó chửi cho biết mặt . nhìn lằm nhìn lốn 😒😒",Disgust,3
"haha dần dần phải kiềm chế , khắc phục sẽ không đáng sợ không bằng vũ lực hành động mà nói đâu chết đó :)) kaka",Enjoyment,0
vì mình chỉ là giờ giải lao trong một hiệp chơi chính của họ,Sadness,2
sợ thế,Fear,1
hihi mắc cười quá,Enjoyment,0
"per anh không nặn đi , mai mốt nó sẽ chaii dầy nè hihii :)))",Enjoyment,0
bn tao vẽ đẹp vãi nhưng nó lại mắc bệnh lười nếu nó vẽ thì nó sẽ vẽ he .. n .... tai :v,Other,0
đi chơi còn bỏ quên cả não ấy,Disgust,3
hú hồn chim én :) nào làm ra này chắc cũng ngáo dữ :) chắc add không sợ nhện :),Fear,1
yêu dã man kkk,Enjoyment,0
"đất nước bao nhiêu khoản phải tri trả , nhưng phải trả cho một đám cổ động viên quá khích thì quả là không đáng , các cụ đã bảo mọi sự ngu dốt đều phải trá giá bằng tiền mặt , bảo dân trí thấp lại tự ái :))",Disgust,3
"chỉ là nghe bạn nói , chẳng thấy bằng chứng đâu",Other,0
"hành nó đưa đèn ông sao lên nữa chứ , ác vãi , ta nhớ lại còn cay ?",Anger,4
đẹp trai mà bị đá à =)),Surprise,0
kiểu định share vì thấy tinh thần khá hơn nhưng đọc bình luận xong kiểu nhiều đứa còn tiêu cực hơn mình :<,Sadness,2
đắt quá thôi không ly hôn nữa,Other,0
thôi tốt nhất đừng có diễn . nể nhất mấy bố giả vờ khóc xong ôm ôm lợi dụng rờ mông con gái nhà người ta,Disgust,3
"gặp cái này "" sun "" mẹ nó vào ... :))",Fear,1
"chuẩn . tao mà chơi hoặc làm việc cùng bọn con gái tính công chúa một thời gian thì tao ngày nào cũng sờ troét , sau đó bị trầm cảm .",Fear,1
bé có năng khiếu làm cô giáo dạy văn ... nghe thì nghĩ tục nhưng đời thường là có thật ... bác nghe thấy đồng cảm với các cháu,Sadness,2
nhưng mà người khác nhìn vào bảo thế là lẳng lơ,Disgust,3
nhìn 2 đôi giày đó mà nói 1967 .... thôi thôi !!!!,Other,0
chẳng ai biết và riêng mình càng không muốn biết !,Other,0
"per đoạn thằng kia tán trái sầu riêng , không trượt phát nào 🤣🤣",Enjoyment,0
đấm cho liên tục vào mồm đéo trượt phát lòn nào cả =)),Other,0
bài lồn đó nghe hãm vãi đéo hiểu sao lại thích,Disgust,3
per giống câu chuyện anh kể hôm bữa qua ha ... con chó này 3 lanh thiệt ak ...,Surprise,0
bạn khốn nạn,Anger,4
t mới tính tới bước thất bại chưa tính tới thành công :)),Sadness,2
còn buồn hơn là cố quan tâm thế nào họ vẫn không hề rep lại,Sadness,2
h chỉ pk nhìn họ bên người khác :((,Sadness,2
tao cũng vậy nè . lắm lúc đi với chồng mà cứ hỏi bên này bên phải nhỉ bên này bên trái nhỉ . mệt mỏi,Sadness,2
"66 năm không làm việc nhà giúp vợ hoặc có làm thì cũng phát được , phát không",Disgust,3
buồn cười 😂😂,Enjoyment,0
cãi tay đôi luôn hahhaa,Enjoyment,0
cứ mỗi lần cắt tóc xong tao lại thấy biết ơn bố mẹ vì đã sinh ra tao đzai vãi :))),Enjoyment,0
buồn nào rồi cũng sẽ qua chỉ có buồn ngủ không tha ngày nào thôi,Other,0
per =))))) đúng kiểu sáng tạo :)),Enjoyment,0
"cắt cái tai vứt mẹ cho rồi , gớm chết mẹ",Disgust,3
"ai nói kết có hậu , đầu khấc mất vợ tương lai kia kìa",Sadness,2
"hồi trước nghe câu : "" gái ham tài , trai ham sắc "" nên cố học hành cho nó ham , ai ngờ giờ mới biết nó ham tài sản chứ không phải tài năng .",Disgust,3
thế giới này thật đáng sợ :3 trả đĩa bay cho tôi về đi :3,Fear,1
per đã thích phá game còn thích hổ báo,Disgust,3
"thật ra nó không quên đường về nhà đâu , nó muốn đi bụi thôi",Other,0
t có 2 con bạn thân nó thì cao trọc trời còn tao thì ... . buồn,Sadness,2
đmm cái quần ngàn thu,Disgust,3
per bài của anh luôn nè,Other,0
nhưng liệu như vậy sẽ dễ dàng để người khác xen vào không :),Other,0
xin lô ̃ i chư ́ tao te ́ ma ̀ thă ̀ người lz camera quay câ ̣ n mă ̣ tao như thê ́ thi ̀ tao đe ́ o đa ́ không đâu,Anger,4
em này xinh vãi các bác ạ .,Enjoyment,0
thì ghi bằng tay phải cho nhanh,Other,0
đáng iêu vãi =]],Enjoyment,0
anh tây nói tiếng việt giỏi thiệt .,Surprise,0
có người đến gần cuối đời rồi vẫn còn khổ ! :(,Sadness,2
mày xuống thì xuống mẹ mày đi . ngứa cả mắt 😩😩😩😩😩,Anger,4
phim này hay dã man luôn - có ai biết phim nào kiểu dạng này nữa o 😍😍😍,Enjoyment,0
"dume về bố lại táng cho bờm đầu , có thể là lần cuối được đi xem đá bóng của cháu nó :))",Disgust,3
làm như đứa con gái nào cũng ham tiền . gái tốt thíu gì,Disgust,3
"khuyến cáo "" đừng nên học võ khi không có tiền mua dụng cụ "" per",Other,0
hết muốn ăn luôn,Disgust,3
vợ chồng đã hiểu và sống tốt . thì với tôi ngày nào cũng là ngày tao / y .,Enjoyment,0
gặp bố bố tung phát chụp cây dù bố xiên cho cái đừng hỏi sau tức nước thủng mắt,Anger,4
tha cho cô chú đó đi,Disgust,3
"những người trẻ với tấm lòng nhân hậu , các bạn thật đáng yêu .",Enjoyment,0
nghe cũng đúng đúng :)),Enjoyment,0
chuẩn,Enjoyment,0
"trung thu là tết thiếu nhi , yêu đường gì liên quan ở đây .. gấu với chả bò",Anger,4
waooooo . hợp lí ghe,Enjoyment,0
nhìn thôi đã đau lòng,Sadness,2
ở miền nam nó vẫn không được giá như trước nhưng cũng dư giả,Other,0
per sợ nhện đúng không :)),Fear,1
per sau khi cưới,Other,0
"per bắt được chắc nó mềm xương , chơi mất dạy 😔😔",Anger,4
con này không có cái quần nào mặc cho đàng hoàng 🤦‍♀️,Disgust,3
mấy nay tao cũng bị ám ảnh,Fear,1
"có lần tao thổi cơm không đổ nước lúc khét mở vung ra mới biết , làm đánh đít xong cả tiếng trời không hết",Sadness,2
nhưng đảm bảo coi cái nào là cười sặc cái đó :)) vì nó diễn tệ đến nỗi nó hay,Enjoyment,0
"đúng rồi , tưởng vậy nhưng hóa ra không phải ...",Other,0
dăm ba cái nồi này sao nấu ngon bằng cơm điện nhà tao được . kaka,Enjoyment,0
"phải người vô ý thức , đành rằng người ta làm kiếm tiền nghề gì cũng là nghề mình phải biết tôn trọng người khác , có tôn trọng người thì người mới tôn trọng mình . kể cả người ta đi ăn xin mình cũng cho đoàng hoàng chứ không thể cầm tiền quăng cái víu vào người ta được",Disgust,3
rồi các em cũng ăn cứt thôi :)),Disgust,3
ukm . nguy hiểm thật :'<,Fear,1
quá độc ác,Disgust,3
per tao đã làm cho mày đau lòng nhiều lắm ư 🤔,Sadness,2
đi tù thôi các cháu,Disgust,3
"ghê tởm , ông thầy đó 🙄",Disgust,3
"mày đúng là nên gặp bác sĩ tâm lý , và hoàn toàn nghe theo bác sĩ",Other,0
đm tao biết trước cả sự việc kiểu lìn gì cũng có nhện nhảy lên màn hình . vì mấy năm trước cũng có 1 thể loại giống như vậy . đm hú nhồn,Fear,1
đôi khi công việc không áp lực .... nhưng chính môi trường làm mọi thứ trở nên áp lực,Other,0
hỏi lồn gì lắm thế,Anger,4
bài này hay quá,Surprise,0
hồi đó tao lấy cái đó kẻ tập luôn kiểu làm màu mè cho đẹp xong lên trả bài bị bà cô trừ điểm ????,Sadness,2
"giơ cao đánh khẽ , cảnh cáo cho có lệ",Anger,4
tao thầy mày cười hí hửng vại mà ?,Enjoyment,0
gần 1h đêm là con trai mà xem xong nói chuyện mắt vẫn rỡi 😔😔,Sadness,2
mới có 3 năm thôi mà ... vậy mà chúng ta còn không tụ họp được lần nào cả,Sadness,2
những người như thế này tử hình,Disgust,3
ngôn tình từ anh mà ra,Enjoyment,0
đm phí hết sức :((,Disgust,3
🙁 bị rớt tiền,Sadness,2
"tôi kể các bạn nghe 1 chuyện có dính 1 tý với caphe tn : chuyện thế này ba vợ tôi có 1 người bạn rất khó khắn nghèo và đang trốn nợ , ba tôi cho ông chiếc xe máy củ để đi xe ôm . vợ chồng ông bạn này bỏ quê trốn nợ lên tây nguyên làm công cho nhà máy caphe tn trong 4 năm học được nghề làm caphe và sáng lập caphe tuấn kiệt caphe công thức y chang tn bán hợp lý hơn ! ngày nay ông chủ tuấn kiệt đã là 1 đại gia có nhà máy ở sốc trăng , ông ấy đi tìm và trả nợ từng người ơn của mình ! mổi lần ba tôi lên sg ông đều cho xe tới mời ba tôi đi ăn nhậu ! trong lúc ngà ngà ông ấy nói "" em chả bao giờ uống caphe của em làm , tn cũng vậy "" thế đó",Disgust,3
mong mai sau cũng được như ông bà,Enjoyment,0
nó ngáo đá . nay nó leo cột điện . mợ cứu nó xuống mai nó làm vài mạng người,Disgust,3
nó cười với người khác chứ * beep * phải tao :((,Sadness,2
xem lại quá nhiều lần đến nỗi không nhớ nổi . vì phim quá hay và ý nghĩa .,Enjoyment,0
ahihi khá là buồn cười,Enjoyment,0
t ngắm người yêu tao cười mà càng ngắm tao càng yêu lúc giận cơ nhìn muốn cắn cho mấy phát tao bị cuồng người yêu rồi cái,Enjoyment,0
đừng có xàm lồn trên này,Disgust,3
gặp tao tao thuê giang hồ tới chém hết cả nhà nó luôn,Anger,4
"địt mẹ mày viết lên chỗ nào nước đéo tới ấy , ngulon",Anger,4
"những thứ tưởng chừng như rất đẹp nhưng kbh được trọn vẹn , cuối cùng để lại chỉ là những kỉ niệm đã từng :))",Sadness,2
"ba chàng ngốc , phim ấn độ , cực hài , cực cảm động và ý nghĩa nhé",Enjoyment,0
"1 bộ phim phải nói trên cả tuyệt vời , xem đi xem lại cả chục lần rồi mà không ngán",Enjoyment,0
bây giờ tao lấy chồng rồi còn không có cơ hội ngủ với em gái 😫,Sadness,2
cái mặt cưng xĩu,Enjoyment,0
per đây là chúng mềnh 🤪🤪,Enjoyment,0
ngu như mày thì khỏe,Disgust,3
không biết có ai ở trong ngôi nhà không,Fear,1
hình như cũng mới có vụ bể bình dâu tằm,Other,0
tao bị biến dạng luôn một tay,Sadness,2
mai đi học mà mình quên cách cầm bút rồi huhu :<,Sadness,2
chời ơi gì vậy ở giây thứ cuối cùng anh em nha :))),Surprise,0
nó chi ̉ muô ́ n tâm sư ̣ chư ́ thi ́ ch me ́ o đâu ma ̀ thi ́ ch,Disgust,3
per mỏi chân quái :v,Sadness,2
"đúng là không sợ địch mạnh , chỉ sợ chỉ huy ngu như bò",Disgust,3
về việt nam thì gọi nó là ngáo chó,Disgust,3
per con nhện cản bước bé xuống cầu thang =))))),Fear,1
cả 2 loại người này đều đáng sợ !,Fear,1
đm cười ĩa,Enjoyment,0
per hôn nhẹ lên má nha 🤣,Enjoyment,0
"có lần ba tao mua bánh kem sinh nhật cho tao , lúc đấy tao 13t nhưng khi ba tao mua về thì lại là 15t 😶",Sadness,2
con dựt gái đây sao hahaha,Enjoyment,0
hot đến vậy cơ à ? mình chưa nghe bao giờ luôn .,Surprise,0
"cả thế giới biết toau crush mày , còn mày thì íu nhận ra 😐",Sadness,2
vô ý thức,Disgust,3
"cưỡng hôn 200 nghìn , thu trăm tỷ phạt 5 triệu , đói trộm 2 cái bánh mỳ 45k phạt đi tù",Disgust,3
chính xác ! nơi làm việc anh em mà đoàn kết với nhau cỡ nào cũng thấy mau hết giờ làm . 😊😊😊,Enjoyment,0
phim cắt mất đoạn hay của manga rồi dume,Anger,4
đang ăn . nói nói con cặc 😒😒,Anger,4
tôm này vào là nó diệt hết tôm bản địa luôn,Other,0
"bởi vì anh đã gặp em đúng lúc , đúng lúc đó em đã có người thương ...",Sadness,2
tại sao phải đứng ngồi nhìn ? lên bankon cột võng nằm coi mới đã ..,Enjoyment,0
"loại bi này ngon quá , vừa uống",Surprise,0
10 đứa bạn thì có 9 đứa là con trai rồi . sau nhiều năm kinh nghiệm thì chơi với nhiều trai thì sẽ bị ế muôn đời muôn kiếp . haizaaa ...,Sadness,2
"xem đi xem lại không chán , best của best 😭",Enjoyment,0
tán mãi mới đổ muốn chia tay cũng phải từ từ,Other,0
"gấu của thằng da đen ngon vkl , mà công nhận chạy nhanh vãi",Surprise,0
đag bị cuồng mấy video của chế này . ai có ngoài video này tag cho mình xem với nhé 😂😂,Enjoyment,0
học rmit thì chắc chắn là gia phả nhà nó giàu vcd rồi . thế thì chọn thằng có tiền học bổng chứ còn gì nữa -)),Other,0
tại sao không áp dụng khoảng 2 điều 320 luật hình sự 2015 phạt tù từ 3 - 10 năm về tội hành nghề mê tín dị đoan gây ảnh hưởng xấu đến an ninh trật tự và an toàn xh mà chỉ phạt con mụ đó 5 triệu đồng ? hay là vong đòi phạt hành chính 5tr thôi 😬,Disgust,3
per hình như nhà bác có 01 chiếc thì phải ?,Other,0
soi mà không đủ tiền mua thì soi làm gì,Disgust,3
làm sao tôi có thể yêu được loài người đây ???,Other,0
trong nhà không biết có ai không nữa ? sập quả này sợ thật đấy,Fear,1
toàn lũ chó thèm khát,Disgust,3
per nhu cầu của mày khoái xem mấy video này nên tao tag mày,Other,0
và cuối cùng là được đối xử như một thằng con trai luôn ..,Sadness,2
chỉ tại nó không có ai để nói chuyện nên nói chuyện với mày giết thời gian thôi . ai bỉu mày tưởng tượng chi,Disgust,3
sao nhiều thằng cưa bàn giống tao vậy ??,Surprise,0
ngày trước mình qua singapore cũng vậy . dư hành lý 2 chi em mă ̣ c 4 bộ lên người kkk,Enjoyment,0
tuổi lồn hù được bố m,Fear,1
per kìa 3 chị em vào mà hốt hàng về đi chứ hâha,Enjoyment,0
"ngày xưa có đĩa phim này . bố đi công tác về thấy cái đĩa tên là "" cô dâu 15 tuổi "" . má ăn chửi sấp mặt ...",Sadness,2
may mà còn gỡ lại được 1 miếng sắt lớn của tàu hỏa nó bung ra nên bán đi cũng đỡ được vài đồng . kaka,Enjoyment,0
cười lộn ruột,Enjoyment,0
chờ thằng kia lật mặt mãi không thấy,Other,0
thật ra đàn ông ghen nhiều hơn phụ nữ đấy chứ,Other,0
rất có tố chất . liên đoàn xe đạp việt nam có thể liên hệ để đào tạo được đấy,Enjoyment,0
nhắn với người yêu còn đéo nhẹ nhàng như vậy =)),Enjoyment,0
chơi khăm vãi thế ba,Disgust,3
tớ chỉ an ủi bạn í thôi mà :(,Sadness,2
cha mẹ cho ta cả cuộc đời rồi còn than gì nữa,Disgust,3
alo ở đây có thằng điên mày à . đến bắt nó hộ tao phát,Disgust,3
thích bài này lắm lun . thuộc lun,Enjoyment,0
nhìn mày thế kia đến tao còn thích ngủ cùng huống gì em mày,Enjoyment,0
"per hihi học ở đâu không quan trọng , quan trọng là bọn mình luôn có nhau hihi",Enjoyment,0
lúc đi họp lớp thì đếu thấy ai,Other,0
gặp em đúng lúc nhưng sao anh vẫn thấy mình cô đơn quá .,Sadness,2
mua được bộ đồ cho tết điệu đà tán gái mà như thế nào đây thì tán sao được,Other,0
chua cay bùi ngọt mặn cái chả có .,Other,0
nó lại dễ con ạ :v,Enjoyment,0
chi tiết đẹp đấy,Surprise,0
"đm đi học bị mấy con điên này đuổi cắn , dume vì nó mà tao sợ quá chạy té sấp mặt luôn trầy hết con mẹ nó tay chân . thứ dòng đỹ gì đâu á :))",Other,0
"bếp lò xô nấu bằng dầu hôi đây mà ,!",Other,0
per dume đái trong quần,Fear,1
"người ta dùng kiến lá , ông lại dùng kiến cứt thì thua ông rồi",Disgust,3
rớt giá kinh khủng khiếp huhu,Sadness,2
mai đến phòng đi tập luôn,Enjoyment,0
per bây giờ thì không nói nhưng mà cảm giác phủ nhận vai trò bà thảo ngày xưa . vl không chị đọc thấy viết khập khiễng quá :))),Disgust,3
aw giống tao vậy =))) mấy thứ linh tinh tao còn để nguyên vào 1 cái hộp bự cơ,Enjoyment,0
🤣🤣🤣🤣 bo tay chấm cơm . hahaha,Enjoyment,0
giờ mới biết,Other,0
cmt thế thôi chứ thật ra còn trả dám ấn vào video để xem . đời tao tởm nhất là lũ nhện mà hay gặp vãi :((((,Fear,1
cái loại ngu si này nên nhốt nó tù chung thân lao động công ích cho nhà tù để giúp ích lại những cái nó đã phá hoại,Anger,4
mẹ con điên,Anger,4
tuyệt vời . aeon mall có khác,Enjoyment,0
loạn luân cũng được . đcm ạ,Disgust,3
tội cả con quá 😭😭 một lũ vô nhân tính đã hủy hoại những mầm non tương lai .,Sadness,2
là con bé con điên khùng và phiền vãi nhưng bạn vẫn yêu nó vãi chưởng :)))))),Enjoyment,0
mịa thằng ghép nhạc :)))),Disgust,3
chợt nhớ câu hát ông bà anh yêu nhau thời chưa có xe hơi ...,Other,0
thôi ctay đi chứ yêu con người như này chả chết vì bệnh mà chết vì vô tâm mất,Disgust,3
per người đừng hành hạ tuôi như thế nào nữa,Sadness,2
lạc quan lên cưng ❤,Enjoyment,0
cách xử lý của cô chủ nhiệm quá tồi .,Disgust,3
bọn chủ tịch đến chưa chúng mày ?,Other,0
giống tao nhưng tay trái tao có thẹo do mẹ tao xưa cắt trúng nên nhìn thẹo để phân biệt thôi chứ kêu phải ứng liền là không được,Other,0
vào sg 50k / không cũng mua . 100k / không cũng mua ! ha ha,Enjoyment,0
nó lại hợp lí vãi,Enjoyment,0
"quỳ vậy thôi có gì mà phạt giáo viên nhỉ , riết phụ huynh giờ thấy làm quá đáng thiệt",Disgust,3
lớp tao tỉnh rụi . đi học chứ có phải đi chết đéo đâu mà khóc lóc :),Disgust,3
ngày xưa mỗi lần tao làm ồn là ngoại tao liền la hoặc lấy roi đánh 😅 nhưng lúc đó vui lắm 😊,Enjoyment,0
"em cũng đi lead này , nhưng đừng gọi em là ninja được không , xin luôn đấy",Sadness,2
tự nhiên nhớ cái cảnh 2 con bánh bèo bị ngỗng dí quá 😅😅 per,Enjoyment,0
thề nhìn họ hôn nhau thôi mà nổi hết gai ốc . chưa dám nghĩ tới xxx . chắc thốn lắm . lạnh sống lưng thật .,Fear,1
dù s đi nữa thì mày vẫn xinh . cố lên,Enjoyment,0
sài gòn vẫn có cách sống rất nhân văn .,Enjoyment,0
đi ngoài đường trái phải còn không biết mà vẫn sống thì giỏi đấy nhỉ,Disgust,3
thật vi diệu,Enjoyment,0
nuôi sao mà trông béo tốt thế kia :v chỉ bí quyết đi,Other,0
agribank thì bình quân bao nhiêu nhỉ . mấy cán bộ agri thấy hách lắm .,Disgust,3
ly hôn kiểu này thì không cần tới bước cuối cùng . chỉ cần tới bước tính xem trả lại tiền mừng là tao bỏ ngay ý định ly hôn luôn rồi ... kkkk,Enjoyment,0
"nhìn mặt đã thấy hãm , mọi người chửi bỏ mẹ con mẹ phụ huynh đi",Anger,4
mày không được ăn đồ chua nhưng phòng toàn xoài chua :(,Sadness,2
per bày đặt ngày hôm qua đã từng đồ,Disgust,3
sau khi bố xem video của con xong thì bố rút ra 1 điều . bố không chỉ chửi con lúc con cầm đũa mà bố sẽ chửi con cả ngày thân ái ... yêu con,Enjoyment,0
có đứa nào hồi bé không biết nấu còn tranh làm rồi quên không đổ nước như tao không :))),Sadness,2
đỉnh của đỉnh 🙂,Enjoyment,0
các bác cứ tích cực vào . em chả quan tâm,Other,0
ở việt nam mà vác dao rạch tại chỗ thể này người nhà nó chả đấm cho sưng mõm rồi 🌝,Disgust,3
"trung thu là ngày cho trẻ em chứ đéo phải ngày tạo ra trẻ em nhé . dume bọn có gấu tém tém lại , kiểm tra xem có thêm cái sừng nào không ?",Anger,4
per tao nghĩ nên triệt sản mày,Other,0
"rẻ nhỉ , sao có thể giảm tới mức đó vậy ta",Surprise,0
"có rồi mà , nghén rồi nè hihi",Enjoyment,0
qtrong là mày phải có tiền chứ nghèo xem,Other,0
anh đừng bỏ em đi mà 😢,Sadness,2
người ghép có tâm 😁😁,Enjoyment,0
per hôm nào chụp kiểu nhỉ .,Other,0
"per bất hạnh vãi , mà tao với mày đéo tạo được niềm vui :v",Sadness,2
gu âm nhạc óc chó mới nghr cái bài này . toàn đú theo mấy cái thể loại hãm,Disgust,3
mỗi năm cũng xem lại đôi lần,Other,0
per cảm ơn mọi người . do em thích mấy cái văn hoá tưng vùng để tìm hiểu,Enjoyment,0
hu hu đã bị chụp,Sadness,2
con này bán kem bôi não ... xóa bỏ nếp nhăn .. khiến não láng mịn 😌😌😌😌,Disgust,3
ngu không chịu được,Disgust,3
per hồi ở tam kì hay nghe ... giờ nghe lại buồn ds,Sadness,2
bạn gái nào xinh xinh mà bị lạc thì vào nhà mình cho ngủ nhờ này . ??,Enjoyment,0
huhu sợ vãi luôn á,Fear,1
hỏng rồi . dùng đồ như phá,Disgust,3
"chỉ có bạo lực mới giải quyết được bạo lực , tao mà làm luật tao sẽ hạ tuổi người lớn là 13 tuổi , đem nó lao động khổ sai 10 năn",Anger,4
tao nhiều tài lắm .. nhưng tài sản còn cái mạng què và đôi tay trắng 😭😭,Sadness,2
có ai bịt loa như tao không 😁,Other,0
"mấy thằng dẫn gấu đi thì tránh xa đám đông ra nhé , đừng chen đẩy kiểu bố láo , thằng đẩy tao đã bị xơi cùi trỏ rồi đấy ,",Other,0
nhìn là thấy nóng rồi,Other,0
"làm con người còn sức khoẻ , còn lành lặn mà vác mặt vào ăn cơm từ thiện thì chết con mẹ nó đi cho đỡ chật đất , cơm này dành cho những người không còn khả năng lao động , hoặc vô gia cư và hoàn cảnh quá khó khăn thôi",Anger,4
tự hỏi rằng những bạn nữ như thế nào thì họ có còn thích con trai không nhỉ 🤔,Other,0
cặp phụ lúc nào cũng đáng yêu .,Enjoyment,0
pháp không còn khoảng thời gian bình yên nữa rồi,Sadness,2
con ước mình cũng có 1 tình yêu đẹp như ông bà vậy < 3,Enjoyment,0
cô giáo là người nhà của mấy đứa đầu gấu à =))))),Surprise,0
"tôi cũng thấy điêu điêu , nét chữ này của người lớn mà . chí ít cũng phải cấp 3 rồi .",Disgust,3
phải con tao tao cho cả lũ chó cụt tay hết !,Anger,4
cưng chết,Enjoyment,0
con gái hiện giờ .. nấu kiểu này thì thôi xong ... cháy luôn cả nhà 😂,Other,0
"per đường đi về anh ợ , ô tô chắn hết đg chả đi được ??",Other,0
ghê vậy,Disgust,3
nếu không có khúc cua cuối thì video này ý nghĩa đó chớ 🤣🤣,Enjoyment,0
dễ thương . cứ yêu đi ngại gì .,Enjoyment,0
hay lắm :))),Enjoyment,0
dume con ế đọc tổn thương sâu con mẹ nó sắc :((,Sadness,2
chắc ông này không có vợ :)),Disgust,3
coi phim này không .. dễ thương lắm ..,Enjoyment,0
đúng vậy . haha,Enjoyment,0
tại sao cứ đa số là trèo cột điện với mái nhà nhỉ . ai giải thích mình với ??,Other,0
lâu lắm rồi mà gio mới xử phạt,Anger,4
đáng yêu quá,Enjoyment,0
tuần sau nữa mới học =))),Enjoyment,0
"per sợ chưa , ông bác hơi bị cứng nhé :))))",Enjoyment,0
"phàm là việc đại sự trong thiên hạ , cứ về hỏi vợ . vợ bảo sao thì làm ngược lại . ắt thành công !!!",Other,0
bọn hại người không gươm không dao . bọn tiêu diệt nguồn lực tương lai của dân tộc . nên đưa tội thực phẩm bẩn vào khung tử hình đi . mong nhà nước thay đổi một số luật định đi .,Anger,4
per bữa nào làm thử mày,Other,0
cần 1 thời gian dài thật dài nữa thì ý thức mới đi lên được,Other,0
"trên đường tao đi làm cũng có 2 con , mỗi lần chay tới là nó vương cổ ra như kiểu muốn hút tao trong khi tao không làm gì nó , cứ mỗi lần chạy tới là tao cách ly cả "" nghìn mét "" với nó , thấy nó sợ bỏ mẹ . đúng chất con ngang",Fear,1
đội nào cũng xứng đáng hơi tiếc cho per,Other,0
:))) có thật nhiều tiền là vui,Enjoyment,0
"anw , vote cho anh vũ",Enjoyment,0
ý là giọng quê tao đó hã,Enjoyment,0
tao thì ngược lại .. cắt xong nhìn như thằng trốn trại vậy,Sadness,2
chúc mừng cp . cố lên cp .,Enjoyment,0
đáng tiếc đời không như là mơ . thực tế sẽ vả vào mặt cho mày tỉnh ra :(,Sadness,2
con cháu việt nam nhục nhã vãi,Disgust,3
những người thả phẫn nộ xứng đáng là thiên thần . dăm ba cái yêu đương vớ vẩn . ahuhuhu,Sadness,2
cíu tao khỏi hai tên đồng nghiệp bị crazy huhu,Fear,1
"thứ kém sang ngồi ăn ngay cạnh tao , có biết tao đang giảm cân không",Disgust,3
"điều đó không quan trọng , quan trọng là đéo xác nhận lời mời kết bạn",Sadness,2
rớt vô đây chắc chắc khóc tiếng thái lan,Fear,1
vì có mối ngon hơn chứ saoooo :(,Disgust,3
per đó đi chơi nhiều dô hỏi sao da đen -.-,Other,0
t quá mệt mỏi với cuộc sống này rồi 😓,Sadness,2
"anh luôn nghĩ thế giới này không có gì đáng sợ , cho đến khi anh không còn thấy em nữa",Sadness,2
thế theo mấy bác lớp 5 thì viết chữ như thế nào ạ,Other,0
rồi mấy đứa chân ngắn đi chắc dập người hết . bay qua sao nổi =)))),Fear,1
"đi viện mà tưng tưng ăn uống được là tốt rồi , mừng mày sớm ra viện nhé cô",Enjoyment,0
mấy chị làm chung rất ư là dễ thương luôn,Enjoyment,0
em nó đây nha các bác . kkkkk :))))),Enjoyment,0
gớm . vi khuẩn vi rút vi trùng vi lung tung beng nấp hết trong đó nhìn nổi da gà .,Disgust,3
xây làm tưởng xây cái chỗ ỉa chứ,Disgust,3
không hiểu tại sao bản thân có thể chịu đựng được,Surprise,0
ghê quá đi,Fear,1
đem con bọn mày đến đây tao cho ăn cơm mốc rồi cảnh cáo tao rút kinh nghiệm thôi nha,Anger,4
tao không tin đâu hiccc =(((,Sadness,2
tao cũng hao mòn nhan sắc như này,Sadness,2
thằng nhỏ mạnh vãi,Enjoyment,0
lại là bài nhạc huyền thoại trong xe hơi :3,Other,0
mình thì # mình chỉ mong chồng tốt thương yêu vợ con gia đình ! gia đình lúc nào cũng vui vẻ hạnh phúc thì ngày nào cũng là ngày ( tình yêu ),Enjoyment,0
kiểu lâu lâu cũng không được nhắn tin cho ai như thế nên cũng muốn tình cảm xíu =)))) biết đâu,Enjoyment,0
nó quan tâm mày là lúc nó cô đơn quá và mày vô tình đi ngang đời nó thôi,Disgust,3
per nhớ ghê á nha 😂,Enjoyment,0
nơi ấy giữ lại những kí ức tuyệt vời,Enjoyment,0
mày xây luôn đi chắn biển cho tao . xây xomg muốn viết lồn gì thì viết,Anger,4
vậy mà trên đời có 1 loại cha vứt bỏ con mình .,Disgust,3
chia buồn cùng nước pháp,Sadness,2
ma thì làm sao đáng sợ bằng vợ hả người anh em thiện lành ??????,Disgust,3
quá tuyệt vời rồi các chàng traiiii,Enjoyment,0
ngây thơ vãi =)),Disgust,3
t chỉ có 1 năm thôi cũng phát ngán lên được . đúng là không đi làm ở nhà mang danh kẻ ăn bám,Disgust,3
đoạn cuối hình như nó khóc,Sadness,2
đừng bao giờ chơi trò giận dỗi với lũ con gái :)),Other,0
"per như một cú tát vào mặt , đau lòng quá đi",Sadness,2
địt mẹ vừa đi ép lại kính xong giờ tan con mẹ nó cái kính rồi 200k của bà mày đấyyyyy !!!!!,Sadness,2
"trừ khi đường có biển cấm dừng đỗ thì mới không được đỗ , còn có phải phố nào cũng kẻ ô cho ô tô đỗ đâu",Other,0
dume mệt mỏi thật sự,Anger,4
cũng có nơi gia đình khá giả mới có nó !,Enjoyment,0
bởi đi mua cái gì cũng phải chọn chỗ uy tín,Other,0
"chơi game :v cấp 2 trộm tiền bố mẹ đốt gần 10tr vào game , cuối áy náy không chơi nữa nên ngồi bán nick được khoảng 2tr cũng gọi là thu nhập đầu tiên :v",Enjoyment,0
per bây giờ thì không nói nhưng mà cảm giác phủ nhận vai trò bà thảo ngày xưa . vl không chị đọc thấy viết khập khiễng quá :))),Disgust,3
tôi đang ngủ mà ai cứ ăn chóp chép kế bên khó chịu thật !!!,Disgust,3
sao đi cắt tóc mà mắt nó từ đen sang xanh luôn vậy ?,Surprise,0
"ở mình bà đéo ông đéo nào cũng muốn dậy đưa giỏi , đứa ngu hay nghịch tý là ông bà ý làm ầm lên .",Anger,4
đã biết là thế nhưng không còn cách nào khác :(,Sadness,2
đống góp ý kiến gì mà tằm với tàu không hà,Disgust,3
mua con lợn 5 chục lì xì được có 40 nghìn mất thời gian tốn cả tiền bạc 😂,Sadness,2
"nhớ lại ngày đó , làm pg bán giấy , cười suốt ngày , khách chửi cũng cười , mà nhớ thời đó ghê , mới 1 , 2 năm chứ mấy",Enjoyment,0
người ta đá hay bảo ăn đòn thằng admin ngu lol,Disgust,3
8h sáng mấy bạn đi ngủ chưa ? sống theo giờ sao hoả hả má,Other,0
chỉ tại tôi không nói nên không còn cơ hội,Sadness,2
cái mặt xinh quá,Enjoyment,0
"đang tính đi nhổ răng khôn ( à quên , nó ngu chứ khôn đéo gì ..) nghe được cảnh báo này chắc không dám đi nhổ luôn .",Fear,1
nắng cũng đã sắp tàn sao mà chả thấy em đâu ...,Sadness,2
ai mua thì bán không mua thì thâu 😂,Other,0
per đã nhẫn nhịn lắm ... đến khi con sen tao cứu tao thì tao đách có sợ đâu nhaaaaaaaa 😂😂😂,Enjoyment,0
"chời ơi , bé gái cưng muốn xỉu . bạn nữ nào kết hợp sx em bé hơm ?????????????? :))))",Enjoyment,0
bài học rút ra là học cách buông bỏ những thứ không thuộc về mình,Enjoyment,0
per cách gì thì kệ mẹ tao,Anger,4
"công nhận ổng nói tiếng việt giỏi ghê lun ,",Surprise,0
per đừng hỏi tao nữa,Other,0
được bác ạ !! cứ lấy vợ giàu là được tuốt =))),Enjoyment,0
cuộc sống mà =)),Enjoyment,0
page rẻ rách đĩ mẹ tao bỏ theo dõi súc sinh cận bả xã hội dcm 18 đời nhà mày :),Anger,4
bếp dầu chủ cái gì nữa,Other,0
per mở mắt ra đọc đi ! tao như này tất cả là do mày đấy chó ạ !,Anger,4
mợ không gọi công an phường đến cẩu đi .,Anger,4
ngã sấp mặt lồn là có thật,Surprise,0
do mày để gián ngay cửa nó không dám vào nên khóc thôi,Other,0
đồ phá hoại,Disgust,3
per xem câu chuyện hư cấu này giết thời gian này 👏,Other,0
buồn hơn khi tôi còn là gái 🙄,Sadness,2
phim như shits ức chế như lien quan trẻ trâu,Disgust,3
per bữa cuối nó ngồi chỗ đó nhìn mà khóc còn cuối khoá thì bth haha,Enjoyment,0
dume cười vãi luôn trời :)))),Enjoyment,0
ở chỗ khác chắc gì có đứa béo như mình !,Enjoyment,0
per đừng ảo tưởng nhé,Disgust,3
thật sự đọc xong thấy hơi rưng rưng,Sadness,2
bọn mấy bà thì quyền lực vãi rồi,Other,0
"sướng nhờ , bên trung chúng nó yêu nhau toàn sống chung . 😂😂😂 toàn richkid :>",Enjoyment,0
đứng dưới cây này chỉ sợ ngột vì mùi hoa sữa 😂😂😂,Fear,1
ngôn ngữ gì ngộ nghĩnh vậy,Surprise,0
ở free được lun hả 😮,Surprise,0
có ai thấy giống người đẹp 9p không ?,Other,0
em ghét nhất loại này . dính vào điểm mù của xe to thì ăn cức cụ ạ .,Disgust,3
"buồn cho những ai thờ ơ , vô cảm trước một sự việc như thế .",Sadness,2
"aaaaa con nhện 😨 "" aaaaaaa con ế !"" - nhện said 😂😂😂",Enjoyment,0
"hahaa , đợi em ngủ chút tí ròii buôn :))",Enjoyment,0
móe mình chưa gặp cảnh này chỉ có dọn bánh kem bọn ném nhau dính lên mọi thứ hòa với bãi nôn thôi 😱😱😱,Disgust,3
nhớ con gái tao quá :((((,Sadness,2
minh tu nguyen thuận phạm quan trọng đồng nghiệp có hợp phong thuỷ với mình hay không hâhhah,Enjoyment,0
tuổi thơ cũng từng trải qua nhiều lời cay nghiệt hơn vậy .. nên c hiểu được cảm giác của em ..,Sadness,2
sợ vãi tè ăn độc 2 quả mọc luôn 2 cái nhọt ở mông đíu hỉu,Fear,1
"per một thời mình ở bên nhau 😘😘😘😘, nhớ ghê",Enjoyment,0
chỉ vì tin “ nó không cắn đâu ” mà tao đã bị “ nó ” cắn 2 lần rồi . dume,Anger,4
hi vọng hòa bình ở triều tiên sẽ không còn xa nữa . goodbye ! # per,Sadness,2
"cái đáng nói là chủ không có thương , dòm em husky này ốm nhom , mắt lờ đờ thấy tội lắm",Sadness,2
thằng nào chưa bước vào quán bar hay karaoke giống tao không 😂 trai ngoan điểm danh 😄,Enjoyment,0
xinh mà còn ngáo nữa thì người yêu mới cưng =)),Enjoyment,0
mình đéo làm nhé bạn .,Disgust,3
"ai thì tao không biết , chứ tao thấy tiền là đã có động lực phấn đấu rồi",Enjoyment,0
":)))) cuộc sống mà . ngày càng thấy bản thân quá nhạt và "" duyên "" :v",Sadness,2
"moá nó , cười đau hết cả ruột",Enjoyment,0
sao con này mồm nó cứ rộng toang toác ra như thế nhỉ ?,Surprise,0
ý tưởng hay đáy chứ,Enjoyment,0
có thằng nào mắc cười không hay là do tao đéo có cảm xúc vậy vkl,Enjoyment,0
lại là án oan sai 😔😔😔,Sadness,2
yêu như trẻ con tập yêu ây .. có cái chúc sinh nhật mà nháo nhào lên cãi nhau,Disgust,3
tao quen rồi 😌,Enjoyment,0
có ai vào đọc bình luận trước khi xem như tao không ???,Other,0
tình yêu không bao giờ là mãi mãi . rồi cây cũng chết héo mà thôi khà khà,Enjoyment,0
"đúng là những đứa khốn nạn , có bán hàng hay không thì nói một câu",Anger,4
đéo tin gì cả 😑,Other,0
xem mà cuối phim thấy tội chị ma nữ 😂,Sadness,2
thương các con quá đi,Sadness,2
trung thu là tết thiếu nhi cớ sao người lớn lại vi vu thế nhỉ,Enjoyment,0
thời buổi bây giờ càng nhiều tiền thì cơ hội có việc làm sẽ cao hơn,Disgust,3
per xem đi haha,Enjoyment,0
per em hiểu sao anh đưa em quyển sổ rồi nha kkk,Enjoyment,0
em per gì gì đang hot đi làm lại ngực mà đi đoạn đường này thì ngải cứu :)),Other,0
quả quần tụt tận lỗ đít . đéo hiểu sao n có người yêu,Disgust,3
"cái này dùng con kiến to to mới có vị chua , còn cái loại kiến này làm màu không tác dụng gì",Other,0
trông đen đen bẩn bẩn nhìn phát khiếp,Disgust,3
đó là 1 câu chuyện buồn,Sadness,2
"con quỷ này hồi nhỏ tao khóc vì nó hoài , thấy nó không dám đi , bỏ đường phải vòng đường khác ,",Fear,1
phải chi có người yêu nhắn tin ngọt ngào như này,Enjoyment,0
nhìn mặt bé mèo khó ở ghê - _ -,Disgust,3
tao cũng có 1 con đi lạc 1 tuần xong nó về bắt cho tao 2 con chuột làm tao mất ngủ xong hôm sau nó đi tiếp 😞 tao mong nó về lắm 😞,Sadness,2
ác quá,Disgust,3
lâu lâu được nghe truyện cổ tích thấy còn niềm tin vào cuộc sống 🤣🤣,Enjoyment,0
tao lại thích chua lè chua loét chứ :))),Enjoyment,0
nó ảnh hưởng tới cơ thể như thế nào vậy ạ ?,Surprise,0
chúng ta thật hạnh phúc và luôn đi chung với nhau suốt chặn đường dài rồi đó nà ?,Enjoyment,0
như nó không phải là tình yêu . khi đã là tình yêu thì không gì đánh đổi nó cả . con gái kỳ lạ chỗ đó .,Other,0
t thấy dễ mà . không biết thì học khác biết . ez vãi,Enjoyment,0
"nếu không làm được thì nghỉ đi để người khác làm . đừng để vì mình mà làm ảnh hưởng đến uy tín , danh dự , nhân phẩm của chị em trong ngành . 😌",Disgust,3
"gia đình bọn này chắc cũng chả ra cái gì con cái mới thế , tội em gái bị đánh",Disgust,3
ôi cưng cưng quá,Enjoyment,0
dme thần đèn ăn theo tổng đài vtc à,Disgust,3
"đã dùng , nhớ quá ngày xưa",Enjoyment,0
đơn giản 🙂,Enjoyment,0
rủ được crush đi thì không cần qua đây nữa rồi admin ưiiii :(((,Sadness,2
tình cờ gặp nó và đột nhiên cắm mặt bỏ chạy như điên,Fear,1
vl bố tao đang ở đây mà chắc sáng mai mới về mất ??,Fear,1
căng thẳg quá mà,Sadness,2
"hồi bé đi mua xôi bị một đàn ngỗng đuổi 🙂 may mình đi xe đạp không thì ăn lol ** với chúng nó , cái thứ mất dậy 🙎🏻‍♀️🙎🏻‍♀️🙎🏻‍♀️",Fear,1
hồi năm lớp 8 lớp tao bị quỳ trước sân trường đây nguyên lớp luôn,Other,0
chân thành và giản dị . con yêu mến tình cảm của 2 cụ,Enjoyment,0
cố gắng lên cụ nhé !!❤,Other,0
nhốt hết mấy thành phần hát karaoke đấy vào sọt đi trời,Anger,4
"có tài nhưng đôi lúc muốn làm diễn viên hài 🤣🤣🤣, khoái thanh niên này buồn cười vkl",Enjoyment,0
cuộc sống đổi thay làm lòng người thay đổi . hiểu vậy cho nó vuông,Other,0
chung quy là hình thức quảng cáo !!!,Other,0
sao lại có chuyện vô lý như vậy được chứ 😠. rồi bé nhỏ sẽ như thế nào khi chứng kiến bố nó bị đâm ngay trước mặt nó . nghĩ đã không dám nghĩ tới rồi thấy thương bé quá .,Other,0
trông anh thần thái vãi :v,Enjoyment,0
khi bạn thật lòng với ai đó . nhưng người ta coi bạn như 1 trò đùa,Other,0
giống ml em tao hồi n nhỏ vãi . muốn ngủ với mẹ nhưng bị tao nịnh nọt bắt lên ngủ với tao :)),Enjoyment,0
đụ con đĩ mẹ hôm nọ đang ngủ thằng lol nào hét ầm ầm . mày về nà hét cha hét mẹ mày chớ ngủ không yên,Anger,4
có tất cả các vị mày niếm được,Other,0
cắt tóc rồi mặt như con heo,Disgust,3
"bây giờ con đã sai vì đã chưa làm gì được cho cha , con thật sự xin lỗi cha và mẹ ,",Sadness,2
không thấy không biết lòng không đau,Sadness,2
tán gái hay vãi,Enjoyment,0
nhìn ghê vãi . ai nuôi mà ác thế,Disgust,3
"đúng . làm gì không quan trọng , quan trọng là bạn làm điều đó với ai",Other,0
"xời tưởng gì , cái này tao làm được =)))",Enjoyment,0
thôi tốt nhất là chịu thua đi . thắng hay thua cũng đâu có được gì .,Other,0
giao lưu tí không . tự bấm chứ không mua =))),Enjoyment,0
thằng nào quảng cáo xe vãi thế,Surprise,0
đấy mới là điều càn đó . huhu,Sadness,2
hạnh phúc là đây chứ đâu =))),Enjoyment,0
đó cũng là cái cốt lõi cái then chốt thúc đẩy ông phát tiển sách lược của mình bằng cái tâm và cái tầm .,Other,0
môn này đéo dành cho những người chân ngắn như tao :) bay qua chắc lọt mẹ xuống sông ^^,Fear,1
xem đi xem lại vẫn hay ;)))))),Enjoyment,0
per ông cháu không nè kkk,Enjoyment,0
có hôm tao đang vương nỏ tính bắn vào con họa mi đang đậu trên cành thì ai ngờ nó phản đame đứt thun dội ngược vào mặt từ đó tao không còn chơi nữa,Sadness,2
cưng xỉu ~~??,Enjoyment,0
đằng nào thì điều hòa vẫn bật mà .,Other,0
:))) mình sướng mà mình không biết hưởng nhìn lại những mảnh đời bất hạnh mình nguối mặt thẹn gấp 100 lần,Sadness,2
per đến con nít chúng ta cũng không bằng là sao ......... tuổi thơ và tuổi thanh xuân nợ chúng ta quá nhiều thứ rồi 😭😭😭😭,Sadness,2
"đấy , chỉ có sale như tao mới tốt thôi , tao không bao giờ hỏi về nỗi đau của khách hàng : x",Enjoyment,0
kinh dị thật nhìn ngu vãi,Disgust,3
con bé xinh ghê,Enjoyment,0
kaka cái mặt bà kìa,Enjoyment,0
lâu lâu tự nhiên ghen mặc dù đéo là gì của nhau 🙃🙃🙃,Anger,4
per tự nhiên thấy mình hơi thất đức,Other,0
tưởng tượng mà dưới sông có cá sấu nữa chắc hết dám đi,Fear,1
cần xem cái kết của bọn này,Other,0
quá nguy hiểm,Fear,1
maii ban thanh nhung nhớ cái này không hic 😭😭😭😭😭,Sadness,2
hoàng thượng mặc áo đầu lâu mới sợ chứ,Other,0
tao chả bao giờ làm thế,Other,0
dume thằng mất dạy !,Anger,4
chưa bao giờ còn yêu nhiều hơn thế 😍😍 bởi cha mẹ cho tôi tất cả,Enjoyment,0
cuốn sổ vô dụng nhất mà tôi từng biết . ơn giời nó không còn nữa,Disgust,3
có những người như chủ thớt bảo sao đất nước không phát triển,Disgust,3
má lỡ té xuống 1 cái tao nói lên tắm 8 năm cũng đéo sạch nữa,Fear,1
tao khuyên bọn mày đừng dắt bọn con gái theo . nó bắt bọn mày cõng nhảy qua đấy :))),Disgust,3
"bệnh quá , xấu mặt người dân 1 vùng quê đồng bằng bắc bộ",Disgust,3
hai bác học nghiêm túc ghê :))),Enjoyment,0
không thấy hay ho gì cả,Disgust,3
bóp dái thật mạnh xem còn dám sàm sỡ không,Anger,4
mấy đứa chân ngắn qua sao,Sadness,2
ôi vãi nhìn ảnh giật mình đám nghiệt súc cười nhé răng !!!!!! đhs ... 😞 đẻ ra đau bết cả lồn,Disgust,3
bác nói vậy thì tao cũng quì,Other,0
cứ thải trực tiếp ra sông thì có xử lý công nghệ mặt trăng cũng bó tay,Disgust,3
"tao bảo 99 , 99999 % là mấy ông ngoài bắc và kiểu chửi này cũng ngoài bắc vì tao cũng bị chửi vậy khi còn bé . h thì bình thường nhưng nghĩ lại buồn chứ không vui đâu tụi bay . ngoài bắc cách giáo dục là miệt thị . ko đồng ý",Disgust,3
phim này ý nghĩa lắm,Enjoyment,0
"ảnh đẹp lắm , nhưng không có những người khổ này thì sẽ đẹp hơn 🙂",Other,0
"thì bác cứ tranh luận đi , bác nói đúng thì mình cũng chả nói gì , còn mình thấy cái kiểu cậy nhà mặt đường nhưng tư tưởng nhắn tin kia thì kiểu gì cũng có ngày sấp mặt .",Anger,4
yêu thế,Enjoyment,0
nhưng vẫn tồn tại nhiều đứa con gái không như vậy mà ??,Other,0
làm sao mặc áo được ta 😂😂,Surprise,0
"ê tao cũng hay giữ mấy cái linh tinh lại như vậy để vài năm sau mở ra xem lại có cảm giác hoài niệm , mà mẹ tao bắt tao vứt hết rồi 😢",Sadness,2
ảnh đẹp quá 😍,Enjoyment,0
"t không tiếc mấy ly trà sữa , chỉ thấy tội cho mấy cô lao công dọn dẹp mà thôi 😔",Sadness,2
người lớn tuổi nhiều lúc rất dễ thương 😊❤,Enjoyment,0
sao giốg với mình v . nhưg mình từ bỏ rồi người ta hình như cũng có người khác . từ đầu là do mình ảo tưởg thôi giờ thì tỉnh đi cô gái ạ,Sadness,2
tôi đập cho toè cái mỏ lun nha,Anger,4
có ai ngu như tao không đơn phương con nhỏ cạnh nhà 4 năm mặc dù nó ngồi chung bàn với tao suốt mấy năm cấp 3 :(((,Sadness,2
ở nhà vênh lắm đi bộ đội thì yếu ớt vãi,Disgust,3
thương mấy anh quá mà tao không kiềm được vẫn phải thả haha,Enjoyment,0
bẩn vãi,Disgust,3
đường của nhà nước co phải nhà cụ đâu mà kêu ca,Disgust,3
sao giống tôi rứa hỉ ...,Surprise,0
đm độc bình luận toàn kêu chọn nghề khác dume đây đéo phải nói tới cái nghề mà là nói tới ý thức của tụi mày đó đầu trâu óc chó . nếu chọn nghề khác thì dume ai làm công việc đó ... nghề chọn mình mình không chọn nghề được ... kể cả làm phò như tụi mày cũng vậy,Disgust,3
mai người ta đi học mai tao đi du lịch ố la la =))))))))))))),Enjoyment,0
có khi nào kết hôn xong nó giết lấy tiền bảo hiểm không,Fear,1
nó mà cắn ai 1 phát thì ... nghĩ thôi đã rùng mình,Fear,1
mát lồng lộng mày ạ,Enjoyment,0
mưa lắm các con giời ở nhà ngủ cho khoẻ nhé .,Other,0
năm nay con bao nhiêu tuổi rồi ? =)),Other,0
vì chúng ta không nên nói chuyện với nhau nữa,Sadness,2
tao xin bổ sung thêm,Other,0
"ngu và ngang ngược quen rồi , chừa tật nhé",Disgust,3
có người sinh ra đã làm ban giám khảo anh nhé kk,Enjoyment,0
thật buồn khi mình thịt vợ thang khác mà thằng khác thịt vợ tưong lai mình,Sadness,2
hay bị giật khô trên đó rồi :(,Sadness,2
"đm lũ chó bán thịt lợn sán cho các cháu lũ đấy phải tìm ra và xử tử hết . loz mẹ chúng mày vì lợi nhuận giết hết cả tương lai đất nước , dume lũ chó chết",Anger,4
đéo có người thương để mà làm ấy chứ :(,Sadness,2
"per chồng xem đi , hài lắm",Enjoyment,0
per dume lần sau có tỏ tình thì cũng 1 vừa 2 phải thôi,Disgust,3
chạy ngay đi 😨😨 trước khi bọn chủ tịch vào đây và giả làm con c * c gì đó rồi bị coi thường và tụi bay phải nhận cái kết đấy . 😬😬😬😬,Other,0
nhưng mà từ giờ trở đi đéo được tiếp xúc rồiii,Sadness,2
"per cùng suy nghĩ , và sợ cả điện giật nữa , giờ cứ ngồi cho chắc ăn .",Other,0
"cái này ở shop đồng giá 40k aeon có nè , tê tới dái luôn",Enjoyment,0
ngày buồn nhất trời đổ cơn mưa :(,Sadness,2
không có khúc rớt dt hả .. 😑,Other,0
như con điên :)),Disgust,3
tao lại bị mọc lông chân rồi :((,Sadness,2
sao bắt nhanh thế sáng đọc báo có tin chôm ngân ngàng chiều đọc báo đã bắt được rồi,Surprise,0
mỗi lần tao ăn đu đủ bằng thìa thì bố tao lại chửi tao . bố tao bảo loại mày ăn đu đủ không cần thìa đâu .,Sadness,2
"vãi cả ngứa mắt :)). lập luận rất là có cái "" lí "" luôn . đấy , ngứa mắt là sai cả lí rồi nhé mấy ông đỗ xe =)))",Disgust,3
mua thuốc ngoài thú y sức vào vài ngày nó không bám nữa,Other,0
"tao cũng hay nằm mơ con mèo của mình nó về , tao tưởng thật nên khóc cả trong mơ lẫn ngoài đời . nhưng nó đâu có thể về được nữa ...",Sadness,2
giá mà có ai để giận :v,Sadness,2
"chân ta cũng là chân đi và giờ bị đứt dây chằng , nằm một chỗ đợi mổ rồi mày . đồng cảm vãi",Sadness,2
"ai ở gần đó xin hãy giúp chú , thương chú",Sadness,2
cuối ngày hình ảnh của ông bà là đẹp nhất ... chúc ông bà mãi hạnh phúc sống thật lâu lâu nhé 😘😘😘,Enjoyment,0
cắt như anh này gọn gàng thoáng mát nhé auto đẹp trai,Other,0
"có thể xương của mày nó bị giòn , xuất viện nhớ bổ sug thêm nhiều canxi nhé",Other,0
per 1 lần chơi lớn xem em có trầm trồ,Other,0
xin lỗi mày nhưng tao đọc buồn cười,Enjoyment,0
trải qua một cuộc bể dâu . những điều trông thấy mà đau đớn lòng,Sadness,2
t nghĩ thằng châu phi kia nó rất nhiều tiền,Other,0
per đi đâu cũng nghe bài này riết muốn tắt dẹp cho rồi,Anger,4
nhìn thấy ghét ...,Disgust,3
per xàm lol giáo dục đéo gì,Disgust,3
per biết phân biệt phải trái không vậy ??? và có biết đỗ như thế nào là đúng luật không ???,Anger,4
chán mấy ông thanh niên .,Sadness,2
trẻ trâu thời nào cũng có thông cảm đi,Disgust,3
cũng là chị em nó làm nhà trẻ nên chịu thôi,Other,0
bắt được rồi cho bọn này đi chết đi để chúng nó sống rồi làm hại người khác,Disgust,3
đốt cháy túi tiền thì ở nhà cho rồi . xem chi không biết,Anger,4
per có thằng bị tao bắn từ đó không thấy họa mi hót nữa luôn,Enjoyment,0
"hôm qua tôi đi grab gặp được bạn đẹp trai , thơm phức nè . có cô gái nào có hứng thú hem ?",Enjoyment,0
đẹp quá v 😍😍,Enjoyment,0
:) thế trong trường hợp này thì sao ? có nhiều xe lắm đâu cụ,Other,0
lo cho thang bé lỡ rớt điện thoại xuống nước thì ....,Fear,1
per dăm ba cái con nhện :))))),Other,0
ủa rồi chân một khúc như tao nhảy kiểu gì ? 🙂,Other,0
trong 1 năm đó bố mẹ ông cho ông 10 tỷ đố là tiêu vặt và 1 con lám bồ để đi giao hàng,Other,0
k chăm được thì đừng nuôi nhìn tội quá ??,Disgust,3
"có hôm nó lo đọc cho mình nên không chép kịp bài , cô giáo bắt phạt đánh đòn cả hai đứa . năm sau bạn í chuyển trường mất , nhớ bạn quá !",Sadness,2
"đừng ám tao nữa , sợ lắm",Fear,1
tao gửi từ ngã tư đồng đội cơ mà đi xa vãi,Other,0
"lạ kì thật , một kì thi quan trọng như vầy mà vẫ nhầm đề được .",Disgust,3
định mệnh tao lại quên mang áo mưa,Sadness,2
chia buồn cùng người dân và đất nước pháp,Sadness,2
"per mày ơi trò này lợi hại nè áp dụng ngay :"")))",Enjoyment,0
per :))) không bù cho nhũng người như cta,Sadness,2
ôi gu mình !! mà phim lâu quá rùi giờ mà đóng lại bản khác thì không biết sao haaa,Enjoyment,0
"giống hệt mình , nhưng bạn may mắn hơn vì bên này quyết trốn nợ tận cùng",Sadness,2
"đéo mẹ bệnh viện chứ có phải chỗ gửi xe đâu , nó niêm yết rõ ràng như thế kêu ca cái gì",Anger,4
per ngày mai là ngày gì mà ra lắm phim vậy bạn ?,Surprise,0
"ước gì con về với mẹ .... đợi mấy tháng rồi vẫn chưa thấy bóng dáng con , mong con vẫn sống ...",Sadness,2
chất đó có làm mềm não không ?,Other,0
em này có cạo lông không ta sao nhìn lông ngăn quá,Other,0
"ngày nào cũng thấy tàu trật bánh , khá buồn",Sadness,2
tao thấy nhảm quá,Disgust,3
y tế 24tr tháng á ???? kinh vầy ???,Surprise,0
"thế mày lại ghép nhạc vào làm gì cho con bé bị tán mấy chục cái , mày ác lắm",Disgust,3
per em đã tìm ra giải pháp thiết kế rồi nhé :))),Enjoyment,0
sad cực mạnh,Sadness,2
per may cho bạn 😄😄😄,Enjoyment,0
đợi đến ngày họp lớp đi 😪,Sadness,2
tao thích con trai đầu tóc gọn gàng vãi_chưởng 🙃,Enjoyment,0
"hành động đẹp chứ sao , đằng nào cũng tiệt kiệm hơn :)) 0",Enjoyment,0
chỉ ước về sau mình được vay,Enjoyment,0
"bạn bè nói chuyện cũng chụp post facebook , vui không ?",Disgust,3
per mệt quá mấy con ơi,Sadness,2
nói tóm lại là nó thích đỗ đâu thì nó đỗ mình thích thì mình gọi công an . chứ mình không có quyền,Other,0
"mới đây mẹ tao giúp tao làm lại giấy khai sinh . mẹ có hỏi "" mày sinh ngày mấy để mẹ làm ""😑",Sadness,2
tôi muốn có một mối tình bình dị .,Other,0
hú hồn chim én :)),Fear,1
phải có bao nhiêu tình cảm mới có thể viết ra được những dòng này ...,Sadness,2
"bờ biển thì rộng , có những chỗ mày viết có thể rất lâu sau mới bị lấp đi tại sao chọn chỗ khó khăn nhất vậy . thảo nào đéo bao giờ có người yêu :))",Disgust,3
mệt mõi 😥,Sadness,2
đã thử và rất thích thú 😆.,Enjoyment,0
"ủa bất ngờ đây , thanh niên nào đây =))))",Surprise,0
con này chăm sóc n là n bao đẹp ><,Enjoyment,0
"dume , phải con tao thì đéo bao giờ chúng mày có cơ hội xin lỗi luôn .",Anger,4
"thiệt ra bạn mày đẹp hơn , vì màt chỉ được cái lưng dài lười biếng thui 🙃🙃",Disgust,3
móng tay và tóc theo thời gian thì mọc càng dài tại sao chỉ có con chim là nó không mọc dài hơn nữa ta,Sadness,2
tuyệt thật,Enjoyment,0
năm nay vào quán net ngồi cho đỡ phải nhìn .....☺️,Sadness,2
bé tí mà đã có múi rồi :))),Enjoyment,0
giờ nín ngay không ? việc gì phải khóc,Other,0
"chẳng phải chuyện hài nhưng sao tao thấy buồn cười quá , chắc thần kinh có vấn đề",Enjoyment,0
chuẩn không can chinh,Enjoyment,0
liên quan đéo gì . trung thu tết đoàn viên gia đình chứ đoàn viên người yêu đéo đâu .,Anger,4
cái đồng hồ mọi người cho em hỏi giá bao nhiêu ạ,Other,0
cụ í đỗ sai thì mợ cứ báo chính quyền thôi,Other,0
tao chưa nghe nói kính thuỷ lực bai giờ .,Other,0
"khiển trách là bị mắng rồi má , lại còn bắt chép phạt ác thật",Disgust,3
dăm ba cái kỉu đây hồi nhỏ tao đốt chấy vài á mà 😃,Enjoyment,0
cưng gì đâu,Enjoyment,0
2 chúng mày yêu nhau chọc tức bọn fa tụi tao thêm cay chứ an ủi đéo gì,Disgust,3
per kkkk,Enjoyment,0
tao của ngày này năm trước đang ước đừng lấy quỳ tím đem ra thử nghiệm . :(,Sadness,2
thính thơm không,Other,0
ôi không đừng vậy mà :((,Sadness,2
"sao mày không viết nhanh lên , mày lấy tay chặn làm gì có giúp mày tốt hơn không hả ???",Anger,4
nghe anh ấy nới chuyện rất thuyết phục,Enjoyment,0
khi nào tao nhìn con xò lông bánh bèo mà tao không mắc ói . thì khi đó tao lấy,Other,0
có thể là nó yêu mày :)),Other,0
per ối bạn ơi quà sinh nhật mình đây rồiiiii,Enjoyment,0
ai cho mình xin page của con này với thích xem nó live stream bán đồ gê,Enjoyment,0
cho nó đi trồng lại 10 ha và chăm sóc cho tới khi cây lớn bằng núc chúng nó bơm chết,Other,0
toàn bọn óc chó . không có lương tâm . sao chúng nó lại làm như vậy không nghĩ hậu quả sau này sao .,Disgust,3
"bảo không ly hôn cơ mà 😑, dma chơi nhau à",Anger,4
cần phải tỉnh táo,Other,0
per thật sự là có cách nào dắt bé đi theo được không ? 😭,Other,0
"thâ ̣ tao ra thi ̀ nê ́ u 1 thă ̀ người con trai no ́ yêu mày va ̀ coi tro ̣ người mày , câ ̀ n mày thi ̀ mày co ́ qua ́ i thai thê ́ na ̀ o no ́ cu ̃ người chi ̣ u đươ ̣ c va ̀ cô ́ gă ́ người la ̀ mày mày vui 🙂",Enjoyment,0
phim nay xem rất nhiều lân nhưng quá hay vẫn muốn sẽ tiếp tục xem,Enjoyment,0
thôi thì đi xem avenger lần 3 để tránh nóng nốt chiều nay không mai mưa rồi hehee,Enjoyment,0
cho xin tí muối ạ,Other,0
sao không cắt móng chân cho em ... nhìn mặt cute mà thấy móng chân em sợ phết,Fear,1
đã từng xem em là tất cả . mỗi khi mỏi mệt về thấy em và con cười là anh hạnh phúc rồi,Enjoyment,0
nằm đó mà mơ 🙂,Disgust,3
duyên quá nói chuyện hay,Enjoyment,0
"đm phạt 200 triệu đồng không có tiền đóng phạt 12 tháng tù cho biết , câu thích câu view dơ bẩn cho cá nhân mình",Disgust,3
gắt quá nha 😂,Disgust,3
đừng trách anh vô tình vì em đã vô tâm,Other,0
"wow , đẹp dữ vậy à hehe",Surprise,0
"ngồi chờ một người đi qua 1 và coi đó như 1 sự tình cờ 😂😂😂 tao đã từng , nhưng đó là tao của ngày xưa . buồn cười thật 😁",Enjoyment,0
"thôi , không tranh cãi , không lại các bác . nói chung không cấm thì đỗ , còn đỗ để làm gì thì do ý thức mỗi người",Other,0
khóc vãi 😭,Sadness,2
"việc của ông vũ giờ là mua nhiều thật nhiều cigar và lên chùa xây cái am trung nguyên thiền định tiếp đi qua ơi , qua quậy quá rồi để cho vợ và 4 con tiếp quản được rồi qua ơi .",Disgust,3
cũng là ninja như nhau mà cũng hơn thua làm gì vậy trời,Disgust,3
và vui mừng hơn khi biết tin chị vợ ở nhà vừa sinh hạ em bé được 1 tuần,Enjoyment,0
lại là bà hàng xóm 😒,Disgust,3
bọn óc vật 🙂 đụng vào con cháu nhà tao thử,Anger,4
hay . đỡ mệt,Enjoyment,0
"thế đàn ông có thường gục ngã trước một đứa con gái xấu không ? vậy nên đó là chuyện thường tình , đàn ông mê sắc đàn bà mê tiền , mỗi giới một đam mê , đó là công bằng , khi nào mày yêu một con xấu đi rồi hãy nói đạo lol",Disgust,3
per nhìn quen quen mày ơi,Surprise,0
mà ô chủ xe cũng ngu vãi . mất công đậu thì đậu hẳn ra giữa đường day . để cho nó đỡ mất công về lại phải mất công đi đại tu,Disgust,3
gv có tâm vãi 😂,Enjoyment,0
cầu mong chú có cuộc sống tốt hơn ❤,Enjoyment,0
"bạn bè thì nó hỏi han , hay nhắn tin thôi .. hồi trước hay ảo tưởng lắm , nhưng giờ lớn nên hết trẻ trâu rồi 🤣",Other,0
khớp vãi =))))))) mặt con bé,Enjoyment,0
mạng nhện chắc đóng kín rồi nhỉ,Other,0
tao đéo ghê con rắn tao ghê mấy cái trồi lên kìa :))),Fear,1
ngày ấy cũng từng như vậy ☺️,Enjoyment,0
"tao biết trước là nó sẽ lao vào màn hình mà , vậy nên tâm vẫn tỉnh lúc nó lao vào .",Enjoyment,0
quả mặt dễ thương dữ vậy,Surprise,0
"lúc sinh ra rồi , con gái không nói , là con trai thì ổng sẽ phải ước mình chưa đẻ ra nó , có thêm đứa tranh vợ với mình mà 😂😂",Other,0
cưng xĩu 😊😊,Enjoyment,0
người ngoài hành tinh nói tiếng anh ????? nà ní ?????,Surprise,0
"nghĩ đến cảnh mặc áo là cảm thấy mất cả tuổi thanh xuân , chưa kể là lúc ngứa thì gãi kiểu gì 😂😂",Enjoyment,0
cứ thấy nó là ăn không còn xác thì lấy gì chúng kịp phá . nhìn thèm ứ chịu được 😔😔😔,Sadness,2
xem video chị này công nhận hay và ý nghĩa thật . giờ lên xem vid mới biết về tuổi thơ chị này cơ cực thật đấy,Enjoyment,0
nó giống tao ghê . gặp tao tao cũng chọn mày,Enjoyment,0
hiện tại cảm thấy hạnh phúc khi môi trường làm việc toàn người lầy ....,Enjoyment,0
đúng là mỹ nhanh gọn dứt khoát,Enjoyment,0
khúc cuối cười lộn ruột,Enjoyment,0
mặt con mèo giải trí dữ 😬,Enjoyment,0
tại con này xấu quá không nhận diện được khuôn mặt,Disgust,3
"đã ra tù nhưng chắc nhớ tù quá , muốn quay lại trại nên mặc quả đồ này :vậy",Disgust,3
anh có tin em giận lại anh không ?,Enjoyment,0
ác đến vậy là cùng,Disgust,3
khi cô đơn lòng em nhớ ai :((,Sadness,2
"nếu chiếc xe đỗ giữa cửa nhà tôi như trong hình của thớt tôi hoàn toàn không có cảm giác gì , kể cả ngày nào cũng vậy luôn .",Other,0
"đang định đi nhổ răng khôn , nghe được tin này thấy ghê răng 😁",Fear,1
"ước gì boss không co chân lên , tao vẫn sẽ nghĩ là boss thật khí chất =)))",Sadness,2
xem xong tao đã khóc rất nhiều,Sadness,2
ha ha ❤️ chất lắm,Enjoyment,0
bộ này hoàn hảo quá,Surprise,0
đậu . tao mê nhất là giọng tuy hòa phú yên . nó luôn mang một ấn tượng sâu sắc . nghe cứ thích thế nào ấy,Enjoyment,0
lại ngáo đá rồi,Disgust,3
tao thì nói xong lại thấy người ta không hứng thú thì lại lượn,Sadness,2
để có được cái nắm tay tuổi già là bao giông bão của tuổi trẻ . mấy ai qua được bão giông ?,Enjoyment,0
quan trọng là có per luôn tạo độ khó game cho tôi :))) và không thể thiếu sự trợ giúp của các anh em trong team 😂,Enjoyment,0
điều tồi tệ là học nửa vời chã ra làm sao,Sadness,2
chỉ có màn hình là xấu thui,Other,0
cùng câu hỏi .. vụ thang máy thì sao nhỉ,Other,0
"mỗi ngày đi làm về , tôi không vội vào thang ngay mà thường ngồi sảnh tầm 20p chỉ để ngắm gái xinh cùng tòa 😆.",Enjoyment,0
đây mới là công an của nhân dân việt nam cảm ơn bạn nhiều điều tốt đẹp hơn nhé vanew,Enjoyment,0
per sau hôm sinh nhật là có cái này . ngon vãi,Enjoyment,0
per kinh dị thấy mệ luôn nè,Fear,1
tuy hơi fail 1 chút nhưng rất có năng khiếu lớn lên không chừng làm ca sĩ ấy chứ đừng đùa,Other,0
đúng là tấm gương xáng để con cháu noi theo =)))))),Enjoyment,0
khi đã đổ vỡ hàn gắn lại chắc gì đã được như lúc đầu :'<,Fear,1
"tào lao , bịa đặt",Disgust,3
"chia sẻ cho anh em , haha",Enjoyment,0
cách này nhiều người áp dụng quá rồi :))),Enjoyment,0
tưởng bú được vài cái thích của tụi dân trí thấp thì mình khôn ?,Disgust,3
doume khó vậy mà cũng nghĩ ra được 🤣,Surprise,0
sao ảnh này nhìn con rắn đáng yêuc vãi :))),Enjoyment,0
sau mưa ra đường sợ nhất gặp giun,Fear,1
per đứa nào nghĩ ra được cái qcao hay vãi ...,Enjoyment,0
bạn trai thì chưa . nhưng mỗi lần thằng bạn nó cắt tóc cạo râu thì auto nhìn đẹp trai,Enjoyment,0
í thức mấy đứa đi xem như lol .,Disgust,3
đã từng . và bị phũ như 1 con chó 🐶😂😂😂😂,Sadness,2
thiểu năng đội cái nón không nổi thì sao đủ năng lực chạy xe . nhìn là thấy hãm .,Disgust,3
anh lấy đi niềm tin trả lại cho em những gì,Sadness,2
thông minh lắm,Enjoyment,0
thêm cái trang này ăn cắp ý tưởng của tôi,Anger,4
đề nghị các bạn giữ trật tự trong rạp phim !!!!!!,Other,0
cam mà vắt thế chỉ có đắng nhé thôi đồ ngu,Disgust,3
"t sẽ tự an ủi tất cả chỉ là diễn thôi , diễn thôi , đéo thể tin được đâu 😏",Disgust,3
ngu hết phần thiên hạ,Disgust,3
tin tao đi tiền là thứ duy nhất làm động lực để mày vui :)) tao chia tay xong . cắm mặt vào làm để mua sắm và du lịch :)),Other,0
tao thấy con mèo xinh hơn,Enjoyment,0
cho nó cắn phát xem có thành spider man không 😂,Enjoyment,0
bếp ga hj hj 🤣🤣🤣🤣🤣🤣,Enjoyment,0
"từ hành động và lời nói của tụi nhỏ này không biết nên trách ai bây giờ ,, thối nát một thế hệ",Disgust,3
sớm bình phục nhé,Other,0
căn bản là họ không đáng cho mình trân trọng thôi . per,Disgust,3
giống thằng này vãi :))),Enjoyment,0
"năm nào cả sinh nhật âm hay dương mẹ cũng gọi điện cho mình , bà ngoại trên 80 , bác ruột mình đều nhớ hết 😂😂😂",Enjoyment,0
quan trọng nhất vẫn là tấm lòng 🙂,Other,0
cái mặt hoang mang thấy thương 😆❤️,Enjoyment,0
nhìn ức chế vãi,Anger,4
coi mà cái tay nó rung trái tim nó đập sợ cái thằng đó té sấp mặt luôn thì không bình thường họa mi còn hót được không :)))),Fear,1
nhìn kinh vãi,Disgust,3
hỡi thế gian tình ái là chi mà đôi lứa nguyện thề sống chết ? 😁😁,Other,0
per bất nghờ bốc cháy,Other,0
"đọc bình luận mới công nhận "" mấy đứa nói đạo lý sống như lol "". đây là câu chuyện vui bạn bè trêu nhau thôi không đến lượt mấy người dạy bé cách cư xử như thế nào đâu . có người con như thế nào bố sẽ rất tự hào đấy",Disgust,3
chuẩn kkk 😁,Enjoyment,0
😂😂😂 nhìn và đợi chúng nó chia tay,Other,0
làm mấy chuyện dở người để được nó chú ý,Other,0
không mưa thì kêu trời mưa thì cũng kêu trời,Disgust,3
họ có thể không giàu có về vật chất nhưng hạnh phúc của họ giàu hơn rất nhìu người ❤,Other,0
"người ta ăn hàng tỉ lại phát 5 tr , còn gì là pháp luật nữa",Disgust,3
à còn có thể loại con trai cắt tóc xong rồi tự soi gương xong khen mình đẹp trai mới vãi,Disgust,3
"per đi làm với c mình vui hết xẩy , trừ những lúc khó tính :))",Enjoyment,0
phải tôi đỗ lên vỉa hè giáp cửa nhà bạn bán hàng luôn . vỉa hè rộng thế kia cơ mà .??????????,Other,0
cảm thấy sợ mấy thứ suy nghĩ cổ hủ của người lớn :(,Sadness,2
bò ra mà cười :)),Enjoyment,0
per xem cái này đỡ chán đi ông,Other,0
em buông tay anh nhé .... quá khứ ấy anh hãy xoá hết đi .......,Sadness,2
thông minh vãi,Enjoyment,0
gửi đứa nào chưa có người yêu,Other,0
mày lười vãi lol,Disgust,3
đi xem 1 mình có sợ ma không 🤔,Other,0
chả thấy nói nó cho admin bao nhiêu xiền để pr nhỉ,Other,0
tôi đã xem đi xem lại 3 lần và xem lại lần hai mới hiểu hết nội dung và thấy hay hơn khi xem lại lần 3 . ai chưa xem hãy vào xem thử 2 lần !,Enjoyment,0
"anh biết em có nhiều chuyện , nhưng việc trước mắt là em nộp phạt đã , nếu không xe em sẽ bị thu vào đồn",Other,0
thế hóa ra nguy cơ trầm cảm của tao cao lắm,Sadness,2
mày giận lại tao hả tốt quá bố mày được đi chơi game rồi . tối về dỗ nó sau . chờ mãi câu giận của mày :)),Enjoyment,0
đừng đùa với người nước ngoài nhé,Other,0
làm giáo sư mấy chục năm mà cuốn giáo trình chưa thuộc hết nữa à,Disgust,3
anh lỡ mất em rồi huhu,Sadness,2
nhớ lại ngày xưa,Other,0
bình tĩnh vãi_chưởng =)),Enjoyment,0
đai giảm tốc độ kiểu ấy mà gặp mấy bà đang đau đẻ là xác định đẻ trên xe hay ở nhà đi rồi hẳn đem lên bệnh viện 😂😂😂,Disgust,3
thạ timmmmm đùa tao yêu mặt nó lúc ôm đầu vlllll xinh quá con ưiiiiiiii,Enjoyment,0
đứa nào tin là đơn giản thế ra đây tao tát cho vài cái cho tỉnh :),Anger,4
mẹ . trung thu là tết thiếu nhi . có phải mùa động dục đâu mà phải có người yêu nhỉ . vớ va vớ vẩn 😒,Anger,4
nhiều khi cũng muốn người yêu chọc để dỗi phát cho bằng người ta . mà nhận ra mình làm gì có người yêu 😌,Sadness,2
lâu lâu mới có dịp ăn bánh trung thu mà gặp bán hàng halo thế này thì cho ế mẹ luôn không mua bán gì hết . xem ai bất hạnh hơn ?,Anger,4
ngáo như con cáo rồi ????,Other,0
khác đéo gì . về thái độ lồi lõm nhìn muốn sút cho phát 🤬🤬,Anger,4
mấy con gà bị lừa mà đéo biết .,Other,0
móng dài thế lúc đi ỉa xong làm sao xịt nước . xịt nước 1 tay còn tay kia phải rửa đít mới sạch được chứ . khả năng cao ông này dùng giấy chứ không dùng vòi xịt,Disgust,3
chút mua ... hehe,Enjoyment,0
tạm biệt ánh sáng của đời tao,Sadness,2
cái tháng học sấp mặt luôn,Sadness,2
làm ở đâu không quan trọng . quan trọng là có chị em tốt để tạo nghiệp :)))),Enjoyment,0
giống chó này hình như không có lông ạ ?? chó nhà em lông rụng đầy nhà .. huhu,Sadness,2
tôi từng được sống . nhưng đấy là truyện của năm ngoái rồi,Sadness,2
một lũ ngu,Disgust,3
dễ thươnggg,Enjoyment,0
"vãi cả phí , có ... 81 tỷ hoy 😓",Sadness,2
ra tới cổng tao nói ha xấu cái chắc tao cười ỉa,Disgust,3
nếu địa phương không xây cầu thì người dân cũng có thể tự làm cầu cây mà . phóng lỡ hụt chân thì xác định nát người .,Fear,1
cứ chiếu mấy bộ phim thế này bảo sao tụi nhỏ không chịu học,Disgust,3
giận làm gì cho mệt 🙄 đằng nào mày cũnh phải xin lỗi tao mà,Other,0
móng của bố tao . hồi trước và bây giờ đã cắt vì lý do . sức khoẻ .,Sadness,2
uầy các cụ ngày xưa đẹp trai xinh gái thế,Surprise,0
nín đi . sang ngủ với mẹ đi đêm nay anh chông chị cho =))),Enjoyment,0
"không nghe lời cha mẹ , không ăn học , giờ đi hốt rác . không có giá trị trong xã hội , bày đặt chữi ai .",Disgust,3
mày không phải nhảy vào mồm tao như thế . nhảy vào là tao cạp cạp cạp ...,Anger,4
mình thiì chưa năm nào được trọn vẹn,Sadness,2
loại mất dậy,Anger,4
hỏi thế gian tình ái là chi =)))),Other,0
quả mắt nhìn sợ vãi,Fear,1
vặt đôi gương cảnh cáo :)),Anger,4
per chúng ta vẩn xài . kk,Enjoyment,0
per nhớ lần mua mộc ra bờ sông ghê . đã thế còn làm li đặc biệt . dm,Other,0
cảm xúc đéo gì khi mà họp lớp đéo đi,Disgust,3
vừa xử lí vừa thải nước bẩn ra liên tục thì coi như bó tay,Disgust,3
moá cưng quá ??,Enjoyment,0
má con đàn bà thối mồm gặp thằng say hèm,Disgust,3
đó là dấu hiện của sự trưởng thành =))))))))),Enjoyment,0
cứ mỗi lần có phim hay là xách nhau đi 🤣,Enjoyment,0
vãi đông như này á 😢,Surprise,0
cười muốn tắt thở 😂😂😂,Enjoyment,0
ừ thế là kể từ đấy về sau đứa con trai nào cũng trở thành huynh đệ với nó hết,Other,0
per không lẽ sau này kím bạn trai không tập gym 😖,Sadness,2
per huhuu không biết lúc đấy thực tập chưa :(((,Sadness,2
chất quá .. haha,Enjoyment,0
"per cái thứ yêu nghiệt này cứ thấy tao như thấy crush , cứ gặp tao là đuổi :)",Disgust,3
"ốm cũng được , chỉ cần mát thôi 😌",Other,0
cái vị mà ai cũg muốn thử và mỗi người thử lại cảm nhận được một vị riêng,Other,0
per mày ăn ở kiểu gì mà ra được cái này luôn thế,Surprise,0
chứ còn con mẹ gì nữa 😔,Disgust,3
"per 2ce thì có thể làm được , ly mà làm như vầy thì 🤣",Other,0
- chủ tịch giả nghèo bán vé số và cái kết -> đừng bao giờ xem thường người khác,Disgust,3
phải giết ngay không nó lại đẻ trứng,Other,0
yêu chết dược 😍😍😍,Enjoyment,0
"thằng bạn ngồi kế bên lớp 2 nhà bán vàng mà nó học dốt , thế là làm bình thường về nhà cho nó , 1 bài 2k , mồi ngày kiếm 8 - 10k 🤑",Enjoyment,0
để tao nấu thì quên luôn . xác định tối đó đói :((,Sadness,2
ngưỡn mộ chi lâu lắm oy . mà giờ biết thêm nhiều về chj nữa nên càng yêuc chj nhiều hơn 😍😍😍,Enjoyment,0
haha cứ lên xuống thấp thỏm kìa ..,Enjoyment,0
còn nhiều người chưa có người yêu lắm :),Other,0
các bạn trẻ ! người lớn có thể nghe thấy tiếng chó kêu mà không hành động gì để cứu vớt . các em thật đáng khen . cần những bạn trẻ nhân ái như các bạn .,Enjoyment,0
cuối cùng per cũng thành công rồi nha per nha,Enjoyment,0
🤣 lau mặt bằng quần chíp của vợ à ?,Enjoyment,0
đồng nghiệp của tôi là ai 😑,Disgust,3
con chó có đuôi . con người có ý thức . đm mấy thằng lol này ý thức đéo bằng con ruồi .,Disgust,3
"khi xưa bị rượt 1 lần mà nhớ đời , còn mổ tao nữa chứ 😨😨😨",Fear,1
việc mày giận lại không còn quan trọng khi mày đéo còn là món mà nó hứng thú nữa 🙂,Disgust,3
gì mà ghê vậy 😑 sởn gai ốc,Fear,1
ngầu lắm bạn ạ ^^,Enjoyment,0
thực ra chỉ cần nhập đúng input là được thôi mà :d,Enjoyment,0
dăm ba chuyện hẹn hò có gì hay ho 😌 nhưng mà thi thoảng có dăm ba cái chuyện này cũng hay 🙂 tóm lại xem để giải trí đỡ buồn cũng tốt 🙂,Enjoyment,0
t tưởng nó nói tiếng việt chứ,Other,0
má đáng yêuc quá dạyyyy ??,Enjoyment,0
per đẳng cấp nào rồi em,Other,0
"sao mày không như crush của tao , thuỷ triều lên cũng đéo sợ nhé 😆",Enjoyment,0
khổ thân vãi :)) xong bà lườm luôn :)),Sadness,2
học sinh cứ làm mấy việc tốt như thế này có phải các phụ huynh yên tâm không . 😍😍,Other,0
dù trời có sập cũng phải ăn đã nhé :))) anh có gấp lắm cũng phải chờ em nhé 🤣🤣🤣,Enjoyment,0
cưng thiệt chớ ????,Enjoyment,0
"màu này lạ quá , kết hợp hài hòa đẹp quá",Other,0
"dùng iq xíu đi mấy má , người ta đang mô tả tình yêu của người ta",Other,0
đây là hình ảnh của boss trước khi có vợ và sau khi có vợ là một tr một vực,Other,0
ý thức người khác không tốt thì cũng chẳng bao biện được hành xử của bạn không tốt . nghe từ đầu đến cuối là tiếng la hét chửi rủa -.-,Disgust,3
"thật là romantic , mà mà mà ... sao nghĩ tới cảnh động phòng hoa chúc tao thấy nhột nhột lỗ đít 😧😧",Fear,1
"per đi coi phim coi , hẹn quài luôn á",Anger,4
bố là số 1 vĩ đại hơn những gì con cần,Enjoyment,0
tưởng thế mà ngầu,Disgust,3
hôm nay anh xin lỗi em về những việc anh đã làm hôm nay .. anh không thể kiểm soát não anh được nữa rồi 🤫,Sadness,2
thế này mà gặp per thì phải chạy phọt dắm ra quần per nhỉ,Enjoyment,0
sao nỡ lòng nào khiển trách bác ấy . còn họp kiểm điểm nữa . tội quá .,Sadness,2
khổ nhân viên,Sadness,2
mới ho mà đã như thế nào thì lấy chồng chắc sống trong bệnh viện cả đời mất thôi,Fear,1
hồi lúc nhà tao nuôi mấy con ngỗng . mỗi lần đi ngang nó là nó đòi dí cắn mà trong khi tao là người cho nó ăn . thứ ngu như bò 😤😤,Anger,4
thế mà cũng bắt được siêu vãi,Surprise,0
per ê xem đi phim này lâu rồi nhưng mà hay lắm,Enjoyment,0
còn tao thì còn không có nổi 1 người tỏ ra thân thiết quan tâm cơ . _ .,Sadness,2
có gặp cũng đéo dám ngẩng đầu lên nhìn,Sadness,2
"công nhận lãng mạn thật , nhưng tao đang tưởng tượng cái cảnh động phòng , eo ơi ......",Fear,1
ông định làm gì anh vợ tôi ?,Other,0
có đủ mọi gia vị :< em thấy vị đắng của sự chua sót quá nhiều :),Sadness,2
thằng chó chết mày quá dã ư,Anger,4
có duyên nhưng không có phận ... người ở lại vẫn luôn là người đau nhất !,Sadness,2
per hôm nay c cũng bị giống thằng này này,Other,0
mua thêm vài trăm con cá xấu thả chắc vui hơn,Enjoyment,0
:( cầu chúa ơn nhiều ban bình an cho những người kém may mắn như vậy,Sadness,2
đéo hề dễ thương khi nó cười với đứa khác :)),Disgust,3
dài quá vướn víu,Other,0
nhiều lúc sợ bị pê đi,Fear,1
"trượt rồi , còn đâu mà rủ 😞",Sadness,2
hình như đây là 3 đứa ranh con củ lồn đó ((:,Disgust,3
"kiến đỏ thì được , nhưng đây thì lại mấy con kiến hay bò qua cứt .... mấy ổng ăn ngon vãi 😐",Disgust,3
azz :3 mặt cưng xĩu,Enjoyment,0
"lâu lắm đéo được gặp nhện trong wc , quên mất cảm giác nhịn ỉa như nào rồi 😂",Fear,1
cái thứ bán hàng đéo có tâm . rồi mày sẽ ế bánh cho mà xem,Anger,4
ko biết đúng sai như thế nào giờ báo đài ai cũng bênh ông vũ tự nhiên cảm thấy táo xàm vì tiền bất chấp .,Disgust,3
gặp tao cũng thế :))),Enjoyment,0
"cái quá phơi lúa xong mưa , tao đang cười vì bà béo thì phải ngậm mồm .",Enjoyment,0
chụp xong về chia tay ráng chịu :))),Disgust,3
"per huyền thoại , kkkk",Enjoyment,0
3 chàng ngốc . top 1imdb phim đáng xem nhất mọi thời đại,Enjoyment,0
giống con nít quá ba :))),Disgust,3
đúng là thằng admin khùng,Disgust,3
"ngày xưa toàn bị mẹ đánh bằng dây điện , vụt phát nào ứa máu phát đấy . giờ nghĩ lại tự nhiên lại thấy hay , vì ngày xưa mẹ nghiêm khắc như thế giờ mình mới ngoan 🙂",Enjoyment,0
thằng dăm này phải cho vào tù nó mới biết thế nào là dâm rê,Anger,4
per cú này hoành tráng hơn bệnh nhân của anh luôn nè,Surprise,0
cái này đẹp tía,Surprise,0
nào tao cũng phải thử =)))),Enjoyment,0
ngu thì chết . chẳng biết nó nghĩ sao mà lao vô cướp ngân hàng ... có thằng nào thoát bao giờ đâu . không biết nó có hiểu không 😅😅😅,Disgust,3
này 2 đứa . đã chia tay chưa . chia tay rồi có xem lại video này không .,Other,0
cho hết vào trường giáo dưỡng,Other,0
cao su không thu mà đồi cao su đắt vậy,Other,0
per gặp thần tượng mỗi ngày kkk,Enjoyment,0
lâu lắm không nghe bài này .. có bà bạn bình luận dạo mới nghe lại ??,Other,0
con mèo mặt lol dám đập con thỏ của tao sao 😡😡😡. dkm mày,Anger,4
sau nay em cung uoc duoc nhu vay ❤,Enjoyment,0
ngộ nghĩnh nhỉ ! lạ lờ nhỉ !,Enjoyment,0
một năm đầy biến động và thăng trầm của nước pháp ☹️,Sadness,2
"dm gì cũng bắt phải làm , phí thu vãi thì chả top1 :))) nhân với chả viên",Disgust,3
per :)) hiểu được nỗi lòng anh chưa ! mốt đừng giận anh nhiều nữa nha,Enjoyment,0
việt nam có hệ thống bật tường sắt như nước ngoài luôn à :v,Surprise,0
nhìn mặt con mèo là thấy ghét rồi,Disgust,3
phận làm con trai haizz,Sadness,2
chơi ngu vừa thôi mày,Disgust,3
thiết kế vậy tiện . nào hư của xe thì lấy của quạt gắn vào đỡ mất tiền thay,Other,0
biết bao khó khăn mới được vậy,Other,0
3 giờ sáng nằm xem xong khóc miên man 😢😢,Sadness,2
em mình là con trai viết đẹp y chang thế này nhé,Enjoyment,0
hóa chó nhiều quá thì cũng có lúc phải hóa thành người chứ =)))),Other,0
dm con già mà hành xử trâu chó . đời nó sẽ gặp báo ứng,Anger,4
per má có điểm cho sướng vãi,Enjoyment,0
cảm ơn những người thả 😡 nên mình biết là đéo hay nên mình đéo xem . may vãi,Enjoyment,0
đề này cũng bình thường mà đâu có khó,Other,0
mắc dại thiệt chứ,Disgust,3
kém sang,Disgust,3
thanh xuân là để bỏ lỡ 😔,Sadness,2
tẩy được bao nhiêu mà hô hào gớm thế,Other,0
công khai biết sai sao vẫn làm .,Other,0
năm ngoái nhìn rồi năm nay ở nhà xem lại phim ác quỷ valak the nun .😄😄,Enjoyment,0
đẹp trai v :((((,Enjoyment,0
"chủ quá vô tâm ?? thà đừng có nuôi , nhà tôi nuôi chó cỏ thôi nhưng vẫn tim thuốc định kì đấy ??",Disgust,3
do kiếp trước mày nghiệp nhiều quá lên giờ phải trả thôi,Disgust,3
có tâm mới có tầm haha,Enjoyment,0
lấy tiền tỷ mat phạt có 5tr thôi á ?,Surprise,0
per nghe lại buồn vãi,Sadness,2
năm nay chạnh lòng quá . haizz,Sadness,2
"mình theo dõi mấy nick quân nhân , tập trận , pccc ... hay vãi luôn á .",Enjoyment,0
ám ảnh đến bây giờ 24 tuổi vẫn sợ ngỗng :))),Fear,1
"thao trường đổ mồ hôi để chiến trường đỡ đổ máu , ý thức từ bé đi 🙂",Other,0
"và mấy mẹ thấy mỗi cái chi tiết : ông vũ khuyên bà thảo lui về sau . chăm lo cho gia đình .,,, là gào mồm lên , kêu đàn ông gia trưởng này nọ , vũ phu , bảo thủ nọ kia .... đúng là toàn mấy con bò ... chả ai hiểu bà thảo bằng ông vũ cả đâu , người ta khuyên vợ lui về vì thừa biết tính vợ , tầm nhìn của vợ đến đâu . còn thực vợ giỏi , có tầm thì chả thằng nào không muốn sát cánh , đồng lòng với người chăn gối , tay ấp cùng mình cả . vấn đề là cái tầm của bà thảo để mà đưa tn đi lên chỉ có vậy , vì đó là tâm trí của một con buôn .",Disgust,3
"ba cái đồ yêu , 1 ngày 2 lần nấu đây , ngon bá cháy bọ chét nhé , thơm mùi khói nữa …",Enjoyment,0
nó sẵn sàng kiếm cớ bỏ người đang quen để theo người có tiền nhiều hơn,Disgust,3
tại ông bố bảo thủ hết,Other,0
"trung thi thì liên quan mẹ gì đến việc có gấu , tao thà ngồi nhà cho khỏe để xem mấy thằng đó dắt vợ của thằng khác đi chơi !!",Anger,4
:))) đồng nghiệp đáng yêu,Enjoyment,0
chuẩn không cần chỉnh chỉ cần sửa thôi ...,Enjoyment,0
chuẩn lun,Enjoyment,0
dume hẩy kiểu đó làm sao mấy bà kia ăn dô nữa 🙂,Disgust,3
crush của tao cười hơi bị xinh :3 xinh + cười = đỗ mãi • 3 •,Enjoyment,0
"trông mấy anh bên người ta vẫn men nhỉ , bên mình bạn nam dưới nhìn hơi íu đúi .",Disgust,3
woa ... dài dữ ..😃😃,Surprise,0
đừng ai lấy cả hộp kẹp của anh ý nhé :(((,Fear,1
lại mất tiền ngu,Sadness,2
có người còn thả haha não gì ấy nhỉ . gạch đá xin nhận,Other,0
sau vụ 200k thì vụ 5tr này có nội dung hài hước y hịt :)))),Enjoyment,0
sang năm khênh hẳn giường ra nằm xem cho đỡ mỏi lưng,Other,0
má chắc gặp tao chạy mất giày,Fear,1
thế chân ngắn như tao thì phải làm sao với cái cầu,Sadness,2
phim rất ư là hay lun quả xứng đáng là đạo diễn phim việt nam tài ba,Enjoyment,0
mẹ mấy tk chê này chê nọ thử chạy 5 vòng sân bóng đá đi đã rồi hãy phán người khác .,Disgust,3
thằng biến thái,Disgust,3
ra xã hội rồi mới biết mình còn may mắn hơn rất nhiều người vậy nên hãy trân trọng những gì mình có 😊,Enjoyment,0
đéo thấy vui đến lúc nó dừng xe đạp nó vả cho vỡ mõm lại hỏi tại sao 😌,Anger,4
đầu năm chúc đại kỷ nguyên vạn sự như ý nhé,Enjoyment,0
"hồi nhỏ chỉ khi nào mẹ làm bánh tai yến thì mới dùng tới bếp dầu hôi này , không là bỏ tủ để dành",Other,0
khi bạn ngu tất cả các lĩnh vực như toán học văn học nhưng vẫn cố tỏ ra nguy hiểm,Disgust,3
tự nhiên mình lại không muốn làm single mum nữa -.-,Sadness,2
quan trọng là đồng nghiệp tốt và sếp,Other,0
không có gì là tồn tại mãi nhỉ,Sadness,2
đau lòng lắm khi tối nay chồng tương lai của tao lại cống hiến sức lực để chăm sóc vợ thằng khác ..,Sadness,2
nhiều cụ cứ chửi người ta mà không chịu xem lại bản thân mình :)),Disgust,3
đi hành xác chẳng có cái vẹo gì :))) tao đi 1 lần tao cạch,Disgust,3
chưa hoàn thiện hết đâu .,Other,0
các bạn đã xuất sắc hoàn thành nhiệm vụ,Enjoyment,0
"chạy xe ra đường mà che kín mặt , làm sao mà quan sát xung quanh được . đúng là ninja xành điệu , mai mốt thành ninja bàn thờ cho mà xem .",Disgust,3
per mỗi ngày đi làm thấy per là như có thêm power cho 1 ngày siêng năng !!!!,Enjoyment,0
con gái thật lòng nhất khi con trai không có gì . con trai thật lòng nhất khi anh ta có tất cả mọi thứ . cuộc sống mà 🙄 có chắc mình thấy gái xinh là không tớn lên không mà đòi con người ta không mê tiền . phát biểu nghe thực dụng vãi,Disgust,3
"dume lương cao nhất vẫn là các lãnh đạo nhé , trăm đến nghìn tỷ :))) mà toàn chạy thêm xe ôm với bán rau :))))",Disgust,3
cuối cùng tao cũng được xem hết mấy cái video mà trước đọc comt đéo hiểu gì 🤣🤣,Enjoyment,0
cái phim vietsub đang hay lồng tiếng vào nghe dị ứng thật 😒😒,Disgust,3
nắng quá chứ bộ ai muốn,Other,0
sau vụ này ý thức đậu đỗ xe của tài xế sẽ tốt hơn rất nhiều !,Other,0
hôm ấy tao chân ướt chân ráo từ quận 6 lên quận 3 cũng rẽ trái đoạn ntmk và cmt8 . mất 3 lít :( khôn hẳn ra,Sadness,2
nổii da gà hic,Fear,1
tìm mọi lí do để có thể chạy xe ngang nhà nhìn nhà nó phát xong cười mãn nguyện đi về :)),Enjoyment,0
nguy hiểm lắm,Fear,1
ông này chính xa ́ c làm biến nhất thế giới !!! để bộ móng tay như thế này sao làm được mọi viê ̣ c !,Disgust,3
tính ra tao lúc nào cũng hài hước vui vẻ luôn đó trời :)))),Enjoyment,0
"cũng tùy , đôi khi không cần vật chất mà chỉ cần động viên , san sẽ những khi con mình vấp ngã hay khó khăn trong cuộc sống thì ...",Sadness,2
cảm thấy bị tổn thương,Sadness,2
eo ....,Disgust,3
sởn gai ốc với chị ấy,Fear,1
"haha con hãm bán nước hoa fake mà kêu real , bị tao vạch mặt rồi block tao",Other,0
hóng mấy đứa mấy thằng tag người yêu rồi ảo tưởng như thế này xd,Disgust,3
"còn tôi thì lại khác , thanh xuân của tôi chả có bây giờ gặp được aiii và hạnh phúc bền lâu cả :(",Sadness,2
càng nhìn tấm ảnh càng thấy thương cha mẹ nhiều hơn,Other,0
"ám ảnh hồi bé của c , con này trông nhà oke hơn cả chó luôn",Fear,1
cai lo xô tôi đang xài mỗi ngày,Other,0
hình như xe biển xanh,Other,0
lớp tao thì học nhau 3 năm chụp kỉ yếu nói : đéo có tiền đi chụp . địt mẹ mấy con mặt lồn . quá đen khi học còn mấy con đấy,Disgust,3
trời ơi quảng cáo ngói mà sống động quá,Surprise,0
"hy vọng chừng đó con đã đi mẫu giáo lớn , 1 xe bảy chổ và nhà hai tấm 🤣",Enjoyment,0
per đừng lầm tưởng,Other,0
bưởi chín nó như vậy đấy ngu ạ,Disgust,3
không sao đâu :) bệnh này lây qua đường tình bạn,Other,0
1 bạt tai 2 đạp chứ ở đó bướng,Anger,4
súc vật là có thật .😏,Disgust,3
anh vui thì anh ngồi thôi ... chú cự để mặc anh . :v,Enjoyment,0
"phim này nên xem và thuộc mấy đoạn thoại , rất hay",Enjoyment,0
vn là vậy . bn công chăm sóc của tao đổ sông đổ biển .,Sadness,2
thế em ăn anh được không ?,Other,0
như kiểu người yêu luôn ấy =))) nhẹ nhàng,Enjoyment,0
per cđ chỉ cần đơn giản như thế đã ấm lòng thế ... rơi cả nói chuyện mắt ...,Enjoyment,0
chỉ mong cảnh này sẽ không còn xãy ra ở xã hội này nữa . bất hạnh vậy đủ rồi 😞🙁,Sadness,2
đúng phải chia tay gặp loại óc chó thế này cơ mà,Disgust,3
xạo quá add ơi ! y tế nào lương 24tr thế ?,Disgust,3
"tao thì chưa cắt thì đã đéo có sức hút rồi cắt , bùn vãi",Sadness,2
"per đâ ́ y , hiê ̉ u vi ̀ sao nên cha ̀ o mo ̣ i ngươ ̀ i chưa",Enjoyment,0
khó hiểu lắm,Other,0
ước gì tôi cũng được kiên trì như anh ấy để dạy con gào mất nết nhà tôi 😪,Sadness,2
con này ăn cức mà lớn hay sao ấy . đánh không lại thì chạy ngu như bò đứng cho tụi nó đánh,Disgust,3
khi nào có người mang trầu cau sang hỏi cưới thì tao kết hôn . hỏi thừa thế 😒,Disgust,3
cho em canh với . hehe,Enjoyment,0
"vừa về xong , phải nói là đông vãi đông chứ không phải đông bình thường =))))",Enjoyment,0
trên đời vẫn còn nhiều điều tốt đẹp ❤️,Enjoyment,0
chắc học từ bỏ quá,Sadness,2
mẹ thấy đơn giản không ? đấy giờ chỉ việc lên số cái .... lên ...☝️☝️,Enjoyment,0
và thế những thanh niên ô dâm vào bình luận về cô giáo mình như đúng rồi . nhân cách mất mẹ nó rồi,Disgust,3
per tôi có 1 thằng bạn lúc nào cũng chỉ lo dìm hàng chiều cao của tôi thôi .,Disgust,3
yêu làm mẹ gì rồi phải chia tay người ơi,Sadness,2
cô per vợ ông per - trung nguyên - có phải là cô giáo per huyền thoại không nhỉ ?,Other,0
chỉ sợ tốc độ ăn của dân mình thì không kịp gây hại thôi,Other,0
phạt là đúng rồi,Disgust,3
cần có cơ quan chức năng tới để làm rõ vụ việc với ngư dân đã bắt nó,Other,0
ai bảo đi mách lẻo làm gì chúng nó chả đánh cho .,Disgust,3
chúc mừng em và chúc em học tập tốt ngành học đã chọn ! niềm tự hào của tây bắc !,Enjoyment,0
t nghĩ thợ chụp đéo có tâm bằng thợ make đăng và thợ photoshop đâu,Disgust,3
"nói dân trí thấp lại tự ái , hỏi nhiều hỏng nhiệm vụ nó lại quy tội chống người thi hành công vụ thì ăn lồn",Disgust,3
có chị em nào khu vực loc đi coi cùng mình không ...,Enjoyment,0
vì ai cũng có mối quan tâm riêng,Other,0
"nói câu sau là nuốt câu trước , y chang nuốt não nó v đó nhỉ kk thật thú vị",Enjoyment,0
mới mua p30 luôn,Other,0
rồi nhận ra chỉ mình là cảm thấy như thế thôi hả :(,Sadness,2
nhìn cách dạy chó là biết cách dạy con,Disgust,3
ngày nào cũng ngủ với mẹ rồi mà vẫn còn tiếc :))))),Enjoyment,0
"thằng nào vẽ đẹp , vẽ giúp tao tấm ảnh per phòng hờ cúp điện không có tài liệu quay tay :(",Enjoyment,0
cho chừa cái thói chạy xe khôn lõi,Disgust,3
thề luôn con ngáo nó thích trêu mấy đứa sợ sợ như này =)),Enjoyment,0
"đm tao quăng bể mẹ nó cái màn hình , chó admin - _ -",Anger,4
không biết nguyên nhân từ đâu,Other,0
tài năng sáng tạo vẩy bút thôi cũng là nghệ thuật,Other,0
má :))) đoạn đeo mặt nạ kinh dị vkl :)),Fear,1
thế mới bảo . chủ động riết rồi nó xem thường :)),Disgust,3
cafe nguyên chất 🙂,Other,0
"chưa nói chuyện thân thiết quan tâm , mới xã giao thôi đã lầm tưởng rồi ấy chứ , haizz khổ lắm",Sadness,2
các mày trốn đi bọn chủ tịch đang đến kìa 😨😨😨,Fear,1
cái này phải hơn 20 năm rồi . lần đầu không biết canh lửa nên cơm khét hoài 🤣🤣🤣🤣🤣,Enjoyment,0
per ông này ác thật con bé nó van xin thế rồi,Disgust,3
per sự tích con chim họa tao với mấy thắc mắc hồi trước nè,Other,0
"mỏi lần làm phiền và sát hại bao nhiu con kiến , tôi không tu hành nhưng làm thế vì miếng ăn ác ôn quá ngon lành gì",Disgust,3
lớn lên sẽ rất đẹp chaiii ??,Enjoyment,0
"thấy bảo sang năm được tủi , nhưng mà năm nay vẫn chưa có người êu",Sadness,2
diễn viên có cá tính hay nhât từng xem,Enjoyment,0
mệt như chó :3 nhưng mà hoan hỉ đầu năm đi xin lộc :v,Enjoyment,0
per cái dume mày thấy tác hại của tập gym chưa,Fear,1
bạn đặt câu hỏi với mục đích không cần câu trả lời thì thôi mình không nói chuyện,Disgust,3
"tao sợ chó lắm .""",Fear,1
"đấm liên tục vào mồm , không trượt phát nào ...",Other,0
"per nếu có khi nào thấy bản thân vô dụng hay là thất bại , thì hãy nhớ có những người chế tạo ra mấy cái của nợ này . =))",Enjoyment,0
per ai bày mày thiết kế thế này hả ???,Other,0
gd năm nay chán,Sadness,2
em chờ được mà 🙂,Enjoyment,0
thanh niên thích chơi nổi nhưng nói ngọng :vậy,Disgust,3
sau khi xem ảnh này xong tôi quyết định ... mua honda :v,Enjoyment,0
tao cừi tao ỉa 🤣🤣🤣,Enjoyment,0
per tuổi thơ của mềnh đi học là lúc nào bạn tao cũng ngồi trên và khi nào múa giờ ra chơi cũng múa chung với mềnh 😅😅😅,Enjoyment,0
thấy không có gì hấp dẫn,Other,0
chẳng bao giờ thấy sai,Other,0
per bài tủ 1 thời =)),Enjoyment,0
hồi xưa đã có giày sục mõm cá sấu rồi cơ à ??,Surprise,0
chỉ mong ở cái độ tuổi ấy chúng ta còn được như vậy,Enjoyment,0
trong luật có khung hình phạt xử bắn không ... ghê tởm,Disgust,3
nhanh thật . đã bắt được rồi,Surprise,0
"lên kiểm tra phòng thấy dơ quá thì x10 x20 lên cho nó trả lòi lồn , lần sau nó không làm nữa việc chi không kiểm tra phòng giờ gào thét , nhiều phòng nó phạt nặng vụ bánh kem , rồi bình xịt xà phồng các kiểu , ghi tổn thất đồ trong phòng đền gấp đôi .",Disgust,3
rải đinh nhiều thật,Other,0
nếu yêu anh ! em sẽ hỏi ý kiến anh về mọi việc .,Other,0
giữ mãi lòng nhân ái các em nhé ! tấm lòng các em đẹp biết bao .,Enjoyment,0
hình như chính là cái nhà thờ đó đó,Other,0
"sao nghiệt ngã vậy :'( đề nghị bắt luôn con mụ tri hô vớ vẩn , phá vỡ hạnh phúc 1 gia đình",Disgust,3
bình yên thật,Enjoyment,0
quan trọng là có con đồng nghiệp đầy khẩu nghiệp yến đặng 🤣🤣🤣,Enjoyment,0
"ở việt nam một số người không giàu đơn thuần , tiền của họ không biết từ đâu ra nên khi lập sân sau họ có thể chơi trò này .",Other,0
má tao coi mà cứ sợ nó bay ra 😌😌,Fear,1
đù mé nó ... bơi nhiều quá não rớt mẹ xuống hồ rồi hay gì mấy thằng chó,Anger,4
chân ngắn sao đi đây ta ?,Other,0
mẹ mắng lúc sáng sớm là xui cả ngày :(,Sadness,2
per mã mẹ biết hôm qua quay video sớm hơn ự,Sadness,2
"dân trí thấp , trẻ trâu , trai làng 🙂",Disgust,3
tự dưng cụt con mẹ nó 1 tay trong 66 năm 😂 chả để làm đéo gì . nhìn bẩn bựa vkl 😂,Disgust,3
nhện đéo bằng thằng lằn đâu :)) dume kinhh tởm vll :((,Disgust,3
địt mẹ 2 thằng bạn lol,Disgust,3
đùa ... cảnh sát việt nam tài thật . vụ gì cũng bắt trong 48 giờ,Enjoyment,0
xem chỉ đợi đến đọan nó ngã để cười :)))),Enjoyment,0
per đồ ảo tưởng,Disgust,3
đó là lý do tao chỉ muốn điện thoại là phương tiện liên lạc . không phảu phương tiện chứa đựng bí mật,Other,0
"gia đình và tình yêu , để thay đổi mọi thứ",Other,0
"hồi lớp 1 đú theo lũ bạn về học nấu . thế là cơm sống , sợ quá vùi gạo trong đống tro",Fear,1
năm ngoái là hôm hai chị em chuẩn bị làm mứt tết ... cũng không nhó có gato với họ không ... năm nay thì khác .... vẫn cô đơn nhưng không hề gato .....,Enjoyment,0
chỉ là không có ai để nhắn thì mới nhắn cho mình . công nhận nguy hiểm,Fear,1
tau cố gắng chỉ được từng này 😦😦,Other,0
tội này nên cho đi tù cả lũ đi người mình hại người mình 😡,Anger,4
thằng này cục súc vãi,Disgust,3
nhỏ ngầu lớn lên nhìn bê đi =))),Enjoyment,0
thằng lái tàu mua bằng .. con ông cháu cha mới xin vào đây được .... bẻ lái lách ra 1 chút thì có sao đâu ... cục súc vãi ....,Disgust,3
tối nay chồng tương lai sẽ đưa con khác đi chơi 😆😆😆,Sadness,2
hôm nay đi qua vẫn thấy nói chuyện thải chảy thẳng ra sông thì bao giờ mới sạch được ... haiz,Sadness,2
"đó là 1 câu chuyện buồn , tao không có bạn trai hix hix",Sadness,2
ở daklak nữa không xử phạt thì còn mất nhiều,Other,0
đầu mùa chua chua ăn ngon vãi_chưởng . thích vải lắm luôn . trong khi nhà toàn nhãn .,Enjoyment,0
chẳng thấm vào đâu . so với số tiền khủng kiếm được . hằng ngày mụ ta nói khoác lác vài câu .???,Disgust,3
"tao có 4 cái ăn không tao share bớt cho , cạch mặt đứa bán hàng đi",Disgust,3
đầu óc đến giờ vẫn còn nặng và đang né tránh mọi người .,Fear,1
chuyên cơ tt quá đẹp ! bao giờ má mua được chiêc như vâ ̀ y trơi ̀ !!,Enjoyment,0
bó tay . lại khiển trách . rút kinh nghiệm,Anger,4
điên khùng . nhưng hahahah . nhiều tiền quá mạ ơi,Enjoyment,0
một nỗi buồn thầm lặng,Sadness,2
béo tí đáng yêu mà =)),Enjoyment,0
tag cái đứa bạn nghĩ nó nên gia nhập hội này ;),Other,0
sau này có nhắn tin thì không phải là chào em mà là chào mọi người,Other,0
tài liệu mật mà mày cũng biết à 😆 max xạo lờ,Disgust,3
ổng múa đẹp thiệt chứ bộ .,Surprise,0
per anh có định quát mắng em không,Other,0
"má ơi , coi đến fire tưởng quảng cáo rạp chiếu phim , đến cuối té ra là mái nhà =))",Surprise,0
ra chỗ khác sóng không tới viết đi cậu :((( nhìn buồn vãi,Sadness,2
rơi mất tim . nguy hiểm thiệt ^^,Fear,1
"hồi nhỏ thì tao bị cả bầy dí , được fine :)))))) đến khi tao 12 và đi học đh năm nhất , sau 1 tháng xa nhà , về nhà và cái kết là tao không còn bước ra khỏi cửa nữa , n dí everywhere :)))))))",Fear,1
per ngồi ôm bụng cười và liên tưởng đến nhiều nhân vật,Enjoyment,0
ko sợ gì chỉ sợ con ml ý 😞,Fear,1
cảm thấy bạn trai tớ giận dỗi đáng yêu cực,Enjoyment,0
ủa xưng mày tao thì có vấn đề gì nhễ,Other,0
"toàn xử ép , đi tù gần được 7 năm rồi đền người ta 200 triệu . thời gian tuổi trẻ của con người rẻ mạt quâ",Disgust,3
thứ mà dễ dàng qa cũng nguy hiểm,Fear,1
"đúng vại , với ai nó cũng tỏ ra như thế . hihi 😂",Enjoyment,0
với mình đoạn mấy thằng đỡ đẻ là hay nhất,Enjoyment,0
nhà em có tính lắp không per,Other,0
gái đĩ già mồm,Disgust,3
thương em :(,Sadness,2
sáu múi đâu rồi,Other,0
đậu phộng hahhahah may hềy,Enjoyment,0
nó ở cái tầm vũ trụ chuẩn mẹ rồi,Other,0
đổ vỏ chắc luôn 😌,Disgust,3
cô ấy còn không thèm coi tin nhắn của tao :((,Disgust,3
hạnh phúc phát khóc,Enjoyment,0
per tụi này bản lĩnh ghê .,Surprise,0
mai thi xong tao sẽ mang đống đề cương đi bán cho đỡ ghét,Disgust,3
dự là sắp có án mạng xảy ra 😂,Other,0
phòng gì vậy .,Other,0
"hai đứa đều có máu ở tay , mù à mà không nhìn thấy 😒",Disgust,3
thằng nào sửa xe này dễ đau tim mà chết lắm . :)). nhất là những thằng sợ rắn .,Fear,1
đó cứ có phải trông giàu sang phú quý là sẽ sòng phẳng đâu,Other,0
sao đũy đó có thể mập được vậy nhỉ,Surprise,0
lại công cốc rồi . cả thế giới kì vọng,Sadness,2
tao tưởng tượng sau này sẽ có 1 thằng bồ vừa điên vừa ngáo giống tao .. chắc vui hết sảy 🤣,Enjoyment,0
ai hát tao cho tao nge bài này chắc tao say quá,Enjoyment,0
cách tốt nhất là đứng lên và chọn 1 nơi khác để tìm 1 thứ tốt đẹp hơn và dễ viết hơn :)),Enjoyment,0
lập đội cảnh sat chuyên đi dẹp những nơi tụ tập như thế,Other,0
tao ngự ở trong uống nước cho nhàn thân rồi,Enjoyment,0
nếu bạn kinh doanh mà tôi đỗ xe trước cửa nhà bạn cả buổi thì đường của ai nhỉ,Disgust,3
per thuê kiểm kê tài sản do toà án làm bạn ơi . 😂 cả 1 nùi người làm cật lực đấy .,Other,0
yêu quá ! xinh quá ??????,Enjoyment,0
ước mơ làm ngành thật đam mê,Other,0
câu chuyện của em làm anh cảm động quá …,Sadness,2
êu ơi sao con mụ này không gặp mình nhờ :))) ước gì có con mụ thế này tông vào mình ý :)))) klq mà giọng bé quay video đáng yêu thế ❤️,Enjoyment,0
thề dume đứa nào nghĩ ra cái đoạn kết như kiểu hết phim như này nhàm vãi ra . đang hay thì tụt hứng,Disgust,3
ko như thằng per năm ấy ngồi cạnh tao một hai không cho chép bài thi ! đm,Anger,4
tuổi gì so với anh ! :) haha,Enjoyment,0
"nó gieo cho tao mầm hi vọng , hi vọng vừa chớm nở nó đạp xẹp lép sự hi vọng bằg sự lặng im",Sadness,2
bỏ tù hết lũ xả thải như thế này đi,Anger,4
chữ tao từ lớp 3 đã kiểu như thế nào và còn đẹp hơn nhé .,Enjoyment,0
dume nó hết con mẹ nó hồn ....😭😭😭😭,Fear,1
14 / 2 năm ngoái tao mọc sừng . nên 14 / 2 năm nay tao quyết định cưa sừng 😊,Enjoyment,0
đm trí tuệ vãi,Enjoyment,0
thấy tội em thỏ bị ăn đòn tới tấp,Sadness,2
một bài dịch hay,Enjoyment,0
giọng cute phết,Enjoyment,0
mày độc ác vãi,Disgust,3
ở đây chúng tôi không làm thế,Other,0
uầy . ngọt thế ??????,Enjoyment,0
mỗi lần chào cờ :)) đậu má dth vãi :v,Enjoyment,0
lâu quá rồi không nghe,Other,0
sẽ được toại nguyện thôi . yên tâm .,Other,0
"à , thì ra là nó dỗ mình 😂",Surprise,0
dth quá haha,Enjoyment,0
bớt rung động đời bớt suy nghĩ,Other,0
tóm lại gọi là nghệt thuật của kinh doanh là bán lỗ ho nhanh,Other,0
"mấy thằng con nào sủa câu "" công việc thì chịu đi than cái lol "" thì dume tụi bây sau này ráng làm giàu làm chủ nha con chứ nghèo thì con cái tụi bây phải đi làm thuê làm mướn gặp hoàn cảnh tương tự rồi tụi nó quay lại chửi vô mặt cha mẹ nó là chúng mày thì nhục lắm nha con .",Disgust,3
per một thời nè 😃,Enjoyment,0
"má gần nhà có nuôi 1 cặp ngày nào đi ngang nó nhìn thấy nó quay đầu bỏ chạy , con gì mà dữ thấy mẹ hà",Fear,1
cái kết hay nhất là đuổi khỏi dòng họ tiếp theo nhàm quá,Disgust,3
định share mà đọc bình luận tắt con mẹ nó cảm xúc :(((((,Sadness,2
thật là một sự mỉa mai,Other,0
tao đang cố un crush nhưng khi xem xong video trên thì ..........( khóc không ra nước mắt ),Sadness,2
lúc mày vui thì sao :))) những lúc buồn hãy nghĩ lại trước kia vui sướng !,Enjoyment,0
anh ơi :3 hôm nay em thích anh chơi game và đi ngủ sớm đấy :3 đừng đi chơi với gái :<,Other,0
ai ngu như mày,Disgust,3
per bị phạt 10tr à c 🤣🤣,Enjoyment,0
xem mấy lần rồi vẫn thấy hay,Enjoyment,0
đơn giản mà mấy ai làm được .... ngưỡng mộ,Enjoyment,0
hạnh phúc ghê,Enjoyment,0
vớ vẩn :)))),Disgust,3
nt thêm cái dạ vâng thấy quý vãi,Enjoyment,0
:) đàn ông mà nặng tình vãi lol ra,Sadness,2
loài vật đang dần dần có trí khôn và hành động như một con người còn một số người thì đang tiến hóa ngược :v,Disgust,3
khiếp quá có đẹp đẽ gì đâu chứ ?,Disgust,3
"dù chỉ để nhìn 1 cái , để biết người ấy vẫn ổn , người ấy còn tồn tại . ít nhất là nv 😔",Sadness,2
biết đâu mưa xuống ổng ấy lại hết ngáo ??????,Other,0
"phải chi có ai đối với tao như này ha . nghĩ lại , mình không bằng cả chó . aiyo ....",Sadness,2
tao mà ở đây là sợ rụng trứng luôn chứ đừng nói ăn,Fear,1
tao rất thích nhạc trung từ giai điệu đến ý nghĩa rất hay 😁😁😁,Enjoyment,0
"đứng nhất tại trừ phí nhiều chứ khỉ gì . mới lãnh lương xong là trừ , không đki dịch vụ gì hết mà tháng nào cũng trừ , tới lúc cần giải quyết ra đợi cả buổi , rồi lại hẹn cả tuần .",Anger,4
làm phục vụ xong 4 tháng đi hà nội 1 lần chỉ để gặp người yêu xong giờ thì mới biết là nó cắm nguyên cây sừng lên đầu mình,Sadness,2
thế con lồn chủ nhiệm kia đéo có trách nhiệm gì nữa à :/ giáo viên mà sao nghĩ ngắn thế ?,Anger,4
trong khi đó lũ con trai lớp tao mỗi lần cắt tóc xong là một vở kịch mới được mở màn :vv,Enjoyment,0
"chúg mày cứ bảo nhắn thêm , tao thấy mày nhắn chữ dạ vâng là đã thấy đáng yêu rồi :)))",Enjoyment,0
con đũy ngổng ngáo,Disgust,3
add xem ảnh ngoài đời chưa mà nói dume,Disgust,3
có người sinh ra đã giàu có người làm cực khổ cũng không thể giàu . thương ông,Sadness,2
cho hỏi ngu tí là tiền bồi thươ ̀ người mấy vụ án oan lấy ra từ đâu vậy ??,Surprise,0
tên thì tất nhiên nhớ nhưng ngày sinh của tao thì ông bà bô nhà tao không một ai nhớ cả ^^,Sadness,2
câu chuyện vui ha =]],Enjoyment,0
sao em này lại xinh vậy ?,Surprise,0
đáng yêu mà sợ gì,Enjoyment,0
không hiểu lắm,Other,0
"tao chả thấy cười ở cái đoạn buồi nào cả , sắp đến đoạn hay tí lại ngắt cmnl",Disgust,3
chúc trump chuyến bay thật may mắn nhớ tới thăm hà nội nhé xin chào,Enjoyment,0
"gặp tao , tao ré cái hoảng mất :(( đáng sợ qué",Fear,1
có đứa nào giống tao vào đọc bình luận để biết cái này là cái gì không .?,Other,0
"này hai đứa , đã đi niềng răng chưa , chưa thì đi niềng đi rồi quay lại nhé nhởn ra cười như hai đứa thần kinh nhé",Disgust,3
"sai nhé ! không phải trầm cảm đâu . thứ đó , kinh khủng hơn rất nhiều",Other,0
lò bếp dầu một thời nè gì per,Other,0
khi nhỏ còn bị nghiện mùi khói này nữa chớ . 😄,Enjoyment,0
lâu lắm rồi mới nghe lại bài này 😀,Enjoyment,0
phim này xem rồi ý nghĩa vài,Enjoyment,0
khi đang xây cầu mà bị rút bớt kinh phí !,Other,0
ít nhất con nhện nó còn yêu mày 🙂🙂🙂,Enjoyment,0
tao bẻ cổ mày luôn ấy,Anger,4
"đm 3 tiếng đi được 20m , đéo biết bao giờ mới về đến nhà",Disgust,3
dell hiểu phí cái con cặc gì =))) cái tỷ lệ mặt này .,Disgust,3
mày chặt một tay đi cho dễ nhớ,Other,0
khoảng gần chục năm về trước thì còn vàng trắng .... giờ thì bán còn không đủ không đủ để trả công nữa là,Sadness,2
1 chút vị cay pha thêm 1 chút vị đắng nhưng đôi khi cũng có chút ngọt ngào,Other,0
tình yêu là lời nói dối của 1 thằng khùng được tin bởi 1 con ngu 🤣🤣,Disgust,3
má 2 thằng áo vàng lầy ghê 😂,Other,0
bộ phim truyền cảm hứng hay nhất =),Enjoyment,0
cái kết có hậu quá :)),Enjoyment,0
mặt hài vãi chưởng =)))),Enjoyment,0
câu chuyện thật cục súc :),Disgust,3
"em sẽ mãi không biết có lúc tôi gọi chỉ để nghe câu "" ai vậy ?""",Sadness,2
per kinh nghiệm nha,Enjoyment,0
bếp dầu lại nhớ thời sinh viên,Other,0
"các bạn đừng dạy người giàu đặc biệt ( đàn ông ) cách khoan dung và của chồng công vợ . qua bao nhiêu bài tìm hiểu . chị vợ rất thâm !!! tuy mình là phụ nữ , nhưng đọc qua nhiều bài mới nể phục anh vũ . và cảm thấy sự khinh bỉ đâu đó dành cho c thảo , dù c tài năng đến đâu nhưng c tham thì thâm mọi người sẽ không bao giờ ủng hộ c .",Disgust,3
người ta thật thà phết,Enjoyment,0
chàng trai vàng trong làng bấm biển =))),Enjoyment,0
sao không thây lên báo nhỉ,Other,0
lần sau mua mấy con vít gỗ 2cm lém gần bánh :)) lần sau sợ ngay :)),Other,0
ai sẽ chở tớ đi đâyy,Other,0
không may thụt chân xuống thì sẽ như thế nào nhỉ chắc là thốn đến tận rốn,Fear,1
nhìn ông với bà chất hơn thanh niên bây giờ,Enjoyment,0
per đồng nghiệp tốt giúp ta dễ vào nhà thương điên kkkk,Enjoyment,0
"thứ hãm lol , trêu vô duyên vãi , xấu mặt dân tao",Disgust,3
per vẽ đẹp cũng có thú vui của nó mày :)),Enjoyment,0
"ngày xưa nuôi mấy con mèo . đêm hôm nó cứ lựa lúc cửa mở là chạy đi chơi mất . những lần nó không về buồn thối ruột , tối cứ mở cửa để đợi tiếng meo meo 😥",Sadness,2
xem cả chục lần vẫn thấy hạnh phúc lây với cụ bà 😊 không biết mai sau mình có được vậy không,Enjoyment,0
phim này rất hay . tình cảm nhẹ nhàng . toàn zai đẹp . hehe,Enjoyment,0
per thế mà cháu tôi không biết chơi 😭😭,Sadness,2
là nhân duyên trời ban cớ sao chẳng thành đôi :(,Sadness,2
per c . bị tinh thần đi xem đi 👻,Enjoyment,0
đáng yêuc quad 🤤🤤🤤,Enjoyment,0
thu nhập bình quân chứ không phải thu nhập của nhân viên nào cũng thế 😏,Other,0
tốt nhất là không nên mang điện thoại theo người,Other,0
dume sởn gai ốc 😭,Fear,1
"chả lẽ không không cô bắt học sinh quỳ như thế à ... bây giờ vài bọn “ học giả ” cứ rả rích là thầy cô không giáo dục học trò chỉ đăm đăm vào dạy , lúc thầy cô “ dạy ” thì lại rôm rả về đạo đức nghề giáo ... ôi thôi ... đủ các thể loại",Disgust,3
"đẹp quá mày , còn không cho tao xin ít",Enjoyment,0
mày nghĩ mày cản được tao à ? :)),Other,0
thế là dấu ấn lịch sử và hình tượng thằng gù nhà thờ đức bà của nước pháp đã thành tàn tro :(,Sadness,2
mày cứ đái ra võng là lần sau vợ mày sẽ rút kinh nghiệm,Disgust,3
dkm bọn này thất đức thật,Anger,4
add cứ khoe đi . mai lại chặt hết như nguyễn trãi mà 😂😂😂,Enjoyment,0
cảm giác lúc đấy mình quá đáng vãi ra,Disgust,3
nghe quả tên nó đã khét vãi rồi . :))),Enjoyment,0
mình cũng có con mèo đực nuôi được 1 năm thì nó biệt tích 1 năm sau nó về rồi 1 năm sau thì nó mất .... buồn,Sadness,2
per cứ chuẩn bị tiền đi hú là tôi đi,Other,0
ui mấy ông tướng men nì từ bé luôn nhỉ . đáng yêuc chết được 🥰🥰🥰,Surprise,0
quá đáng !,Anger,4
cái này thì ai chả đau lòng trời,Sadness,2
hay lắm,Enjoyment,0
thế này lại thành xây nhà cho nhà hàng xóm rồi 😰,Sadness,2
"nhiều nước quá , lấy bát về múc nước ra thêm tí đường vào là có 1 bát nước gạo ngon lành",Enjoyment,0
"phải nói thằng lái xe đỗ quá thể , sau vụ này chắc sẽ khôn ra nhiều",Disgust,3
"xem tới xem lui không biết bao nhiêu lần , nhưng đều có cùng cảm xúc mỗi lần xem lại . một bộ phim tuyệt vời 👍",Enjoyment,0
"tàn nhẫn thế nào , là khi mình trao họ hết hy vọng rồi họ lại dập tắt đi nó",Sadness,2
có tiến bộ ! kkk,Enjoyment,0
chờ một ngày tao ưu tú rồi mọi thứ sẽ tự tìm đến với ta,Other,0
t định thả sad nhưng đọc bình luận buồn cười vailon 😂 nên thả hahaa :v,Enjoyment,0
quá nguy hiểm . chúng nó có thể đang đùa cợt với mày đấy,Other,0
"người ta đi trước cả ý nghĩ của ông rồi đừng dậy người ta , phải tự hào chứ",Disgust,3
buồn thế nhỉ . t mới mua con per chưa nổi 1 năm . thế này thì biết sống sao 😨😨,Sadness,2
phải thế mới hết thối được,Other,0
thấy cái thèm ts quá,Enjoyment,0
nếu diễn viên chính trẻ hơn đẹp hơn đang yêuc hơn thì mình sẽ xem haizz,Other,0
dm cưng vlll =))),Enjoyment,0
"quan trọng là lòng tin , bạn bè mình một số người mình đã mất lòng tin thì đừng bao giờ nói chuyện tiền nong . khâm phục anh",Enjoyment,0
dm . đồ dạo này lắm tạp chất hay s í nó đéo phê nhg mà vẫn bị ngáo,Fear,1
chỉ khổ thân bọn trẻ thôi đau sót lắm,Sadness,2
chứ sao mày không ngủ mà kêu tao ngủ,Other,0
mấy con bò nó nhột nó lại cắn cho giờ,Other,0
tao sẽ chỉ tự an ủi là đấy chỉ có trong phim truỵên ngôn tình :),Sadness,2
dume sự nghiệp vứt đi đâu,Other,0
t mà bị như này thì chắc tao chết luôn c ạ 😂😂 per,Fear,1
lại cái trò đéo cho đỗ ???,Anger,4
"hăm hở đón nhận tất cả , thậm chí là nỗi buồn , nếu điều ấy khiến việc tồn tại của bạn mang một hương vị đáng nhớ ...",Sadness,2
đôi mắt to quá,Surprise,0
buồn dễ sợ mà huhu,Sadness,2
thú vị vậy =)),Enjoyment,0
giống tao thế nhỉ ! 😑😑,Surprise,0
nói chuyện như người yêu ??,Enjoyment,0
toàn bọn lùn haizz,Disgust,3
"per mày nhìn thành long hồi này có thấy giống mặt anh chung nhung hồi xưa không :))))). thề luôn , tao thấy giống vãi 🤣",Enjoyment,0
thôi chết . thế thì tao đứt dây thần kinh gây cười rồi,Other,0
tao lại lấy mỡ đè chết mày bây giờ,Anger,4
"rất thích g7 hồi từ 2012 trở lại , có lẽ sẽ uống lại trung nguyên :)",Enjoyment,0
chuỗi ngày tủi nhục cũng từ đó mà bắt đầu,Sadness,2
per hihi nhớ không,Enjoyment,0
con cháu thằng nào ra đường mà không dạy thế,Disgust,3
chắc là không sợ chó ha,Other,0
tks admin ... tôi muốn tìm phim này lâu rồi mà không nhớ tên phim ... tks admin nhiều,Enjoyment,0
thính hơn chó động 1 tí là kêu inh ỏi điếc cả tai . đuổi thì đuổi dai 😒,Anger,4
lạy chúa con còn lứa tuổi học sinh,Other,0
đó là 1 câu chuyện buồn 😤,Sadness,2
"nhìn cảnh này mình nhớ lại cảnh ông ngoại mình đứng ngay quan tài bà ngoại khóc nức nở . bà đi rồi để ông ở lại một mình , đau lòng quá",Sadness,2
"bánh tráng trộn năm đó ở roai ờ ti , ruột đau như cắt nói chuyện mắt đầm đìa đền thg dưa gang cốc dưa hấu kem chi per",Sadness,2
bây thấy nó vô lý vãi lol không ?,Disgust,3
chuẩn con mẹ nó cơm oy 😂😂😂,Enjoyment,0
ngày xưa mẹ tao dạy ở miền núi . năm tao học lớp 3 lần đầu tiên lên trường với mẹ . đaumoa mấy con ngỗng mất dạy rượt tao leo lên cây phượng cao chót vót cả tiếng không dám xuống .,Fear,1
đúng rồi . tất cả chỉ là lừa dối thôi . nhớ nhé ..,Disgust,3
mày chuẩn bị ra rìa rồi con,Other,0
"chứ tao mà viết đến giờ chắc dày lắm , nhiều đứa bị lôi vào sổ ghi nợ lắm :d",Other,0
xem 1 lần rồi thôi !!,Other,0
cắt tóc xong rùi gội đầu xong tóc còn ướt ý nhìn đẹp trai lắm luôn ý,Enjoyment,0
"sau 1 thời còm men dạo khắp muôn nơi , cháu đã lên được fan cứng rất rất cứng 😆😆",Enjoyment,0
ông lại tự phức tạp hóa vấn đề lên thôi :v,Other,0
"mất 1 phút để say mê một người , một giờ để thích một người và một ngày để yêu một người nhưng có thể lại mất một đời để quên đi hình bóng ấy . đấy là câu xạo lol trong ngôn tình thôi chứ tin thế đéo nào được",Disgust,3
hạnh phúc . mà hạnh phúc của đàn ông thì khó nói lắm . kaka,Enjoyment,0
tripod dựng cao lên để chụp thì thần kinh chỗ nào :) dume ghép video đếu xem mà chèn tiêu đề như con cặc ấy,Disgust,3
thấy ớn,Disgust,3
mấy bọn thả chó không rọ mõm gây hại cho người khác phải bị chó cắn mới thích đáng per,Disgust,3
"đó là do bạn ngu , đéo biết chọn chỗ viết",Disgust,3
"giờ đây chúng ta , những con người của ngày ấy giờ không còn nữa ... những lời nói về mai sau nhưng ta đâu ngờ sau này chúng ta càng trở lên xa lạ",Sadness,2
ngại gì thế vừa nhanh vừa tiện,Other,0
nhà anh có cơ to nhưng óc anh bằng quả nho !!,Disgust,3
bếp dầu vặn tim rồi chăm lửa nó mới cháy nha chỉ cho mấy đứa không bit sài,Other,0
không biết thật mà hix .,Sadness,2
về nhà thể hiển nhé chú em,Disgust,3
"per anh nào nhắn vậy là tao yêuc luôn đéo suy nghĩ , ngọt vãi",Enjoyment,0
lỗi là do phụ huynh . nên đừng gây áp lực cho mấy em trẻ,Disgust,3
"sai rõ rồi , bếp công cộng nào cũng phải có lưu mẫu chứ . nếu không lưu thì lại vi phạm thì xử cái đó",Disgust,3
"đang lười quá nè , làm sao để bớt lười",Other,0
đẹp quá 😆 vi diệu,Surprise,0
"đến lúc yêu nhạt cực :) tao thề ! kiểu chán chán , muốn quay về đơn phương hơn",Sadness,2
ngiu tao cắt tóc xong nhìn như cặc . phải để tầm nữa tháng sau nhìn mới nung trở lại,Disgust,3
có lẽ chỉ là con tốt thí thân cho cả bầy bụng phệ phía sau,Disgust,3
nghèo mà đi tập huấn sang chảnh ??,Disgust,3
tao toàn bạn gái mà sao vẫn tưng tửng nhể ???,Sadness,2
vậy cứ mở mồm chó ra đổ thừa trung quốc . toàn mình giết mình,Anger,4
"cấm đỗ thì gọi phường hay thanh tra giao thông xuống cẩu đi , chứ đường nhà chủ thớt bỏ tiền mua chắc ??????",Disgust,3
"cái dòng ế mà dễ dãi , hứ tao khinh",Disgust,3
xem lâu rồi giờ xem lại vẫn buồn cười,Enjoyment,0
"còn giữ 2 cái đĩa cổ này luôn á , ghê hông",Enjoyment,0
quen với quên rồi thì hết đau thôi mà,Sadness,2
anh này còn phim pk nữa rất hay và ý nghĩa,Enjoyment,0
"cả phim trừ anh dv chính ra thì thấy anh này là đáng yêu nhất , dù nhìn hơi hâm hâm tý",Enjoyment,0
mua mà không được phát tán virut bán ra chợ đen thì mua để mà tế ah .,Disgust,3
cẩn thận quá cô ơi,Other,0
muốn nhanh thì phải từ từ =))))),Enjoyment,0
nhìn phiêu thật chắc nhẹ mất mấy cân một bên tai 😂😂😂,Other,0
đang có phong trào tế trượt chân bể bình hả,Other,0
có khi nào là chủ tịch giả vờ không ?,Other,0
một giây rung động con tim :))))),Enjoyment,0
này làm mình liên tưởng tới hoá,Other,0
"thích hôn , thèm hôn ư ư ...",Enjoyment,0
"nhớ lúc nhỏ tao và nó mỗi đứa 1 đường đi không ai đá động gì đến nó mà dume tao đang đi nó chạy sang đá cho tao mấy phát , dume đúng là đồ hoạ mi điên ... 🌚🌚 thứ độg vật không thể nào yêu thương nổi ...",Disgust,3
"nhìn mặt đã thấy tởm , lũ thầy cô trong trường biết còn trêu chọc các em . rặt một lũ cặn bã , súc sinh .",Anger,4
"tự nhiên chơi với con trai cái bị kêu không đàng quàng , con gái gì kỳ vậy , lại còn nhiều bồ , đi với ai cũng nghĩ là bồ . mệt thiệt chứ",Anger,4
tao ho rụng hết tóc rồi 😭,Sadness,2
tưởng đàng hoàng cho chơi chung ai dè bạn xấu,Disgust,3
per bit cái nay không . hihi,Enjoyment,0
vừa lên dốc thấy crush cười =)),Enjoyment,0
kiếp trước sống lỗi quá nên kiếp này nghiệp quật :((,Sadness,2
kkk tao chọn anh đầu tiên,Enjoyment,0
lol :) dume nhảm nhí,Disgust,3
thằng hack game nó gặp trùm cuối rồi 😭😭 truyện đến đây là kết thúc sao 😭,Sadness,2
lúc đầu tao còn tưởng thật ấy chứ,Other,0
rất chi là chờ đợi 🙄,Other,0
chị em mình giờ nói ít thôi haha,Enjoyment,0
per rồi sẽ có 1 ngày vừa cười tao vừa kể chuyện khiến tao rơi nước mắt,Sadness,2
ăn vào lại thức dậy ở một nơi xa thì bỏ mẹ :)),Fear,1
em ấy đang ở đâu ạ,Other,0
gọi gọi người ra cái lờ ! gặp bố đập mày lun cho rảnh lol nhá,Anger,4
"giả bộ vô tình gặp nhìn lén rồi đi , lại còn tìm hiểu cả gia phả người ta nữa chứ ... một thời ngu ngốc đáng yêu .",Enjoyment,0
nghe lần 3 đéo thấy hay,Disgust,3
ủa sao biết ??,Surprise,0
dume cà rốt bố đéo thèm nhé !,Anger,4
nhạt hơn tao,Disgust,3
tao hiểu cảm giác đó,Other,0
anh thật máu lửa 🤣🤣🤣,Surprise,0
"per vì ss thích coi nặn mụn , c cũng ráng coi hết và cái kết có hậu 😂😂",Enjoyment,0
bọn fa sẽ nói tao lấy ảnh mạng cho mà xem,Disgust,3
bắt võng nằm cho sướng,Enjoyment,0
đúng là khổ trước sướng sau thế mới giàu =))),Enjoyment,0
nói thiệt là 10 người thanh hoá hết 9 người chả ra gì ...,Disgust,3
đó là tìm đúng người còn sai người thì auto mối quan hệ kết thúc :)),Enjoyment,0
bọn công ty nào vậy mọi người cùng nhau lên xiên cho bọn nó mỗi đứa vài phát,Anger,4
"có thể là ngày mai , tháng sau , cuối năm , sang năm hoặc 30 tuổi :))) khi nào có tình yêu .",Other,0
dume mấy con nhãi danh . 😒,Anger,4
mình còn chưa được nắm tay,Sadness,2
boss dễ thương vãi lúa,Enjoyment,0
"nhà nuôi 1 cặp ngỗng kêu thì ôi thôi điếc tai luôn . chạy xe thì cứ canh ngay đầu xe mà nhào ra mổ , dí hơn cả chó nữa",Other,0
mặt thằng mèo khó ở vãi,Disgust,3
hỏng xe và phải đền tầu hỏa . có thể phải đi tù nếu gây hậu quả nghiêm trọng . đầu đất là có thật . 😔😔😔😔,Disgust,3
2 năm rồi và đã kết thúc rồi,Sadness,2
ngáo cỏ này đáng yêu nhỉ,Enjoyment,0
ấm áp vãi .,Enjoyment,0
per được đi thi chưa babe 😂,Enjoyment,0
mấy vụ giết người chặt xác gần đây ở việt nam toàn là người hiền lành 🤔🤔🤔,Other,0
"cảm ơn các em , tuổi học sinh lắm nghịch ngợm nhưng có lòng yêu thương con vật nhỏ bé đã giúp bé cún được sống 😘😘",Enjoyment,0
dume cười muốn chết người ta ~~,Enjoyment,0
ngày xưa có 1 cái,Enjoyment,0
dm đã mải đạp xe rồi còn hỏi hoi cái lol gì vậy ????,Anger,4
"kaka bạn này best bán hành luôn kaka . bó tay . miệng nói một đường , não nghỉ một lối",Disgust,3
"đm buồn cười đéo chịu được , đặc vụ nằm vùng đi xe đạp thì đuổi sao kịp mấy th lol đi xe máy 🙄",Enjoyment,0
"con sâu làm rầu nồi canh , tuyệt đối không có chuyện ....",Disgust,3
đứng trụ điện mới lạ chứ,Surprise,0
bọn tiếp tay cho kẻ giết người,Disgust,3
"cho phải công bằng , nếu không anh chị em không hoà thuận ...",Other,0
rồi rủi gặp phải thằng người yêu con kia cục súc nó lại xiên cả đám :),Other,0
cái này mình thấy ở ngoài đường người ta diễn nhiều lắm . nay chỗ này mai chỗ khác à . nhìn thấy riết rồi cũng nhạt cái mặt ra,Disgust,3
đi mà ngửi nách nhau à ? mua được cái cây về đến nhà còn trơ cọng,Disgust,3
quá ẩu vay mà bỏ tù người ta tân 7nam giờ đền 200tr . quá tội cho chị ấy còn những thằng kia thi quá tồi ...,Disgust,3
ngu . vào quán uống nước lúc nào thích đi thì gọi bạn mang mũ bảo hiểm tới,Disgust,3
"đều do lòng tham và sự ngu dốt của cá nhân gây ra , ngu cũng ngu vừa thôi .",Disgust,3
đùa chứ cái tầm nghịch ngu này cho vào trại giáo dưỡng mấy tháng cũng được,Disgust,3
cần lắm những nhà tuyển dụng như vầy :)))),Enjoyment,0
crush mới thích ảnh tao mà tao đã . nghĩ đến chuyện đặt tên con rồi,Enjoyment,0
vl đánh đòn hic :))))),Sadness,2
"tui đây vừa vô phòng thì con vợ mặt trắng bóc nhảy ra đây , tưởng là ma",Fear,1
nhìn vậy nhớ ông ngoại quá 😞,Sadness,2
:) cảm giác đó đau lắm các mày ạ,Sadness,2
"đang coi thấy nghi nghi , tắt vô xem bình luận , đoán ngay là sẽ giật mình , nên thôi không xem nữa haha , dễ gì bị dụ haha",Enjoyment,0
ủa rồi mắc gì phí cả 1 đời 🙂,Surprise,0
"ủa chứ bộ mày bán phá giá thì thị trường để yên cho mày à :v , mua tận gốc mà còn đòi giảm , ủa chứ giảm sao ? ủa chứ mày ngu mày bán đúng giá chứ mày đòi tao giảm tao phá sản nghỉ làm à :v",Disgust,3
nhìn cái ngành giáo dục việt nam bây giờ ai cũng mệt mỏi,Sadness,2
cưng tởm,Disgust,3
mẹ đang buồn ỉa mà trên đường về gặp mớ gờ giảm tốc kia thì phọt bà ra quần 😨,Fear,1
người gì đâu mà đẹp trai hết sức !,Enjoyment,0
khá trẩu =))),Disgust,3
đéo hiểu sao mấy thằng khốn nạn thì lại nhiều đứa yêu . anh em ngoan hiền đâu điểm danh,Disgust,3
"hết hôi nhưng cống vẫn xả xuống sông thì nó lại thành "" hòa vốn "" 🤔🤔",Other,0
"lũ âm binh khí đụ này phải truy gấp , tao tính đi bơi mà bọn bây làm vậy mất mặt đàn ông chân chính bơi vì đam mê như tao quá 😡",Disgust,3
2 câu giống nhau,Other,0
chổ mình là miền núi nên là không nấu bằng rơm nhé,Other,0
tao nghi chị xác chết với chị bác sĩ pháp y đó yêu nhau quá chúng mày :)),Other,0
đau ruột với thằng số 9 🤣🤣🤣,Enjoyment,0
đang đi ỉa tự nhiên xem phim này cái cười ỉa ra cứt luôn :)),Enjoyment,0
cái máy không có lỗi lỗi ở mấy lão kỹ sư trắc địa,Disgust,3
sau này nó lớn lên làm kinh doanh thứ gì đó thì lúc đó nó mới biết thế nào là quả báo,Disgust,3
cưng quá hà,Enjoyment,0
fan của nhà thờ đức bà paris vào cảm thông cái per,Other,0
phim cực hay và cực cảm động lòng người,Enjoyment,0
hàng nhà tao cắt tóc xong thì tao cười như con điên từ sáng đến tối =)))),Enjoyment,0
"chúng mày nhìn , tao nuốt cũng không xuống nổi , ông địa",Fear,1
hoan hô anh 😂😄,Enjoyment,0
lấy ghế ra ngồi thật tuyệt,Enjoyment,0
per phim nào cũ thì người cũng hay hêt ́ tao anh ơi,Enjoyment,0
dù 22 tuổi nhưng bố giàu là được,Other,0
"ước gì mày được quay về tuổi thơ , trước mày cũng có 1 b trai như vậy đó",Sadness,2
làm kiểu không cần bẻ phê hơn =))),Enjoyment,0
khó tính chảnh chó như mèo 🙄,Disgust,3
chủ tịch giả vờ nấu kiểu này và cái kết cháy trụi làng,Surprise,0
per nhớ thật sự,Other,0
"đấy , nó đấy . con tim tao đau quá .",Sadness,2
ngày xưa hồi còn học mẫu giáo mỗi lần đi qua là nó rượt tao chạy té khói dume còn thiếu nước chạy lại quỳ xuống van xin nó nữa thôi . đến giờ nó vẫn là nỗi ám ảnh với tao :)),Fear,1
chính xác là con gái xinh auto đáng yêu =)))),Enjoyment,0
vớ vẩn thặc ! marketing cũng có dăm bảy loại và tùy lĩnh vực . dăm ba cái này đăng mà không đọc à,Disgust,3
"kết nhất cái điệu "" xời quá là điều bình thường luôn """,Enjoyment,0
chàng trai mạnh mẽ !,Enjoyment,0
thấy hơi sợ sợ rồi đấy :(,Fear,1
như con đười ươi :)))))),Enjoyment,0
per thần thái còn phải thua haha,Enjoyment,0
chuẩn bị cho chim ăn cức,Other,0
"có chỗ tự đào thải nhưng có chỗ có đào cũng không thải , vì "" cơ chế "" đồng tiền có lỗ xỏ . khó nói lắm",Disgust,3
đang thất tình mà dume cứ bắt đi bán xoài @@,Sadness,2
đm y chang mẹ tao chửi tao luôn :),Surprise,0
trông ô uế vãi,Disgust,3
đúng rất nguy hiểm ! đằng sau 1 thằng đàn ông đôi khi là cả một tủ váy,Disgust,3
dm đang yên đang lành tự dưng bị nhét cẩu lương 😡😡,Anger,4
phản cảm,Disgust,3
"ba mẹ mình nhớ tất cả ngày tháng năm sinh âm lịch , giờ sinh , tên tuổi ...... của 4 chị em .....",Enjoyment,0
bị tát lần đầu có thể sẽ hơi sốc một chút nhưng bị nhiều lần rồi sẽ quen ngay ấy mà 😂,Enjoyment,0
ghê thật,Disgust,3
không biết đến 2021 tao có lấy được chồng không nữa :((,Sadness,2
"kỳ nghỉ hè muộn của anh mà , xõa hết đi anh .",Enjoyment,0
nhỏ không học lớn lên làm nhà báo,Other,0
2 - 3 tuần gì đấy . sao thế,Other,0
per đu ̣ me ̣ như 1 tro ̀ đu ̀ anh =))))) đi gia ̉ mày tô ́ c co ̀ n nhiê ̀ u hơn khu nha ̀ ông,Anger,4
dở hơi,Disgust,3
cũng chỉ là ít protein dạng sợi thôi béo tốt gì mà gìn giữ 66 năm 😑 xã hội giờ là vậy . khi bạn không có tài năng nhưng bạn muốn tạo sự quan tâm của xã hội thì phải ..... 🙃🙃🙃,Disgust,3
"đó là những cô gái cần được bảo tồn , vì biết lo nghĩ đến thứ anh ta đang nghĩ",Other,0
đó là mày chưa nhận ra việc mày yêu tiền như thế nào và muốn kiếm tiền nhiều bao nhiêu ?,Other,0
tại thợ hàn bất cẩn chăng ...,Other,0
đúng là không có nhân tính,Disgust,3
"học xong cấp 3 , ngoài mừng vì được thoát khỏi đó thì không hề có lưu luyến 1 chút nào :))))))",Enjoyment,0
hoá ra chúng ta không biết nhiều về tình yêu như ta vẫn nghĩ 😢,Sadness,2
lòng đường không phải nhà cụ nên cụ sai nhé . vỉa hè to vậy rồi cụ còn muốn như thế nào,Anger,4
thiệt hả cái ???,Surprise,0
per mi phải học con nay bán hàng lai chim mới chạy hàng này,Enjoyment,0
"ước mơ của tao , thích vẽ lắm luôn , nhưng mỗi tội vẽ xong cho lên màu thì lại tệ 🙄",Sadness,2
dăm ba cái trò nấu cơm này sao làm khó tao .,Enjoyment,0
em chân thành nên em tổn thương,Sadness,2
bộ phim này hay từng đoạt giải oscar có lẽ là bộ hay nhất của ấn độ,Enjoyment,0
ủa ? chọn người nào cũng như nhau thôi . vì cả 2 người chắc đéo gì đã thích bạn đâu ? :)),Other,0
đcm . mấy hôm này đi đâu cungz thấy chủ tịch . đéo ngán à ?,Anger,4
hồi đó cấp 2 mà bán đồ lời mấy chục là mừng quýnh lên rồi =))),Enjoyment,0
và sau đó mẹ mày đánh thức mày dậy 😌,Other,0
per đưa anh nè không cần năn nỉ . chỉ cần em cởi hết đồ ra thôi . đúng không,Enjoyment,0
bà này hên vãi . bữa bên gò vấp cũng v . nhỏ kia nói chuyện rất đàng hoàng bà này thấy v làm tới mà lỗi sai rành rành . xui đâu có vài bà đi đường nghe không lọt tai hay sao vả cho mấy phát . hả dạ !,Disgust,3
dm gớm chó thiệt chứ,Disgust,3
nhớ lại thời đi học xa nhà . bếp dầu ... :(,Sadness,2
trời ơi . giết hết lũ xúc sinh liên quan đi . lũ giết người hàng loạt . yêu cầu thủ tướng đứng ra chỉ đạo vụ việc này cho dân . diệt tận gốc nhổ tận rể lũ súc vật này .😡😡😡😡,Anger,4
sẽ gây sự chú ý . cố tình xuất hiện trước mặt nhưng giả vờ như không quan tâm 😚,Other,0
nản kèo vãi,Sadness,2
"vẫn là thụ động , làm sao phải chặn đứng hiện tượng rải đinh .",Other,0
"per xuống cấp những vật liệu dễ bị cháy , chắc có thể do chập điện hoặc nguyên nhân gì đó khiến ngọn lửa bắt lên nhanh cộng với gió lớn .",Other,0
để được maiz ngắm nhìn nụ cười đó nên quyết định chỉ crush mà thôi :3,Enjoyment,0
thế là .... nổi tiếng sao ?,Surprise,0
hình phạt đó quá nhẹ không có sức dặn đe kẻ khác,Anger,4
dume nghe kể mà đau cổ họng vãi :),Fear,1
khiếp ăn tạp chẳng chết,Fear,1
một cái tết nhiều tiền,Enjoyment,0
phim này thật ra hay nhưng không có tính thực tế . không hay bằng truyện .,Disgust,3
sao tao ghét mấy cái tiếng cười của bọn khựa vãi mà video lồn nào cũng nge,Disgust,3
"giáo viên tiếng anh ở cấp thcs cực kì chán , phát âm sai bét , giao tiếp tiếng anh thì cứ ừ à .",Other,0
nó còn kể với bạn nó .. bạn nó cũng là bạn mình,Disgust,3
dume tao chửi cho nó sấp mặt luôn chứ còn gì nữa,Anger,4
cầu trời phật cho đại gia đình con sức khỏe !,Enjoyment,0
do chính sách quản lý yếu kém mới ra vậy đó,Disgust,3
con đáng yêu quá,Enjoyment,0
hồi xưa còn bị vén tà áo dài nằm lên bàn rồi đánh . chứ quỳ thế này có là gì đâu . giờ mới thấy cảm ơn thầy cô vì hồi đó đã như vậy .,Enjoyment,0
phim nay và phim triệu phú ổ chuột là 2 phim của ấn mà mình thích nhất,Enjoyment,0
:))) bố mày nghi nghi rồi . tắt loa auto sáng suốt :))),Other,0
trời . cưng chết được,Enjoyment,0
dù chỉ là 1 cây bông nhưng nó là tất cả tình yêu của ông dành cho bà ❤❤❤,Enjoyment,0
thằng nào phán sai bỏ tiền túi ra mà đền cho người bị oan sai đừng lấy tiền của nhà nước,Disgust,3
chỉ để nhìn cái thôi :)),Enjoyment,0
"thôi , không tranh luận với các ông . thế đi đường gặp thằng nào đỗ thế này cả nửa ngày , mà tắc đường và gọi nó không được , các ông đừng há mồm ra dume nó nhé . vì nó đúng mà",Anger,4
2 thằng chúng mày lại không làm gì được ư ?,Surprise,0
chai này mới ghi được nhìu chữ kkk,Enjoyment,0
không biết mình có được may mắn như cụ bà này không,Other,0
mũ sơ sài mà hiệu quả vãi,Surprise,0
"per nghe đồn mày yêu mèo , mà sao mày không đáng yêu :))",Disgust,3
đcm ác mộng,Fear,1
per gặp tao chắc tao đái trong vần 😅😅,Fear,1
mấy thằng súc vật 😡,Disgust,3
cáu vãi :))),Anger,4
per bảo sao tao cứ muốn nghỉ việc . lm với cái tao sờ choét lắm,Other,0
""" vậy là đủ tuổi ngồi tù rồi nhỉ ?"" , mặt anh rất tỉnh và đẹp zai =))",Enjoyment,0
giống chó này tên là gì vậy các bác 🙄,Other,0
làm bộ mặt ngầu cho thằng thỏ để ý mà thằng này láo ăn thiệt đéo cho mình ăn ké quê thiệt là quê luôn,Sadness,2
tao thấy dễ thương màaaa,Enjoyment,0
cách người ta phản ứng cũng văn minh ghê ❤️,Enjoyment,0
"per 😥 cảm thấy tội lỗi quá , từ nay không chụp nữa thiệt luôn",Sadness,2
em mà biết nó vô văn hóa thế thì em cũng làm cách này luôn cho nó nhanh ah :-),Disgust,3
per hồi lớp 1 tao quên nhãn vở mỹ thuật sợ đánh quá ngồi khóc tè le,Other,0
cảm ơn các anh tình nguyện viên .,Enjoyment,0
thật tuyệt vời !,Enjoyment,0
3 thằng ngốc . xem ý nghĩa lắm,Enjoyment,0
dễ thương quá !!!,Enjoyment,0
"thì đi ra chỗ khác viết , đụ mẹ coi mà tao tức á .",Anger,4
bà ngoại của em đáng yêu hơn thế này nhiều,Enjoyment,0
đem hủy mẹ đi . đấu giá cái quần què gì xong thằng mua lại nó hứng nó cho cả thế giới dính vr cmnl .,Anger,4
đã sợ rồi .. cố gắng hí mắt để xa ra để coi như thế nào .. khúc cuối hết hồn dục luôn cái điện thoại :))),Fear,1
tao thấy cảm động vãi .,Enjoyment,0
cũng sợ mấy con ngoe nguẩy như giòi 😰,Fear,1
đáng lẽ bệnh của tao đã không nặng đến thế,Sadness,2
đẹp khó tin quá,Surprise,0
xấu mà đáng yêuc quá,Enjoyment,0
"t xem cái này từ lâu lâu lâu rồi cơ , đéo bất ngờ gì cạ 😕",Other,0
duới miền tây là kiến vàng sao ngoài ấy lại dùng kiến đen nhỉ ?,Surprise,0
xưa dữ luôn,Surprise,0
"con cái có hư hỏng thì cha mẹ phải dạy dỗ , chứ cái loại thờ ơ khi con mình hư hỏng thế này thì đúng là dột từ nóc rồi .",Disgust,3
mê trai hơn bạn có thật :(,Enjoyment,0
má toàn truyện trong mơ không hà mắc cười quá 😂,Enjoyment,0
per khóc quá trời rủ họp lớp đéo thấy đâu,Disgust,3
phim ấn thì của lão amir khan là hay vol,Enjoyment,0
"cha quay phim cũng không phải dạng vừa , mẹ diễn viên thần thái vãi",Enjoyment,0
ơ thế hoá ra tao không bị ngu một mình ?,Sadness,2
"động lực là lo được cho gdinh , tự chủ bản thân",Enjoyment,0
nhìn nữa sao . hỏng yêu đi . cho doi . vui vẻ,Enjoyment,0
trời đất . 580k không tiếc thì tiếc gì trời . người ta làm ăn đàng hoàng . hứa hươu hứa vượn . là người lớn mà làm trò mất nết vậy trời @@,Disgust,3
cảm ơn bạn vì đã chia sẻ cũng như đã luôn sáng suốt để không làm gì sai,Enjoyment,0
"rất dũng cảm , đáng yêu quá",Enjoyment,0
nhà tao còn nè,Enjoyment,0
dễ thương quá hà,Enjoyment,0
"như mọi năm thôi mưa gió rét mướt , bây giờ mót ỉa là chỉ có thánh mới giúp được",Disgust,3
đọan con chó tao cười đau bụng,Enjoyment,0
đó cũng là giải pháp hay để lừa một thèn ngu :))),Enjoyment,0
tao lại sợ ngôn tình quá cơ 😒,Fear,1
per ít bữa dẫn mày xem cái này,Other,0
lên báo sớm thôi nhỉ,Other,0
tỏ tình cho nó biết thôi chứ yêu đương gì tầm này :(((,Disgust,3
cầu mong những công ơn sinh thành luôn mạnh khỏe .,Enjoyment,0
cái miệng nó nhanh hơn cái não,Disgust,3
thành phố tao nhiều người còn dân trí thấp là sao ? bố con dở người,Disgust,3
per giống súp lơ của bạn mình,Other,0
"k có con gì ác bằng con người , các con bé như thế mà nó không tha",Fear,1
chi phí kiểm toán và thuê người tổ chức hòa giải chia chác thôi,Other,0
thêm cả trò mắt mèo khốn nạn nữa,Anger,4
ăn ở cái gì huhu,Sadness,2
nhiều lúc ngáo ngáo thoải mái đến mức người yêu cũng đéo bằng nó và đến khi nó thổ lộ tình cảm thì tao đéo tin :v,Enjoyment,0
vẫn bình thường chán làm khách sạn nhọc nhục hơn 👻👻 xoạc nhau nước nôi máu me be bét ra 😭 kinh chết mẹ 😶,Disgust,3
đúng là khốn nạn mà,Anger,4
ôi hạnh phúc quá 😄😄😄,Enjoyment,0
"per hồi học đại học , điện hỏi xin tiền bố , bố ra ngân hàng gửi tiền rồi điện em hỏi stk rồi hỏi "" tên mày là gì ??"" 😭😭",Sadness,2
đúng . biết là sự thật tàn nhẫn nhưng vẫn muốn biết rõ cho nhẹ lòng hơn :(,Sadness,2
mấy kiếp tu luyện mà có 5 triệu thôi à ?,Surprise,0
đau còn hơn tỏ tình bị từ chối per,Sadness,2
dễ thương vãi ♥♥♥,Enjoyment,0
bố mày đã sợ nhện rồi xem cái video này ... vãi đái :(((,Fear,1
bà xinh thật sự ❤️,Enjoyment,0
đây là hội à mày ? làm tao phải lên gg tra sao lại đông người thế :)),Surprise,0
lại khoe có người yêu - _ -,Other,0
đừng trao duyên cho tao khi chưa biết rõ tao :(,Disgust,3
chưa có cơ hội nói cảm ơn và xin lỗi . vì chúng ta xứng đáng được bình yên,Sadness,2
đáng nhẽ nên làm việc này từ sớm . chứ hàn quốc họ làm từ lâu rồi ạ,Other,0
"quá bản lĩnh luôn , người đáng nể , tiếc là anh ấy sắp bị tử hình rồi",Sadness,2
không biết mấy ba mấy mẹ chơi bửa đó có xem được bài viết này không 😂😂😂... có ai lên incon phẫn nộ thì hiểu rồi ha,Disgust,3
góp phần xây dựng đất nước chứ gì kkk đóng nhiếu rứa,Enjoyment,0
"đm hồi đó nhà có nuôi bốn con , bữa đang ngồi chơi nặn đất sét nó chạy cả lũ tới , thật sự là tao không biết con đéo nào nhma có một con trong đó kéo áo phía sau lưng tao lên rồi cả lũ cắn lưng tao dume nó thốn vãi luôn . thề !",Anger,4
cải ngu lắm ... chưa ai ngu như cải tao thì không yêu đi yêu đứa vừa béo vừa lắm lông,Disgust,3
toàn lũ đầu trâu mặt ngựa,Disgust,3
làm tao liên tưởng đển phượng hoàng cổ trấn :))),Enjoyment,0
cố gắng đi gần người ta 1 xíu . rồi lướt qua nhau như 1 cơn gió,Other,0
chơi vậy ai chơi,Disgust,3
per thì tốt nhỉ quá đỉnh luôn ... nhưng không biết được trọng dụng không nữa buồn quá,Sadness,2
đồ điên,Anger,4
tự nhiên muốn có con 😐 dume,Enjoyment,0
cảm động người thầy đưa học sinh đi làm hồ sơ 🙄,Enjoyment,0
đúng là lợi ích kinh tế lâu dài .,Other,0
thái bình nắng to rồi,Other,0
nói như việt nam . nhưng hơi láo cá chắc thầy của ônc cũng như ông,Disgust,3
lò xô xài bằng dầu lửa con gọi là dầu thôi,Other,0
đi đường buổi đêm nhìn thấy hãi vãi ??,Fear,1
nặng tay cho chừa cái tật hại người,Disgust,3
"ngàn cân treo sợi tóc nhỉ , csong mong manh quá",Sadness,2
ko 1 từ nào để diễn tả bộ phim này ...,Enjoyment,0
"nhỏ thấy qua 1 lần , nó bị cột ngay trước cửa nhà người ta ở trong hẻm , mỗi lần đi ngang qua là nó lại định lao tới cà khịa",Fear,1
cười ị :v,Enjoyment,0
bởi vì gặp nhau sai thời điểm nên tôi mất người mãi mãi ...,Sadness,2
gia đình thì không còn . tình yêu thì chưa có gì chắc chắn . 😏,Sadness,2
"chỉ cần bạn dùng tình yêu thương , sự chân thành của mình đối với nó thì không gì là không thể .",Other,0
disme tao chưa thấy con họa mi nào hót dở như con này luôn á .🤔🤔,Disgust,3
"muốn em vui vẻ đơn giản lắm , chỉ cần bao ăn bao xem phim tuần 1 lần thôi hỡi các đồng nghiệp ơiii 🤣",Enjoyment,0
hay ý nghĩa sâu sắc 🙂,Enjoyment,0
trẻ trâu quá đông và nguy hiểm,Disgust,3
chắc chắn là vị mặn của mồ hôi,Other,0
mày uống trà sữa thôi . đéo ăn gì nữa =)),Other,0
tất cả cùng không tính điểm . thế là xong :v,Other,0
nó cũng làm thế với bao người khác đấy,Other,0
quay vào ô mất lượt :)),Sadness,2
"mình đã xem rất nhiều video như này rồi , nên thấy cũng bình thường =)))",Other,0
"sợ nhất mấy đứa ảo tưởng sức mạnh , nhắn tin nhiều chút là auto mình thích nó",Fear,1
chắc từ giờ tao đéo giám ho nữa quá .,Fear,1
đm mưa đâu đéo thấy . nóng vãi,Disgust,3
per không cho anh đi tập đâu nha mất bồ như chơi,Fear,1
đối với thế giới này bà lão chỉ là một ai đó . nhưng đối với ông lão đó bà lão là cả thế giới 😊,Enjoyment,0
"per haha nhiều tiền quá mang đây tao tiêu hộ cho , đóng thuế 10 củ phí quá =))",Other,0
"trời đụ , tội bé",Sadness,2
có lưu luyến thì lưu luyến người mình thích chứ lưu luyến gì cái trường đấy 😶,Disgust,3
"đụ mẹ tục , cuối tuần về ra nha :))",Disgust,3
nốt hôm nay thui . thui không ngĩ đến và bắt đầu từ bỏ 1 thói quen,Sadness,2
uiii xinh gái thế ...,Enjoyment,0
chạy 200tr là vào biên chế ngay . thực trạng chung . cần gì có chuyên môn hay không,Disgust,3
vì đồng tiền mà chúng mày giết bao nhiêu gia đình . chúng mày ăn những đồng tiền đấy mà chúng mày cũng nuốt trôi được à . bọn khốn nạn,Anger,4
cảm ơn các anh chị báo chí phóng viên đã đưa tin . mong cơ quan chức năng hãy làm thật nghiêm . thật mạnh tay vụ này . đến khổ mấy đứa nhỏ . mưa rét thế này . càng nghĩ càng tức .,Anger,4
c trai như thế nào tuyệt chủng rồi :),Sadness,2
per ngóng cuộc đấu tranh công nghệ này . tq đồng lòng ghê nhỉ,Sadness,2
nước mình chả í thức gì cả xả rác bừa bãi để trôi rác đầy đường thể này thật buồn,Sadness,2
nhờn :))),Disgust,3
"năm nay mua cân na về nhà ăn dần , tối ra đường xem chúng nó dẫn vợ thằng khác đi chơi ... kaka",Enjoyment,0
tiền bồi thường lấy ở đâu ? cứ làm bừa làm ẩu rồi lấy tiền của dân mà đền đề nghị sửa lại nếu ai làm sai thì bỏ tiền túi ra mà đền,Disgust,3
điềm báo gì đây,Fear,1
siêu phẩm để đời .,Enjoyment,0
tao phải công nhận là nó giỏi vãi . từ đứa diễn đến đứa quay và edit video .. giỏi vãi 🤣,Enjoyment,0
per trai hay gái thì vẫn thấy tữn như thường kk,Enjoyment,0
động lực cho tôi tiếp tục .,Other,0
"thôi bảo em gái xuống ngủ với mẹ đi , còn em percó sợ ma không ? thì ngủ với anh . hehe",Enjoyment,0
đã nuôi thì nên chăm sóc bé cẩn thận ??,Other,0
quê vải mà chưa được ăn quả nào . huhu,Sadness,2
"mới đây thôi mà đa 3 năm rồi , những ngày chia tay buồn đó :((",Sadness,2
"ý thức đéo gì đâu , từ già đến trẻ luôn 😥",Disgust,3
"tao cũng vậy , mấy cái thiệp chúc noel thời cấp 2 trẻ trâu của lũ bạn vẫn còn nguyên xi",Other,0
per haha . đặt bánh thì đặt thành cặp nhé . haha .😂😂,Enjoyment,0
thể loại này next sớm đi em,Disgust,3
làm chung với con mẹ ngáo là phải chuyển đi liền :) per ngọc kiều dung,Disgust,3
per ta nguyện nằm im,Other,0
thôi nhà đang yên ổn,Other,0
"chưa học cách kiếm tiền đã học thói đi lừa tiền =,= thua",Disgust,3
t tin crush của tao không bị thịt vì tao đéo crush ai cả =)),Enjoyment,0
con mẹ kia có vấn đề về thần kinh :) không cần biết ai đúng ai sai nhưng đéo lịch sự thì đã đéo có tư cách nói chuyện rồi :) con bà kia xem được video chắc buồn làm,Disgust,3
ai chưa xem thì nên xem 1 lần đi . đảm bảo không phí 3h đồng hồ của các bạn 😃,Enjoyment,0
chơi cái kiểu này nè :)) per,Enjoyment,0
đéo mẹ . nhìn nổi da gà ..,Disgust,3
đó là một câu chuyện buồn,Sadness,2
cười trước nỗi đau của người khác,Other,0
có ai biết 2 người này không ạ ?,Other,0
per coi đoạn con chó chết cười luôn em :)),Enjoyment,0
chủ tịch lén lút dùng đồ của vợ làm vlog và cái kết ?,Other,0
chúc mừng anh 👏👏👏 chúc anh may mắn . cố lênnnnn 💪💪💪,Enjoyment,0
phê thật . cái tai nó đang thâm đen xì lấy ra hết lại trắng hồng luôn,Enjoyment,0
do cái áo . mặc giống nhau làm đíuu gì,Anger,4
tội còn nặng hơn cả khẩu nghiệp nữa 😌😌😌,Disgust,3
hồi xưa anh hay bị chửi trẻ trâu này nọ ... giờ anh là tổng giám đốc rồi 😁😎,Enjoyment,0
nv thu nhâ ̣ p cao thi ̀ hu ́ tao ma ́ u ngươ ̀ i dân phi ́ cao hơn hê ́ tao .,Disgust,3
người tài như vậy lại không được sử dụng đúng mục đích … quá buồn,Sadness,2
một câu chuyện cổ tích xiaolon đầy tính nhân văn !!!,Disgust,3
còn chả có ai nói chuyện thân thiết quan tâm đến tôi :<,Sadness,2
đoạn phỏng vấn + xin đi chụp hình + cạo râu lão là hay nhất theo mình =]],Enjoyment,0
coi thôi cũng đủ nghiện rồi 💋,Enjoyment,0
năm nào cũng phải ở nhà trông nhà :((,Sadness,2
idol có skill mới chất quá 😂 1 cú đánh mông thôi mà đối thủ bay sấp mặt luôn luôn 🤣,Enjoyment,0
"hy vọng cơ quan điều tra làm rõ được danh tính người phụ nữ , chỉ vì cái miệng mà làm tan nát cả 1 gia đình",Disgust,3
tấu hài cực mạnh,Disgust,3
con đĩ mất dại . trời đánh tránh bữa ăn nha con ml,Anger,4
cười xĩu,Enjoyment,0
mẹ nó chứ xem xong mình khóc hết cả nước mắt,Sadness,2
có tiền chưa mà đòi,Disgust,3
"một hình ảnh hay nhưng một loại âm thanh rất chối tai , câu đầu tiên đã chửi thể và tiếp theo cũng vậy , rất vô văn hóa .",Disgust,3
mình chụp mấy lần liền chả thấy bác sĩ cho mặc lớp áo gì cả 😭😭😭,Sadness,2
thề đi ngoài đường giờ nhiều người lớn cứ nghĩ mình mình già rồi thích đi như nào thì đi . xong quay sang chửi bọn thanh niên là đi đứng mất dạy này nọ . chán . mang tiếng người lớn mà cư xử chán đcđ .,Disgust,3
trường gửi điểm về và mẹ cũng điện chửi :(,Sadness,2
ngày nay bã đã thay cho thính :))),Other,0
thế sao tao hát tệ thế này,Other,0
còn đồng nghiệp hãm lờ thì ...,Disgust,3
"nếu nói chị thảo tham thì chưa thoả đáng , vì ngay cả con chị cũng được niêm yết , định giá để “ chia chác ” ý kiến cá nhân mình , chỉ chia phần của chị và phần % của những người con sẽ được nhận vào 18 tuổi",Disgust,3
chỉ cần 1 cây hoa . nói lên tất cả .. hi,Enjoyment,0
ngày xưa đi học văn và toán chắc noa dưới trung bình hết,Disgust,3
t lên facebook không phải để coi mấy cái thứ này 😪,Disgust,3
dễ thương quá à ????????,Enjoyment,0
làm khách đi qua lại mắc mệt lun,Sadness,2
trả lại tuổi thơ cho tao 😆,Other,0
để con mẹ mày tiếng bình thường nghe cho dễ . lại còn làm đéo đéo,Anger,4
chỗ tao cũng có cây tình yêu < 3,Enjoyment,0
ngày nào cũng bị tụi siêu thị hành không dưới 10 lần,Other,0
qua câu chuyện này mong mọi người đừng có cái nhìn ác cảm về các anh csgt về việc hay núp lùm bắt xe nữa mà còn nghệ thuật ăn nói kể chuyện xạolin đẳng cấp 🙂🙂🙂,Disgust,3
việc nhỏ như vậy mà hai con này hàng sử thiếu văn hóa quá quá,Disgust,3
thỉnh thoảng lại xem lại phim này quá hay và ý nghĩa,Enjoyment,0
"lúc đầu tưởng con ma , nó đi tẩy trang xong hiện nguyên hình đếu phải ma mà là con quỷ cái",Disgust,3
2 đg thẳng mãi mãi song song không bao giờ cắt nhau hix hix,Sadness,2
mai chơi trò hứng nước mà nóng quá chắc chơi vầy luôn,Other,0
per chơi với con trai riết nên giờ đéo có người yêu nổi vì tính tình không khác gì con trai,Sadness,2
đm chơi mất dạy vãi . tưởng khúc cuối là gì dume làm giật mình 😒😒😒,Fear,1
"các bạn trẻ thấy cái gì cũng có mặt : giờ trái đất có , thử thách nhặt rác có , vứt rác bừa bãi có . toàn thấy các trẻ ( trâu ) tham gia .",Disgust,3
chạy ngay đi 😱😱😱 sợ quá .,Fear,1
"😔 tao không lấy chồng nữa , ở nhà nấu cơm cho mẹ , tao sợ lắm",Fear,1
"bữa tao coi cái video này nhưng nó ghép nhạc bựa vãi ... mỗi lần mỗi anh té là first blood , double kill ,... các kiểu =))))",Enjoyment,0
chính xác ! chỉ cần đồng nghiệp tốt thì mọi ngày đi làm đều vui 😊😊😊,Enjoyment,0
đơn giản nha .. cơm này ngon hơn cơm điện nhiều . không tin thì cứ thử,Enjoyment,0
làm công thì chấp nhận . chỉ trách khách không ý tứ chứ quyền gì cấm nó đem mấy cái này vào ... có trách thì trách bản thân không có khả năng làm việc khác ngoài làm nhân viên vệ sinh,Disgust,3
per anh tập gym cho to để như thế nào ư : ))),Surprise,0
nhìn cái đống lúa phơi mưa ướt nhẹp ma ghép cười được .,Other,0
đã sáng suốt hơn năm ngoái nhiều . ka ka,Enjoyment,0
vậy nếu mình lên cơn điên và giết người khác thì nỗi đau gấp bội phải không ?,Anger,4
lòng đường là để giao thông chứ để nhà các bác đỗ xe à ?,Anger,4
mình không áo mưa rồi 😞,Sadness,2
giọng không nhìn màn hình tao tưởng là ông bà già nào trên 60 tuổi đang nói á .,Other,0
nhưng nói thì cứ bảo hay than thở 😢,Sadness,2
xiaolin không có gì vui . chúng ta không nên xiaolin 🙄🙄,Disgust,3
còn tao mỗi lần cắt tóc là y như rằng … nó tệ vãi :(,Sadness,2
được . đỡ tốn 5 nghìn,Enjoyment,0
"replay chục lần đoạn cuối , phê quá",Enjoyment,0
đáng yêu quá ! tình yêu ông bà thật đẹp !,Enjoyment,0
đứng tim luôn,Fear,1
vì bạn chỉ là con trai nắng hoặc em gái mưa thô :(,Sadness,2
đau nếu còn nghĩ về nhau thì hãy quay về bên nhau :)),Sadness,2
nhấp mẹ miếng da chính giữa 2 lỗ rồi lấy muỗng múc là xong,Other,0
tư cách của người hành nghề,Other,0
đéo bít sợ là gì đến lúc chết lại đổ cho tại số,Disgust,3
chỉ mong thương nhau đến đầu bạc răng long . vậy là đủ 👌,Enjoyment,0
khi gặp được người đem lại cảm giác bình yên mà từ trước đến giờ chưa từng có .,Other,0
"bên đó cậu sao rồi , có hay cười nữa không ?",Other,0
"con gái ăn nói kiểu gì vậy trời , mình rất ghét con gái nói tục chữi thề",Disgust,3
"suốt ngày sân si , chia bè phái bốc phốt nhau mà khi nghe chia lớp theo tn - xh lại bảo buồn",Disgust,3
"thú vui mới , thay vì chọc chó thì ghẹo ngỗng cho nó dí =))))",Enjoyment,0
có lẽ vậy là tốt nhất,Sadness,2
tận cùng của nỗi đau 😑😑😑,Sadness,2
chị dâu thì vãi rồi,Disgust,3
nhờ mất bạn nên mình mới biết 😂😂😂😂,Enjoyment,0
con quan rồi lại thành quan . chỉ dân mãi là kẻ bần hàn,Other,0
kinh khủng,Fear,1
cưng quá mà,Enjoyment,0
xiên chết cụ nó đi,Anger,4
khi nào nha anh sẽ lắp hả per,Other,0
cưng vãi ấy,Enjoyment,0
lớp chúng mình rất rất vui anh em ta chan hòa tình thân =))),Enjoyment,0
tinh trùng của người ngoài hành tinh thật đáng sợ 👏🏻👏🏻👏🏻,Fear,1
tội em vợ thế :(,Sadness,2
ơ hoá ra là em à :(( lâu quá không gặp,Surprise,0
ko nên nhé các cụ .... hãy cho họ 1 cơ hội ... hãy nhìn sự việc từ nhiều khía cạnh khác nhau,Other,0
bắt ve cho nó điiii . trông khổ quá,Sadness,2
hic . nhiều khi thấy bả ngu thiệc chứ kp đùa 😂,Disgust,3
rất chuẩn hãy sống làm người cơn luôn luôn co hiểu thảo với cha mẹ của mình nhé moi người ơi,Enjoyment,0
sao không ghé quán rồi nhờ người nhà cầm nón qua cho :))) tự làm khó mình vậy,Other,0
con xe thần thánh . chạy hơn 50 năm chưa nát =))),Enjoyment,0
có người yêu thì vẫn ăn bánh trung thu nhé . bánh trung thu là thứ tồn tại duy nhất . có em hay không không quan trọng,Other,0
đã từng . hix,Sadness,2
chắc là năm lớp 4 5 gì đó :)) tao mua bánh kẹo đem vô lớp bán lẻ lại ... mỗi lần đem bán như vậy chắc cũng kiếm được lãi 2 - 30k 😂,Enjoyment,0
có cái con cặc .. chúng mày chỉ diễn thôi đúng không . dume chỉ diễn thôi .. :'(,Disgust,3
nháy mắt cũng đáng yêu kkkk,Enjoyment,0
nghĩ cũng tội mà thôi cũng kệ,Other,0
trẻ trâu chấp nó làm gì,Disgust,3
bắc sơn lạng sơn đang cháy khô rồi mưa cái gì chứ 😠,Other,0
per chị ơi còn học được cả tiếng anh nữa luôn này :v hịn quá,Enjoyment,0
"cổ nhân có câu : thương cho roi , cho vọt - ghét cho ngọt cho bùi . muốn con trở thành người tốt , nhưng gv nghiêm khắc thì lại phản đối . thật không thể hiểu nổi .",Anger,4
biết nấu cơm bếp củi từ lớp 2_3 gì đó,Enjoyment,0
dạ đây là chị gái em nha không phải chồng đâu ạ người trong hình là em huhu ?,Sadness,2
giỏi thật chứ đùa . biểu cảm gần như 90 % chuẩn mẹ rồi . thằng quay và edit cũng ghê luôn . nhảy cũng tốt ra phét chứ -.- ác thật,Enjoyment,0
không cẩn thận phát là ngậm bả như chơi,Fear,1
có thịt bò nướng là ngon rồi bày đặt kiến đốt,Disgust,3
"không có sức hút thì tao vẫn cắt , mùa hè để tóc dài nóng thấy mẹ",Other,0
bạn có phải óc chó không ? chắc bạn không trả lời được đâu nhỉ . óc chó mà =))),Disgust,3
"móng tay dài như vậy thì làm gì để sống phục vụ bản thân cũng khó khăn uổng phí hết tuổi trẻ một đời người để nuôi một bộ móng , thay vào đó làm việc gì có ích cho bản thân gia đình và xã hội , đời người ngắn ngủi nên trân trọng thời gian quý báu của mình",Disgust,3
chỉ ăn 1 miếng thịt mà phải đốt chết thêm nhiều sinh mạng bé nhỏ nữa hả,Surprise,0
có đứa nào nấu cơm rồi nấu luôn cái bếp như tao không,Other,0
"đếu thể đỡ được "" tiền mừng , tiền mừng "" hahaha",Enjoyment,0
hãm lol nhưng thật lòng chứ còn hơn cứ tỏ ra trưởng thành mà bên trong thì như đồ bỏ đi,Disgust,3
per nghe có vẻ hợp lí nhỉ ?,Other,0
ngoài ra thì nó còn bị mang tiếng là thả thính cả xã hội nữa,Other,0
"từ nhỏ đến lớn chỉ nghe được câu mày béo thế , mày nên giảm cân đi chứ không ai nói rằng mày gầy lắm ăn nhiều lên 😆😆",Disgust,3
cơ mà tao bị thần kinh thật,Sadness,2
kiện chết mẹ mấy con súc vật đó đi,Anger,4
sắm về hỏi mấy thứ :v,Other,0
cứ bảo ngon lắm với chả ngon vừa . không biết nghĩ trước khi ăn à,Disgust,3
con này là con lợn hay con gấu hay con ong vậy ????,Other,0
tại mình thử hết rồi :)) nên cậu nói thế thì mình bình luận thôi :)),Other,0
thề cứ 1 lần trượt là tao cười to hơn 😆😆,Enjoyment,0
mặt nạ chứ không phải mặt lạ nhé . ngọng thế mà cũng lấy được vợ ????,Disgust,3
per nhờ mất bạn nên mình mới biết 😂😂😂😂,Enjoyment,0
thứ ba mẹ cho con và con nhận thấy đó là sự đức hạnh tấm lòng cao cả cam on ba mẹ rất nhìu,Enjoyment,0
nhìn mặt thấy hãm buồi rồi .,Disgust,3
hãy nên trân trọng những người bạn như vậy .,Enjoyment,0
nhớ bộ phim thằng gù nhà thờ đức bà không ?,Other,0
bây giờ nhìn vào cứ kiện tụng mà nãn :((,Sadness,2
thiết kế tinh tế quá,Surprise,0
tớ cũng muốn có mối tình như vậy ??,Sadness,2
một bộ phim quá suất sắc,Enjoyment,0
suốt ngày bị chửi ??,Anger,4
mình không hiểu tại sao nó không bị phóng điện chết nhỉ ?,Surprise,0
vì tao hay bị chúng nó chọc nên thấy buồn,Sadness,2
một bình luận của người trong cuộc . đọc xong thấy ấm lòng cho per !,Enjoyment,0
chó nhà tao mới đi lạc 3 hôm thôi mà quên mẹ hết chủ rồi :vậy,Disgust,3
"có hình ảnh rõ ràng kiện chúng nó tội quấy rối đi . mịe cái lũ khốn kiếp , hay ho lắm cái trò dơ bẩn 🤧🤧🤧",Anger,4
nhà nó giàu vãi,Surprise,0
per quả lừa con chó ngoài bờ rào,Other,0
wow đỉnh quá,Surprise,0
ước gì tao thất tình cũng được giống như mày,Other,0
"cái kết thật bất ngờ , không thể đoán được vậy",Surprise,0
per nhìn mặt cưng gê,Enjoyment,0
là đứa quay video,Other,0
cái lò xô ngày xưa ma,Other,0
một chuyến du lịch vui vẻ,Other,0
😔😔 hành động nhỏ v thôi thì cũng ấm lòng rồi ... nói thôi cũng vuii rồi ... 😝😝,Enjoyment,0
"chúng ta những tháng ngày sau đó vẫn gặp nhau , vẫn nói chuyện nhưng không phải những cô cậu của hồi c3 nữa . chúng ta đều khác",Sadness,2
bé gái đáng yêuc quá :))). dth nữa,Enjoyment,0
cho khỏi đá ở việt nam . gì mà căng,Disgust,3
hình thức này .. là chúng nó đang huỷ hoại mầm mống tương lai của đất nước đấy,Disgust,3
trông tội quá,Sadness,2
"hai con ma đấu đầu , con mũ đen ăn toàn cứt nên đanh hơn ?",Other,0
"nó mừng kiểu nhảy vồ lên dơ đồ thôi , chứ dòng này gặp ai cũng mừng",Other,0
per ghét ghê bây,Anger,4
"học chán phèo , chả có gì đáng nhớ",Sadness,2
"tao cảnh cáo , page mà đăng mấy video kiểu ngôn lù thế này tao unlike , trả per trả cụ lầy , trả anh thai cho tao",Anger,4
chắc làm theo yêu cầu,Other,0
"coi 3 lần mà vẫn cười , phim hay nhân vật dễ thương",Enjoyment,0
per sự thích thể hiện của các bạn mà bóng đá per tốn một món tiền không nhỏ ! 😩🙏🤕,Sadness,2
"mất nhân tính ( tiền không phải tất cả , nhưng làm tất cả vì tiền )",Disgust,3
thớt là gu của tôi :))) yêu quá hiuhiu,Enjoyment,0
muộn rồi :))),Sadness,2
thề lun anh ấy rất kĩ thuật lun á,Enjoyment,0
per có sub rồi nè . má coi đi coi lại vẫn mắc cười . với đưa anh stk đi,Enjoyment,0
bt mà tao vẫn lạng lách ở đây suốt,Enjoyment,0
chỉ mong có người đến cuối đời vẫn yêu mình như ngày đầu tiên ❤,Enjoyment,0
anh thíck kiểu tra tấn hằng ngày :))),Enjoyment,0
tuổi thơ với nó đấy,Other,0
vợ chồng nhà này mặc quần áo ngủ đôi à ??,Surprise,0
buồn cười nhất cái đoạn cã lũ bạn đồng thanh * chó nó lấy * 😂,Enjoyment,0
"đúng rồi còn quay quay , lớ nga lớ ngớ xuống trách người ta . có phải bãi xe tự phát đâu mà người ta dám làm láo .",Anger,4
dăm ba cái yêu đương vớ vẩn :)),Disgust,3
ủa tao đang coi cái gì v 😂,Other,0
tàn nhang là xác định nhá ??????,Other,0
sao toàn gặp hãm không àh . gần nhất là thằng âm binh nhất,Disgust,3
phe áo vàng thích điều này,Other,0
có khi giờ tỉnh rồi đéo dám xuống nữa,Other,0
lại đến giờ giải trí rồi mềnh ơiiii per =))))),Enjoyment,0
vừa xung điện tim xong ra ngoài bác sĩ lắc đầu =)) cả nhà tao đưa bác sĩ vô nằm kế tao,Other,0
thói ích kỷ,Disgust,3
thứ học sinh mất dạy =)),Disgust,3
má tự dưng bị đánh vào đầu :(,Anger,4
mong ông bà nhiều sức khoẻ . đáng yêu thực sự 😍😍😍,Enjoyment,0
nhìn gai vãi,Disgust,3
đọc thôi cũng mệt,Disgust,3
có những ngày mọi thứ nó bỗng ập đến,Sadness,2
per thề :))) cười cơ mà tao nghĩ nó cũng đéo ổn tí nào đâu,Disgust,3
chỉ khổ các con thôi !! sao người ta lại có thể mất nhân tính như vậy,Sadness,2
cute vậyyyyy,Enjoyment,0
thế rồi cha lái xe có giả tiền không các bác,Other,0
nàng ấy chả yêu ta gì cả,Sadness,2
1 năm không biết bao nhiêu lần x - quang :(,Sadness,2
thôi xong tao rồi :((,Fear,1
chỉ cần nhìn họ thì đã thấy tim đập mạnh rồi =))),Enjoyment,0
phú thọ tởm quá,Disgust,3
smart phone thành cục gạch là có thật luôn hả ??,Surprise,0
"3 idiots , bộ phim rất đáng xem",Enjoyment,0
nói gì thì tụi bây cũng không tin đâu ..😌😌,Sadness,2
per nhà mình cũng có nè,Other,0
bây giờ lại chơi trò đánh tư sản mại bản như ngày xưa đi nhể,Other,0
anh đánh mất thật rồi,Sadness,2
đậu xanh tao giỡn mặt với mày hả,Anger,4
những cái đáng làm không làm những cái không đáng làm thì làm cho tới,Disgust,3
hình như sau boss bị chết ạ,Sadness,2
xong tao đưa mày uống nha,Other,0
may mà không mua laptop này không thì ăn lìn lâu rồi :(,Enjoyment,0
nếu chịu khó đặt vào hoàn cảnh của nhau mà sống thì mọi chuyện đã đơn giản hơn rồi .,Sadness,2
đéo đùa :)),Anger,4
nhìn hình vẽ khẩu trang lại tưởng 1 con mắt =)))))))),Other,0
có đứa nào đéo giật mình như tao không :))),Enjoyment,0
"băng băng cái lol , chưa đóng vào mặt nhau là may rồi",Anger,4
"ôi mệt quá , một ngày buồn tẻ",Sadness,2
bố đi đường mà sợ quá,Fear,1
bác sĩ mất dạy,Anger,4
disss giật hết cả mình .:)),Fear,1
có lẽ vì vậy nên moi thứ trở nên thật khó khăn lúc này :(((,Sadness,2
bà đã được sống 1 kiếp người hạnh phúc . mấy ai có được điều đó . ngưỡng mộ tình yêu ông dành cho bà .,Enjoyment,0
sau khi có vợ anh per đã có đồ giả gái xinh và tinh tế hơn 😆,Enjoyment,0
"per đi coi với tao , phim này hay nhất định phải coi",Enjoyment,0
đứng trước mặt nó tụt quần ra auto hết giận,Enjoyment,0
haha đây là cổng chợ này ??,Enjoyment,0
giống y con bạn tao :))) mặc dù nó không phải gvien hay gì cả nhưng nó khá trẻ trâu,Enjoyment,0
nói chuyện yêuu thế đmaaaa ??,Enjoyment,0
dễ thương ghê . thằng quay phim cũng không phải dạng vừa ^^,Enjoyment,0
yên tâm đi ông trời không bất công với ai đâu,Other,0
ko biết crush bây giờ có ở nhà không nữa 😭😭😭😭,Sadness,2
là khi lạc giữa 1 biển người hôm khai giảng nhưng vẫn nhìn thấy người đó rõ nhất,Enjoyment,0
đồ điên . quét đéo được thì lấy máy hút bụi hút mẹ hết đi . hét hét cái lol gì =))),Anger,4
"hay ta , hay ta",Enjoyment,0
anh ấy không thương tao,Sadness,2
mặc cái váy thì phải cạp lông lách chứ :))),Other,0
nhìn lũ trẻ yêu nhau mà lòng già xao xuyến,Sadness,2
ai đã dùng nó bây giờ phải 50 tuổi rồi,Other,0
"1 đoạn phim được trích ra tuy ngắn nhưng , chứa 1 thông điệp rất có tầm quan trọng",Enjoyment,0
quan trọng là đỉnh ^.,Enjoyment,0
đem người đó ra biển cho biển cuốn đi lun .. hihii,Enjoyment,0
"hàng loạt các sai phạm , vi phạm diễn ra nhưng bộ giáo dục chưa đưa ra được biện pháp nào có hiệu quả chấm dứt các sự việc tiếp tục xảy ra",Anger,4
"trách nhiệm của con mẹ giáo viên chủ nhiệm là lớn nhất luôn , đuổi con mẹ nó việc đi",Anger,4
đúng rồi con gái là vậy mà kkk,Enjoyment,0
tan tành rồi .,Sadness,2
chẳng biết nói gì . xem video em cười suốt mà lòng tôi không thấy vui tẹo nào . thương em,Sadness,2
xử tử hiệu trưởng . nhà nước phải làm thẳng tay bọn chó,Anger,4
người ta mất 6 tháng để học lái xe nhưng lại mất cả đời để học văn hoá đỗ xe 😑,Disgust,3
ngày xưa nghèo . có bếp dầu là mai rồi .,Other,0
ba ́ o giâ ̣ tao ti ́ tao la ̀ mày hoa ̉ người loa ̣ n ngươ ̀ i dân . haizzz,Sadness,2
hãy tôn trọng quyền được mưu cầu hạnh phúc của mỗi cá nhân con người trên thế giới này đi . đừng kì thị họ ! tội lỗi lắm 🙂,Other,0
"má .., ruồi bay qua táp chết tươi :)))",Enjoyment,0
per cái gì mình không làm được chứ đánh cái lũ đéo phải người thì mình làm tốt kkk,Enjoyment,0
per hèn gì thấy ngày nào anh cũng đi tập 😂😂😂,Other,0
ẹc lông chân mày mọc nhanh dữ =.=,Surprise,0
ngày xưa cũng vui lắm mà giờ mỗi đứa 1 nơi rồi,Sadness,2
per em cười mệt quá =)))),Enjoyment,0
móng tay gì mà nhìn vừa bẩn vừa ghê,Disgust,3
"tuổi thơ của tao sợ nhất là con này , không làm gì mà nó cũng rược , suốt ngày thì kêu um sùm",Fear,1
lần sau nhìn thấy hắt nước tiểu vào người nó ngay,Anger,4
bấy bề ơi . thật là đáng yêu,Enjoyment,0
tuỳ người tuỳ loại,Other,0
cư ́ như kiê ̉ u =))) ngươ ̀ i yêu,Enjoyment,0
"thằng ác ôn , con nhỏ nhờ tháo mạng nhện thôi mà cũng không giúp , tao là móc gậy ra thọc .. à nhầm tháo mạng nhện ra liền ..",Anger,4
"hồi nhỏ đi học phải ngang qua nhà nuôi ngỗng nó dí chạy thấy bà luôn , ngày nào cũng phải cầm cái cây theo . thề luôn tới giờ tao vẫn còn sợ con này khiếp luôn 😭",Fear,1
ăn cơm mốc có khả năng bị ung thư gan cao . hít,Sadness,2
bác này nói hay,Enjoyment,0
mới sáng ra,Other,0
"tao có một nỗi sợ khác cũng khá giống con yêu tinh này đó là con yêu nghiệt ngan đực :3 con này thành tinh hung ác vãi_chưởng , đi ra vườn đéo làm gì nó , nó cũng rượt mình . đậu ! đó là tao kể ngày bé thôi =) chứ lớn lên tao biết vơ cây củi theo để đi ra vườn rồi =))",Fear,1
cười vãi ???????? mặt con bé cũng hài ghê,Enjoyment,0
"quán này chắc không đông , đang ăn mà thấy có mà ói",Disgust,3
để nó vậy không thấy tội sao,Sadness,2
boss dễ thương hết sức,Enjoyment,0
nấu thì nấu được mà không biết có ăn được hay không thôi,Other,0
"dume tao từ giờ sẽ bỏ thích cái page này huhu , nghiệp mà",Disgust,3
đi xe cao mà ý thức thấp quá !,Disgust,3
mình đã về đến nhà an toàn hihi,Enjoyment,0
lông chân mọc nhanh thế :)),Surprise,0
quá nguy hiểm .,Fear,1
ơ tao cũng học ông này hướng dẫn hay sao ấy :))))),Enjoyment,0
và người đó đang ở nơi đâu về với em đi . đợi người rồi người sẽ đến chứ ?,Sadness,2
bảo sao đi đâu ai cũng ghét =)),Disgust,3
"đã gọi là "" mật "" mà nó lại công khai cho mày xem àk",Disgust,3
hahaa ngọt vãiii :)),Enjoyment,0
mơ chứ còn gì nữa 🙃,Other,0
per tìm được đối tượng nào để cầu hôn chưa :))),Enjoyment,0
dự là 30 mà 30 sợ già quá chả chó nào nó rước . năm nay đã 26 rồi mà vẫn chả ai thèm yêu 😔😔😔,Sadness,2
nhìn em mà thương roi nói chuyện mắt,Sadness,2
em vợ tao đấy :)),Enjoyment,0
"con bé xinh nhờ , khốn nạn là cái thằng edit video ý :)))",Enjoyment,0
1 lần chơi lớn xem thế giới có trầm trồ ??,Surprise,0
per phim này thấy trailer hấp dẫn ghê 😁,Enjoyment,0
ngồi nhìn nó ngủ cũng thấy dth vler đừng nói cười 😌,Enjoyment,0
cái này ghê vãi mày sẽ hiểu cảm giác khi nó lún xuống 😅😅,Fear,1
không thấy tên phim thì hỏi . ở đấy mà hội người mụ cái đéo gì . đã mất công ghi tên phim thì ghi cho đàng hoàng vào . bất lịch sự vậy !,Disgust,3
hèn dì mấy nay đi học thấy bạn của crush nhìn mình cười,Enjoyment,0
wow vừa vẽ đẹp lại còn biết sáng tạo :)),Surprise,0
cái này đi móc cống thốn lắm nè,Other,0
từ nay tôi quết định nuôi dưỡng con chim tôi tới già . và tôi mong được unesco công nhận kỳ quan thứ 8 của thế giới,Enjoyment,0
mình chỉ quan tâm cái quần bạn chồng mặc màu hường hình cô gái ????,Other,0
loại gái già mất dạy chách sao không dạy được con cháu .,Disgust,3
chộm chó đâu làm ăn như céc lúc cần thì chả thấy đâu,Disgust,3
thông minh hơi muộn nhưng vẫn kịp thông minh !,Enjoyment,0
cay đắng và mặn :(,Sadness,2
cóc nào tao không có thích thầm đứa nào để đứng lại ngắm cái chỗ ngồi nhể 😗😗😗,Enjoyment,0
nó sale còn 225k là được rồi :))) lời quá còn gì . mẹ mày per bình luận chi để nó nhận ra chi v 😂,Anger,4
"loại này nó vậy , y con chó nhà mình .. hjjjj",Disgust,3
đỉnh vậy luôn hả,Surprise,0
chẳng những hư xe mà còn bị phạt nặng nữa,Sadness,2
mẹ còn không trị được thì ai trị 😌,Other,0
tớ có thấy con ngáo đấy nhưng không dám lại sờ huhu tt,Sadness,2
nhờ đó mà tôi cảm thấy nhẹ nhõm và trở nên mạnh mẽ,Enjoyment,0
tao ấn tượng anh đầm hường ghê 😂,Enjoyment,0
đứa nào bắt cóc nhỏ này thấy khổ vãi,Other,0
đồng cảnh ngộ :(,Sadness,2
ngọt hơn cả người yêu haaaaa,Enjoyment,0
thôi mấy bác bị dắt mũi rồi . nghe đến đoạn au mobile là biết nó quảng cáo game trá hình rồi . như con cặc,Disgust,3
đọc nhiều chuyện cổ tích vầy thấy yêu cuộc sống hẳn :)),Enjoyment,0
bố mày lậy chúng mày đấy,Disgust,3
mấy cái video của bọn này đóng hay vãi,Surprise,0
"ở nói chuyện ngoài hộ không khì thị về giới tính , họ cho được kết hôn . chứ họ không kì thị như ở việt nam mình hai người kia họ thật dũng cảm khi sống thật với giới tính của mình",Enjoyment,0
bà chủ tịch giả mang thai và cái kết,Other,0
phạt 5 triệu ... pháp luật vn hay dữ,Disgust,3
phải chi có người để giận mình nhỉ :(((,Sadness,2
"per cần thêm những trái dâu xinh xắn để ngăn chặn sự u ám này , huhu",Sadness,2
lúc nhỏ bà hàng xóm của tao bị dí chạy tới mức bã phải nhảy xuống sông bã lội trốn mà tụi nó cũng nhảy theo với bã 🤣,Enjoyment,0
tao cũng có ghệ và tao cũng dị ứng mấy trường hợp mắc mệt giống vậy,Disgust,3
khổ thân em ý .,Sadness,2
không những hạnh phúc tao còn cứng nữa :)),Enjoyment,0
"chỉ có bọn nông dân mới nghĩ ra mấy trò này , phải con cháu nhà tao thì tao đến từng nhà 1 bắt từng thằng ăn cứt",Anger,4
kinh dị vãi 😖😖,Disgust,3
phải là người yêu tao thì sống chết tao cũng vả hết,Anger,4
vậy nên phải lịch sự và thổ con mẹ nó lộ với cả đống người chúc mừng mày thành trò cười thiên hạ,Disgust,3
đkm lại diễn rồi pr cho game aumobile chứ gì tuổi lol qua mắt tao =)),Enjoyment,0
"cà phê vần luôn cả với sa tế , thế là đủ vị đắng cay",Other,0
chuẩn luôn :3 độc vô tình bắt gặp thôi cơ mà giờ tao bị ăn bơ rồi 😭,Sadness,2
có ai luyện mới được như mình không dạ,Enjoyment,0
còn thằng súc sinh này,Disgust,3
"lớp 1 tao đã bị nằm sấp lên bàn , bị đánh 20 - 30 cây vì tội viết chữ không có tiến bộ mà có dám hó hé gì đâu . còn học sinh giờ sắp thành hiệu trưởng hết rồi",Disgust,3
hết hồn chim én,Fear,1
thật ư 😱😱😱,Surprise,0
cô ấy không yêu tôi,Sadness,2
ừ công nhận == không có tiền mua,Sadness,2
"xã hội giờ nguy hiểm quá . có khi cái con mẹ kia mới là người có ý định bắt cóc trẻ con ấy chứ , hoặc chỉ một câu trêu đùa quái ác như thế cũng đủ mệt",Disgust,3
nó ăn chay mà,Other,0
trò cười . :v,Enjoyment,0
đáng yêu vậy,Enjoyment,0
người ta dùng con kiến bống . loại có chất axit có vị chua . chứ đéo ai dùng loại kiến đen cứt trâu này .,Disgust,3
"gặp tao là đéo nói nhìu , lùi xe ra rồ ga tông thẳng vào :))))",Anger,4
phải chi quán đầu tư cái máy hút bụi thì đỡ cho anh ấy quá =))),Other,0
cũng dể thương đấy chứ,Enjoyment,0
thực ra ngoài mày nó còn quan tâm nhiều đứa nữa,Other,0
anh quay phim giọng hơi cute nhỉ 😂😂😂,Surprise,0
cảm ơn bố !,Enjoyment,0
nhìn đã thật,Enjoyment,0
niềm vui của cđv việt nam đây mà,Enjoyment,0
tao thích vẽ . nhưng vẽ xấu từ đó chuyển hẳn sang mê chụp ảnh .,Enjoyment,0
tạm biệt ông 😢,Sadness,2
khoảnh khắc nhận ra đồng nghiệp mình is the best :)) nguyễn ngọc thái hiền,Enjoyment,0
tao cười tao ỉa =)))))) hâhhahhahahahaha,Enjoyment,0
nên là có sắp chết tao cũng đéo kể cho ai nghe :))),Other,0
tiền nhiều để làm gì ? để rồi lại chia ly,Sadness,2
"và nếu có 1 người yêu mà chơi với nhiều thằng con trai thì hãy cẩn thận , mày có thể bị cắm sừng khi nào không hay",Other,0
thường thôi . hồi nhỏ tao nấu kiểu này hoài . nấu lun cái bếp nhà chú,Enjoyment,0
xỉu lên xỉu xuống :(,Sadness,2
để anh dẫn em đi ăn nha :)),Enjoyment,0
tao đã khóc khi xem phim nay,Sadness,2
cây như cổ chân thì sao năng xuất . cại đủ tiền công không mà chia,Other,0
per một thời của chậy em mình nè,Other,0
thiệt là dễ thương quá đi mất . 💕,Enjoyment,0
nhảy không lo nhảy còn quay quay,Disgust,3
giòi béo lắm :)),Enjoyment,0
"á đù , per ạ , chị em mềnh vừa làm thế",Surprise,0
per trung thu đéo liên quan đến việc có gấu cho lắm bạn nhể .... nhưng mà lễ gì cũng thế thì đúng là bất hạnh mà huhu,Sadness,2
per cản tao không tao chửi thề,Anger,4
quả drama khi nàng say giấc là minh chứng rõ ràng nhất cho ví dụ trên =))),Other,0
tao hiểu rất rõ cảm giác của em ấy ....,Sadness,2
"tình đến , rồi tình cũng điii 🙂🙂🙂",Sadness,2
gớm không tưởng,Disgust,3
"phục nhất ông cưa móng tay mà không cần đeo bao tay và đeo khẩu trang , gặp tao là tao ói ngay từ khi thấy bộ móng này rồi .",Disgust,3
cảnh này gặp cũng nhiều rồi . dọn thấy mẹ luôn mà vẫn không sạch được . tức ghê . ức chế lắm . 1 lần thì không sao mà cả chục lần như vậy,Anger,4
vô nhân đạo thật :(,Disgust,3
"ngày em đến anh mất ngủ suốt mấy đêm vì vui sướng , ngày em nói dừng lại nước mắt anh rơi trên đường chạy về nhà",Sadness,2
có gì đâu bé vậy mới cool đó anh thích 😉😉😉,Enjoyment,0
tuổi thơ không có gì đặc biệt cho đến khi năm lớp 12 . nhớ cả cuộc đời cậu bạn ngồi cạnh,Other,0
tính giải trí cao vãi 🤣🤣,Enjoyment,0
cơm từ thiện không tốn tiền nên không biết quí trọng ý thức còn thấp quá,Disgust,3
"cảm ơn cha mẹ đã cho mình hình hài này , xin được khôn ngoan để đừng làm đau người khác",Enjoyment,0
hóa ra là vậy à =)),Surprise,0
"tao cũng nghĩ là vậy , chứ ở đó mà mừng rồi nuôi đẻ . bố mày không thích ăn sừng , phắng 🤣",Anger,4
có quá nhiều lựa chọn trong một tháng,Other,0
nguyễn thị hồng phấn cũng may tao không thấy cặp nao hêtd,Sadness,2
nói thẳng mẹ nó là con kia gato cho xem :))),Other,0
"đi qua hết rồi mới nhận ra cấp 3 là thời tươi đẹp nhất của mình . ở đó có bố mẹ luôn đồng hành , có tình yêu học trò , có nghịch ngợm trốn học ... là quãng thời gian hồn nhiên vui vẻ nhất .",Enjoyment,0
bếp củi 😂😂😂,Enjoyment,0
:(( tội bé,Sadness,2
ăn cho mập thây để chết phải đặt hòm riêng chứ bắt trộm hay cướp thì làm được gì .,Disgust,3
"đéo biết ong rừng thật không nhưng đổ mà bắt em dọn thế à , xách mông xuống dọn đi .",Anger,4
tuổi trẻ tài cao mà :)))))))),Enjoyment,0
quay lip miệng chửi liên tục còn đăng mạng cho mọi người biết ... hài .,Disgust,3
sg chưa mưa đâu,Other,0
per cho vợ đi cầu này để giảm cân nhá 🤣🤣,Enjoyment,0
tôi đoán rằng ông này đã lấy vợ trước khi lên mặt trăng,Other,0
chả hiểu sao có phẫn nộ :))),Disgust,3
"nhìn cảnh 2 bố con hôn từ biệt , em bé cũng rướn mặt theo hôn bố mà chảy nước mắt , em bé như thế chắc không biết diễn , đúng là cảnh đẹp quá",Sadness,2
per học hỏi nhé kkk,Other,0
cái đoạn nướng cháy pizza để phốt công nhận là chuyên nghiệp thật :),Enjoyment,0
mỗi lần chạy xe ngang kv bình chánh là cảm thấy sợ,Fear,1
"ở trên mái sảnh nhà tao cũng có một con nhện mẹ tao bảo tao giết nó ( hờ hờ ) , còn bố tao bảo "" mày cứ đi qua là nó rơi giữa đầu """,Fear,1
2 năm xa nhà rồi tao đéo được đi ????. năm sau nhất định đi,Other,0
có những ngày làm tới đâu là sai tới đó :)) muốn tát vào mặt hết sức,Sadness,2
"per nhớ ngày tháng cta bên nhau ghê , giờ thì chả còn gì",Sadness,2
thành phần nào cũng có :)) ăn hiếp con gái :)) thua cả súc sinh,Disgust,3
lò vi sóng đó hjhj,Enjoyment,0
đàn bà ở nhà thế kia không sợ ngoại tình à ? tao đang lo vợ tao đây này,Fear,1
không nỡ bỏ đi mấy thứ linh tinh thời đi học,Other,0
chưa cho ba mẹ được gì . vậy có quyền gì mà đòi phàn nàn về những thứ ba mẹ đã rành rụng bao nhiêu năm để lại cho mình,Sadness,2
per đợt này tao đi học full . nên để mấy hnua rảnh tao alo nha 😂😂,Other,0
"từ nhỏ tới lớn đi học toàn ngồi chung bàn với nam , toàn phải đương đầu chiến đấu với vạch phấn chia đôi bàn ghế . 🤣🤣",Enjoyment,0
mày là con bé gái bố mày là con lợn nhé . khi con nào còn mở mồm bảo chỉ theo bạn bỏ zai thì bị ăn vả thế đấy =))),Disgust,3
cái thứ súc vật,Disgust,3
"đúng rồi , vàng là phải vàng mới có giá trị , vàng trắng làm gì có giá trị 😥",Sadness,2
thế mới làm nên nghiệp lớn chứ,Enjoyment,0
ảo tưởng là đây 😞,Disgust,3
đúng bài của người việt thường dùng rồi,Other,0
họ đã cho ta có mặt ở trên cột đời này rồi còn gì bằng nữa chứ,Enjoyment,0
cả tết được có 400k :(,Sadness,2
bắt được rồi cho bọn này đi chết đi để chúng nó sốn rồi làm hại người khác,Anger,4
rất tiếc cho 1 bài quyền,Sadness,2
wao đáng yêuc vậy chời ơiiii,Surprise,0
có đéo gì mà kì thích thì đi . xin lỗi hơi thô 😊,Disgust,3
đề kháng của tao với mọi loại thính rồi cơ 😂,Enjoyment,0
ý anh là đụ em xong có con rồi ct á hả :vậy,Disgust,3
vậy là xử xong rồi đó hả ? nhanh dữ,Surprise,0
tao cũng muốn học vẽ lắm :( cơ mà không có điều kiện để đi học,Sadness,2
má nhay :)),Disgust,3
hiền thì hiền thật đấy cơ mà quá ngưỡng nhịn thì bùng phát thôi 🙂,Other,0
bất hạnh qué gì . trung thu thì liên quan mẹ gì đến việc có gấu . tào lao,Disgust,3
sao lại ga lăng z được ta,Surprise,0
per chịu khó đọc trong này cũng được phết,Other,0
đây là một câu chuyện buồn 🙁,Sadness,2
"bọn tàu copy kịch bản phương tây , chắc bữa sau lại có mấy video make in việt nam như vậy và kịch bản tàu haha",Enjoyment,0
"giờ nghĩ lại mới thấy vui thế , đến nay bạn bè lập gia đình cả rồi :(((",Sadness,2
"có thể trường học không trọng dụng bác ý nên bác ý không muốn về , ý kiến riêng em",Other,0
chuyên mục chọc chó cực mạnh à nhầm mèo kk,Enjoyment,0
giọng mình thì như tát vào mặt người nghe,Disgust,3
per tạo hóa thật đáng sợ :))))),Fear,1
hôm nay bạn đi làm . tiền đâu mà mua 😌,Sadness,2
"không được uống đã đành , ngồi dọn sấp mặt luôn , như con cáo và chùm nho xanh per",Sadness,2
sai còn không biết sửa còn thích giận lại . cút hộ,Anger,4
"đau lòng vãi . cứ tưởng là đùa . ai ngờ , bồ nhau thiệt . ơ . tớ có sừng không",Sadness,2
vừa thấy thương vừa buồn cười vãi :))))))),Enjoyment,0
sở khanh như boss chịu liền .. đẹp trai quá trời ui,Enjoyment,0
chính những người như thế họ rất cẩn trọng khi bật xi nhan đấy,Fear,1
video này là để động viên mấy đứa chán đời và cuộc sống này rất nhạt ahihi,Disgust,3
chiều mưa hứa tự sẽ tự đi mua đôi giầy mới 😂,Enjoyment,0
"cái khó ló cái khôn , yên tâm",Other,0
à thì ra là vậy,Surprise,0
ng anh em thiện lành đã rời việt nam . sayy goodbye 🌸,Other,0
cần lắm những sẻ chia . cần lắm những thấu hiểu,Sadness,2
người ta chỉ hỏi hàng tháng bạn kiếm được bao nhiêu tiền chứ không hỏi công việc của bạn có làm cho bạn mệt nhiều không,Other,0
khi em nói 2 chữ muốn dừng là nước mắt không bao giờ ngưng . . . đau,Sadness,2
ngưỡng mộ anh chị,Enjoyment,0
t còn được nghỉ 1 tuần :)))),Enjoyment,0
t cười đấy . thế tao thả haha nhé . mà dume đấy là cháu tao . thế bây giờ không có icon vừa khóc vừa cười à :]],Enjoyment,0
"lúc trước tao đi thực tập cũng có làm bên dọn phòng được 1 tháng . đm kinh khủng lắm tụi bay , rác xả thì đéo nói nha , bcs vứt ngay trên giường :) dume sao chơi xong đéo nhét vào mồm ăn mẹ đi cho rồi",Disgust,3
tao coi xong tao khóc .,Sadness,2
thà chia tay rồi ghét hận nhau còn hơn là đang lúc dang dở thì mất nhau 🙂,Sadness,2
xem mà rơi nói chuyện mắt khi ăn luôn 😭😭😢,Sadness,2
đồng nai mùa chim nướng yên xe kaka,Enjoyment,0
con nhà người ta kbh làm bố mẹ mình thất vọng 😪,Other,0
ờ công nhận đáng sợ vãi 😭,Fear,1
khiếp quá đi tụi con ơi,Fear,1
có ai thấy tội ông cụ như tao không 😭,Sadness,2
tao thề từ giờ đến cuối năm mà tao không lấy được vợ thì tao quyết định sag năm lấy 😊,Enjoyment,0
"per chị mày đánh lộn từ đầu làng đến cuối xóm thì cần chi bọn con trai , nhưng nhìn bọn nó dễ thương hén",Enjoyment,0
có thể cấp phép những phim bạo lực . kinh dị nước ngoài . nhưng động phim nhà có chút bạo lực và máu me là cấm vì không đúng thuần phong mỹ tục,Disgust,3
hãm lol thật sự 😒,Anger,4
giống y bố tao 🤣 ngoa khủng khiếp nhưng mà nhà tao vui vãi_chưởng 🤣🤣. điểm danh nhà bố học giỏi văn nào 🤦🏻‍♀️,Enjoyment,0
anh nói vậy với em lần nửa đi 🙃,Other,0
không hiểu sao xem đi xem lại bao nhiêu lần vẫn khóc được,Sadness,2
ad hỏi thế này thì có khác gì giữa thịt lợn và thịt chó ăn món nào ? ad hỏi thế này là hơi coi thường chị em đó 🤨,Anger,4
cục súc thiệt :)))),Disgust,3
đợi chắc sang kiếp sau luôn quá 😂,Other,0
lấy ống hút mỗi đứa cắm xuống mà hút thôi :)),Enjoyment,0
có ý định nhai hết hộp kẹo điểm danh đi 😌😌,Other,0
nam thần tự do,Other,0
chúng ta mất 3s để nói yêu nhau vài 30p để phịch nhau phải không nào,Enjoyment,0
ông thầy cục súc vãi lol,Disgust,3
vâng em gặp anh rồi mà giờ đây em vẫn cô đơn đi lang thang tìm những thứ vô nghĩa lấp vào nỗi cô đơn ấy,Sadness,2
câu chuyện y ́ nghi ̃ anh qua ́,Enjoyment,0
ngày xưa mìh cũng thế . dume thấy mấy ông đứng đầu đường nhòm nhòm cũng phải lượn qua cái :)),Enjoyment,0
đúng là vàng trắng .. nhưng mà trắng tay :(((,Sadness,2
"m ngon m giết tao luôn đi , má mày",Anger,4
lâu quá rồi mới nghe lại bài này . từ lúc ctay mối tình đầu :((,Sadness,2
khổ tâm ghê =)),Sadness,2
những điều đơn giản nhưng thật hạnh phúc 😘,Enjoyment,0
cũng muốn đi xem lắm 😭,Sadness,2
"kết hôn xong , anh thuê người giết cô để lấy tiền bảo hiểm 😌",Other,0
gia đình ổn tình yêu không có thì cần gì động lực ... kaka,Enjoyment,0
anh tây này đáng yêu chết được cứ tiếng tuy hoà phú yên ma học đi nhá ☺️☺️,Enjoyment,0
con mèo cục xúc nhất năm :3,Disgust,3
xem phim cười gần chết . mà thích cái bạn ma nữ hơn là na bong,Enjoyment,0
đằng này họ nghĩ tao muốn giết người rồi chửi tao bị thần kinh rồi cho trôi qua mọi chuyện,Sadness,2
chờ mãi đéo thấy làm gì chán,Anger,4
ngồi cười như dại =))),Enjoyment,0
"chó đẻ , khốn nạn vậy mà cũng đi rao giảng đạo đức , đi dạy người khác 😭😭😭😭",Anger,4
đm nhậu say gặp cái cầu lol này chắc tao nằm xuống mẹ cho rồi per,Fear,1
"nắng nóng bỏ moẹ , dội chút cho mát thôi mà",Other,0
phải biết thiên thời địa lợi nhân hòa 😐😐,Other,0
per mẹ copy đây làm bố tưởng nay mày hiểu đời văn chương hơn,Disgust,3
thân thiện thôi mà cứ ảo tưởng được thích à ? :>>,Disgust,3
bọn chưa tiến hoá hết này ... cặn bã,Disgust,3
per mày này . nhưng mà lúc già sắp chết 😕,Sadness,2
vl :)) còn đút tay túi áo ??,Surprise,0
"thôi không níu giữ kí ức xa vời , và chẳng bao giờ thuộc về nơi em",Sadness,2
chúng mày bị điên à 😒,Disgust,3
"có người cả đời ăn không hết lại có người thiếu ăn , thiếu mặc nhìn chán đời vãi",Sadness,2
đố ai định nghĩa được tình yêu . có khó gì đâu một buổi chiều . kề dao vào cổ yêu không hả . gật đầu lia lịa thế là yêu 🤣🤣🤣🤣🤣🤣,Enjoyment,0
page bị hack rồi . video hay nhất mình từg xem,Enjoyment,0
"mưa rồi , chỗ tao đang mưa",Other,0
per mày cũng có tình yêu từ nơi đây phải không ?,Other,0
nhìn kinh 😌,Disgust,3
nhìn lại nhớ một thời oanh liệt nay còn đâu 😴 đề bao năm vẫn như vậy . vẫn thích nhất là câu 4 hình học 😊,Enjoyment,0
"mà hiệu quả bất ngờ quá , quá đỉnh .",Enjoyment,0
ủa rồi ra nắm xe tải kéo ra như kéo xe đồ chơi dị ba,Other,0
từ bé đến giờ mình chưa bao giờ xếp được 1 cái rubic nào thế mà cu nhóc kia xếp xong trong vài giây ! xấu hổ quá,Sadness,2
quá kinh ngạc phá được mọi loại khóa luôn 😑😑😑,Surprise,0
phòng gym nơi những thằng gay yêu nhau và thông đít nhau :v,Disgust,3
mười mấy năm nữa tao cũng sẽ đạt kỉ lục thôi 😂😂😂,Enjoyment,0
anh thích em rồi đấy 😂,Enjoyment,0
thay đổi cái đau đầu luôn,Other,0
cũng chả biết tại sao luôn ...,Other,0
có cả chiêu của per trong đấu trường thú nè :))),Enjoyment,0
đi chơi mẹ tao cũng không tha cho tao :) chửi tao làm mất buổi vui luôn á,Sadness,2
nhớ lúc trước tao cũng có học quyền và múa tứ linh đao bay thẳng vào trán . :),Sadness,2
per đúng là hồi tđ vẫn một rổ cười mỗi ngày ha =)))),Enjoyment,0
số tiền ấy làm phước cho bao nhiêu người . đúng la dư thừa,Disgust,3
có đồng nghiệp đáng yêuc thì sếp có khó tánh mình vẫn cảm thấy vui rất nhiều . nhớ những ngày tháng đéo thèm tăng ca đi ăn bất chấp,Enjoyment,0
thế thì nó lại tốt quá,Enjoyment,0
má tao coi mà chóng mặt ... cầu này rồi dành cho chân ngắn như tao chắc,Other,0
mặt dày lại ôm cứng ngắt cho chị . 😆,Enjoyment,0
per bếp lò xo huyền thoại của ngoại hay nấu nè,Enjoyment,0
muốn được đi một lần 😆😆😆,Enjoyment,0
bo ̣ n na ̀ y cho đi tu ̀ hê ́ tao,Anger,4
thì ra nó là như này à,Surprise,0
đang họp nhớ gì không nhớ nhớ cái bếp,Other,0
hay cực,Enjoyment,0
dume tao vừa mất 2 phút nhãm nhất cuộc đời tao 😒😒😒,Anger,4
per hãy gặp nhau nói bằng mồm từ tỏ tình đến chia tay để không bị cap gửi cho hội chị em =)))))))),Disgust,3
có sáng tạo :)),Enjoyment,0
khi bạn sai mà không muốn đền thì cách tốt nhất nên dọa đối thủ thật mạnh vào @@,Other,0
"tao thì đéo phân biệt đâu là gà đâu là vịt , đâu là nhãn đâu là vải . ????????",Other,0
mắt 2 mí dễ thương quá,Enjoyment,0
s mà nằm viện mà chị đẹp quá vậy,Surprise,0
huhu đéo muốn đi học đâu,Sadness,2
thực ra chủ nó cũng bẩn vãi :) vầy quá kinh dị rồi :),Fear,1
hiểu lầm chút chút,Other,0
lại thanh niên quay phim khúc cuối ra hỏi chị ơi chị có sao không,Other,0
hay à ngheng,Enjoyment,0
ngày ấy chỉ vì quá ngu ngơ mà để lạc mất .,Sadness,2
"giỏi mà 😁, đúng là thằng tây duy nhất ở vn học tiếng việt mà giọng tuy hoà ( giỏi )🤩",Enjoyment,0
t thua cả đứa con nít nữa ám ảnh vãi,Sadness,2
eo hiểu người ta đỗ lòng đường vỉa hè thì rộng . chỉ lên nhắc người ta đỗ lùi xuống không ngã 3 thôi chứ đường của các bà đâu . có thế cũng đưa lên . ko ai bênh cái này đâu . ích kỉ nó vừa thôi,Anger,4
per bảo này mày không được đi chơi đêm nhé,Other,0
chủ như này lại chăm làm vãi =)),Enjoyment,0
"ngày đéo nào cũng đòi người yêu , sinh nhật bác hồ hay quốc khánh cũng đéo thấy tha 😕",Anger,4
móe . con nhện . cười đau cả ruột .,Enjoyment,0
coi mà hồi hộp vãi 😂😂😂... nghỉ tới khúc nó nhảy trượt rớt xún chắc bó chửi banh nóc ... v,Enjoyment,0
trai đẹp nó yêu nhâu hết rồi các chế ơi ... tranh thủ quơ được thằng nào quơ đi không thì hết đó kkkk,Enjoyment,0
dễ thương hết sức ??,Enjoyment,0
ô ông này vẫn còn làm video à :v,Surprise,0
bố mẹ cho ta đx tồn tại trên cuộc đời này biết nhận thức thì tự đi lên từ đôi tay của mình nhé 😘,Enjoyment,0
anh chơi ác quá,Disgust,3
phần còn lại là nỗi nhớ và những lần thở dài :((,Sadness,2
chắc tao đấm chết mẹ nó quá 😠😠,Anger,4
per mình đi xem phim này nha em ơi,Enjoyment,0
từ ngày ra trường là chưa về,Other,0
"mọe , chúng mày có thôi đi không ? :)",Anger,4
bố khỉ chó chứ kphai người -.-,Disgust,3
1 lũ hèn bỏ mẹ mấy đứa nó cũng thế,Disgust,3
per thay vì đọc chuyện ma thì mày có thể coi hết video này :)),Other,0
cay vãi lồn,Anger,4
per wow 😂 cảnh bắt nhện kịch tính vãi,Surprise,0
per đáng sợ quá,Fear,1
"per lắp đi , chứ tốn tiền điện thoại lắm",Other,0
viện nào nhìn đẹp thế,Surprise,0
định share cho mấy bạn trong list fr thêm động lực mà đọc bình luận xong đến tao còn thấy tụt mood 😌,Disgust,3
làm nghề không có tâm 🙂,Disgust,3
"xong vài tháng sau thằng bạn chung lớp chửi mình chảnh , bố đời .",Disgust,3
việt nam học tây chỗ này đây trách gì giờ toàn cô trò rủ nhau vào nhà nghỉ,Disgust,3
giọng nghe hay quá,Surprise,0
có tiền mua cả cây nhỉ,Surprise,0
những người nhập cho các chau ăn thịt bẩn đó họ có còn là con người nũa không ? vì tiền mà họ để lương tao bị cho cắm mất rồi . lũ khốn nạn,Anger,4
trước gầy giả gái xinh . giờ béo lên ông mặc cái váy như tra tấn cái váy .,Disgust,3
nghe lại mà nhớ những ngày tháng say đắm trong nỗi cô đơn,Sadness,2
đáng yêu thế bà đẹp gê,Enjoyment,0
nhìn đẹp quá đi mất,Enjoyment,0
nhói lòng lớp tôi,Sadness,2
khổ thân em nó . ??,Sadness,2
"sau khi kết hôn , anh sẽ thuê người giết cô để hưởng trọn tiền bảo hiểm 😌",Fear,1
giá mà thằng lái xe ngồi trong xe oto trông xe thì tốt biết mấy !,Other,0
dẻo phết ... nhưng mà cái gì dẻo quá cũng không tốt ...😄,Other,0
"năm nào bố tao cũng đi , năm nào cũng về kể là đông quá cả tiếng mới nhích được 10m mà năm sau vẫn cứ đúng ngày bố tao lại đi vậy đó =))",Enjoyment,0
per câu chuyện này thú vị nhỉ ?,Enjoyment,0
"nó dựng lên nó quay đấy , nghe giọng thằng quay như giọng 2 con bede hôm bữa đánh nhau ở quán nước",Disgust,3
cưng hết phần thiên hạ,Enjoyment,0
cười vui vãi,Enjoyment,0
có mà ngược lại ... thời thế thay đổi rồi,Other,0
tài sản thời bao cấp ...,Other,0
tưởng tượng như vừa lắp não thì lại rớt ... đại loại như vậy đó 🤣🤣🤣,Other,0
hay lắm chàng trai trẻ,Enjoyment,0
nhưng những người làm trong các ngành này không mấy ai có nhiều nhà to và nhiều đất đai,Other,0
ăn gì khôn thế,Surprise,0
tiên sư bố mày vỡ màn hình tao rồu,Anger,4
áo xinh thế .. cho tớ mượn đi tiệc nhé !,Enjoyment,0
per hả dạ ghê mày !,Enjoyment,0
mày làm tao buồn đó per ??,Sadness,2
ai cho xin bài nhạc helo đi :)),Other,0
giá như nơi nào cũng có 1 đội như vậy thì những người đi khuya xe hư đỡ khổ biết bao . thật là hành động đáng chia sẻ,Enjoyment,0
chuẩn bị kiểm tra hình huhu :((,Sadness,2
em vẫn nhớ cái bếp này kkk,Enjoyment,0
bọn này phải cho nó thưởng thức dống như nó đã làm với cây bao nhiêu cây thì bấy nhiêu mũi,Anger,4
7 năm rồi . nhanh quá,Surprise,0
rụng tim 😭,Sadness,2
admin đăng mà không nghi nguồn ở đâu ra đúng là ăn cắp bản quyền,Disgust,3
"nhìn là biết cái quả này fa lâu lắm rồi này , cũng may chưa đóng 🕸🕸🕸😂",Disgust,3
chưa chi đã để thua từ hình ảnh này . thua,Disgust,3
một cái vẫy tay đầy luyến tiếc từ cuộc họp tới đất nước việt nam,Sadness,2
cũng đừng nghĩ là những người ân cần nhẹ nhàng với mày là tốt . xã hội bây giờ không tin bố con thằng nào được,Other,0
mỉa mai cực mạnh =)),Enjoyment,0
chưa bao giờ bắn trúng 😬,Sadness,2
trừ chết ra thì mọi chuyện đều có thể giải quyết 💪,Other,0
🙂 thanh xuân của em đã từng có khoảng time tươi đẹp,Enjoyment,0
"đánh bố mày như này xem , bố túm được 1 con bố xiên chết cụ mày",Anger,4
mai tao cũng đi ship mới được . có bài này áp dụng luôn .,Enjoyment,0
vũ khí sinh học này mạnh thật !,Surprise,0
"chồng biết không , hihi",Enjoyment,0
per vợ thích bếp ga mini hay loại bếp ga đôi nào 😂😂😂😂,Other,0
giả sử mà bị thằng nào bỏ túi cả lọ nó có chửi không nhỉ,Other,0
"mỗi lần mẹ tao sai tao nhóm lửa , chắc tao nhóm hết 40 tờ giấy , và 1 tiếng sau mớii có lửa 😌",Other,0
giờ mới biết =)),Enjoyment,0
per hôm nay tới lượt đứa nào nấu cơm,Other,0
dm kiện cho đi tù chết mẹ đi,Anger,4
mặt con ngáo còn hiền hơn con đứng trên cây cột,Disgust,3
chả bù cho con ml này . đợi mãi không thấy nó về . hy vọng em không bị bọn xấu bắt lên dĩa là tốt rồi :(,Sadness,2
ng ta cuối cùng thì cũng được còn tôi thì never 😞,Sadness,2
dễ thương vãi =))),Enjoyment,0
cô chủ nhiệm óc chó quá,Disgust,3
mấy thằng vô học,Disgust,3
chuột nhìn thấy mèo sợ là đúng rồi =)),Enjoyment,0
hè về chỉ thích ăn cái này .,Enjoyment,0
per trời đựu cầu hôn nó phải thế . đã đẹp trai còn có não,Enjoyment,0
qua câu chuyện vừa bịa ra tôi hi vọng các bạn sẽ có cái nhìn thoáng hơn về csgt việt nam 😂😂,Enjoyment,0
chúng mày ngồi canh đó cho tao . có con muỗi nào hó hé là ăn liền ??,Other,0
"thứ yêu nghiệt , nhỏ g vẫn sợ nó nhất sau mấy con lắm chân t . t",Fear,1
quá ý nghĩa . mình trẻ mà chắc gì làm được vậy,Sadness,2
"thôi , bớt bớt đi không có ngày lại thiệt thân , nguyên 1 cái vỉa hè rộng thênh thang còn lắm chuyện , lúc nó đánh cho lại bảo bạo lực với nữ",Disgust,3
trời ơi . dễ thương quá luôn ❤️❤️,Enjoyment,0
cho hỏi cây cầu này ở đâu vậy ... ai biết chỉ dùm tôi cảm ơn ! 😂,Other,0
đcm ngôn tình vãiiii,Enjoyment,0
rồi đất nước mình sẽ đi về đâu .:'(,Sadness,2
thời buổi này là thằng con trai trước hết phải có khả năng kinh tế phải nuôi được bố mẹ rồi hãy tính đến chuyện kết hôn,Other,0
"chịu hay không không quan trọng , quan trọng là không có ai lấy",Sadness,2
"có hay không là ở nơi ta , đời không thú vị nhưng ta lại thấy thú vị khi được sống ở đời",Other,0
ngoài những bài chia tay vì lí do vớ vẩn ra thì neu cũng có những bài đăng đọc rồi còn nhớ mãi .,Sadness,2
dm . nó xấu cả tính lẫn nết bố đẻ . nó còn không chịu . được thằng nào bốc nó đi cái,Disgust,3
không thuộc kịch bản chuẩn mẹ rồi,Other,0
khi đời quá mệt mỏi . đi tìm 1 chút drama,Other,0
chỉ là nóng quá tắm cho mát thôi mà,Other,0
cho em xin tên facebook của c trong video để khi buồn em có thứ mua vui ạ . cám ơn mọi người,Enjoyment,0
per bị chữi thì ráng nghe mà vui đi nghe . cứ như nghe hát miễn phí 🤣🤣 còn bị chữi là còn hạnh phúc . nguoi ngoài ngọt ngào nhưng chắc gì đã thật lòng đâu,Enjoyment,0
trời ơi ai nuôi chó mà để nó tội thế kia . đéo có trách nhiệm,Disgust,3
"yêu nhau lắm cắn nhau đau , tao thấy dòng chảy tiền kiếp của 2 đứa mày là vậy",Disgust,3
"mày đấy , đừng làm tao đau đầu thêm",Disgust,3
thật không thể tin được,Surprise,0
có đứa nào vừa xem vừa sờ tai mình không ? sợ vãi :<<<,Fear,1
truyện thật đây này . đang đi bình thường qua đoạn cầu giấy anh csgt thổi lại “ gạt chân chống lên em . anh nhắc nhỉ thôi . đi đi “ 😂 hú hồn,Enjoyment,0
nhìn như nó muốn dẫn nhỏ đó đi đâu ấy,Other,0
ổng đang chán ai tán yêuc luôn 😂😂,Enjoyment,0
camry nhập thường cán bộ . mà cán bộ anh em hiểu rồi,Disgust,3
"các chuỵ của iemm hoang sury lưu cẩm ly vui quá cơ , ghét nhau lắm có yêu thương gì đâu 😆😁😁😁",Enjoyment,0
"cưng vậy trời , anh cho em xin ảnh nha ạ",Enjoyment,0
"bà này đéo gặp mình nhỉ , đọ luôn",Other,0
"tao nghĩ chắc do kiếp trước mình tu chưa thành tâm nên kiếp này cuộc đời tao như 1 trò đùa , tạo hóa ghẻ lạnh . chán đời :)))))",Sadness,2
biết đâu nó không thích bạn mà chỉ tiếp cận bạn vì đã lỡ yêu thằng bạn thân của bạn,Disgust,3
thông minh :v,Enjoyment,0
bọn này không phải là người . cho đi tù hết . chỉ sợ nó có tiền nó bịt miệng thôi,Anger,4
"ôi đời vẫn là chịu không nỗi đời mà , chán",Sadness,2
là crush ông nào thì chạy ra bế vào nhà dễ dàng có người yêu :),Enjoyment,0
per thế lol nào lần nào đến fucklong uống cũng gặp ex - đồng nghiệp đứng cửa chào tụt mút đéo muốn uống nữa :),Anger,4
"nên nhớ chẳng có cơn giận nào chẳng bùng nỗ , chỉ là nó đang bị nén lại .",Other,0
"bạn này không biết cách dọn phòng rồi , phải áp dụng hóa học vào đây nhé , mút sẽ bị tan chảy khi tẩm xăng vào , cho nên bạn cần phải đổ xăng vào mút , việc tiếp theo là ta cần 1 ngọn lửa",Disgust,3
người yêu tao bỏ tao rồi :(,Sadness,2
giờ còn lo học sánh vai với cường quốc 5 châu ai lại đi cưới chồng bây giờ :)))),Enjoyment,0
đâu phải ai muốn thích tao cũng được đâu,Enjoyment,0
hạnh phúc thật :)),Enjoyment,0
bọn này lại muốn nổi rồi !,Other,0
ờ thì 1 con ngựa ăn cả tàu bỏ cỏ vì con ngựa nó ăn hết cỏ rồi 😂😂😂,Other,0
nó hiền thôi chứ nó hung lại đấm cho không trượt phát lào . 🤣,Other,0
ủa chuyển biến bất ngờ vậy,Surprise,0
"quỳ rồi chết ông chết bà chúng mày à ? tao hồi xưa đi học còn ăn cây như cơm bữa , véo tai mỗi ngày ? dume học thì ngu phá thì giỏi bắt quỳ là nhẹ rồi ở đó mà gáy con cặc",Anger,4
dume đáng yêu vãi để tao vào chăm mày,Other,0
nghe tiếng ăn tợp tợp ám ảnh quá,Disgust,3
thử im lặng xem như nào,Other,0
thôi mình nói đùa đấy :(,Sadness,2
ít bị trầm cảm với vui vẻ đâu không thấu chứ ế sấp mặt vì không giống gái là có à,Disgust,3
bạn này yêu bố nhiều lắm mới vui vì bị bố mắng . chứ ai đời bị la mắng mà kể lại cho người khác nghe mà vui đến thế,Enjoyment,0
"hôm bữa 2 bình siro dâu thấy tiếc , nay bình mật ong còn tiếc hơn",Sadness,2
không làm gì cũng thành fan cứng là sao ?,Surprise,0
đoạn nộp bài kiểm tra mới tức cười ông thầy :)),Enjoyment,0
"má , 1 ngày tao ho 3 4 lần . tao có nên dừng ho lại không mày",Other,0
có ai xem xong không sợ với không giật mình như tao không @@,Enjoyment,0
per wow,Surprise,0
anh ơi đấm nó một cái cho em nhé sống mất dậy đéo tả được,Disgust,3
gần có tiền để mua,Other,0
dễ thở hơn so với đề văn sáng nay 😂😂😂,Enjoyment,0
tao đã làm theo video này và kết quả là .... thôi cán bộ kêu tao quét dọn rồi quét xong tao kể tiếp,Other,0
""" tụi mình tuy không yêu nhau hai lần , nhưng nếu có cơ hội ... anh chắc chắn vẫn tặng em đoá hồng đẹp nhất """,Enjoyment,0
ko phải để xé giấy ak ?,Surprise,0
chúc mừng,Enjoyment,0
1 thời gắn bó với nó . nhớ lại ngày xưa cực khổ,Sadness,2
xem ra giá cả và chất lượng mà không oke thì không ổn ...,Other,0
ước gì ba còn sống để làm điều đó với má . nhớ ba ❤️,Sadness,2
có chuyện gì thê bố . bố đừng làm con sợ :((,Fear,1
lêu lêu mày :)) đồ con chó không có mẹ ẳm :)),Disgust,3
đang tìm ra 1 điểm sai nào đó nhưng có lẽ không có :),Other,0
bộ phim đáng xem đó mấy man,Enjoyment,0
per quan trọng là phải có hội nói sấu sếp :v,Other,0
bà nuốt quả chuối tao cười tao ẻ,Enjoyment,0
😭😭😭 sinh lão bệnh tử hẹn gặp kiếp sau,Sadness,2
tao đa khóc khi xem phim này 😭😭😭😭😭,Sadness,2
"con mong bác dù nghèo nhưng sống luôn luôn vv , chúc bác 1 đời bình an",Enjoyment,0
thương nhau còn chả hết dỗi nhau làm chi 😂,Enjoyment,0
đéo bao giờ luôn :),Disgust,3
"câu này lên "" nhanh như chớp "" được nờ 🤣",Enjoyment,0
ý thức của thằng lái xe đấy kém quá cho lên nó phải chả giá bằng tiền mặt thôi . không có gì phải chách ai cả .,Disgust,3
yêu quá đi mất . tuổi thơ của mình toàn nện mấy thằng con trai . trong lớp mình toàn làm xếp nên chẳng được giúp đỡ,Sadness,2
ngứa mắt lắm à nhen,Anger,4
phìm này rất rất hay đôi với ai sống hướng nội !,Enjoyment,0
e vừa bị điện cao thế giật hôm 17 chạp . bh nhìn cái ông này mà sợ .,Fear,1
đây là kiểu tự tay bóp dái nè,Other,0
tận cùng của tan vỡ ah có biết là gì không ?,Sadness,2
gặp tao thì tao khinh,Disgust,3
"năm ngoái lấy ghế ra ngồi rồi , năm nay lấy xe chạy ra đường để nhìn cho rõ",Other,0
quan trọng vẫn là cái phải đẹp trai . rồi mới sau đó nữa ... lạ gì các bà,Other,0
"per hay đó bro , trừ điểm bro chưa bao ăn :)) - 10",Sadness,2
mất trật tự thôi có cần phải z không bắt đứng là được rồi cùng lắm là mời phụ huynh vô nói trao đổi có cần phải bắt quỳ trước lớp z không như z khác nào chà đạp lòng tự trọng của nó .,Anger,4
moá hồi hợp chờ main thắng ai dè thua bởi cái mông huhu,Sadness,2
mình hiền mà lúc cáu là chỉ im lặng không nói gì thì là sao ta 🤔,Other,0
toàn để báo nó giật tít không thèm đọc cả bài rồi giãy nảy lên như đỉa phải vôi,Disgust,3
buồn vì mình không giúp được gì cho ai . nhìn những người khác khổ hơn mình mà thấy thương họ,Sadness,2
per muốn nói gì phải ngó trước ngó sau không chi mất đầu như chơi 😂😂,Other,0
"câu chốt .... "" chuyện cổ tích per "".... thôi tao quỳ ...",Disgust,3
"chán đời các thanh niên , dơ nhục chứ hay ho đéo gì",Disgust,3
"nhìn 1 hồi thấy quen quen , ai ngờ đúng thật :)))))))",Surprise,0
"những chuyện trọng đại trong đời ... ta cứ nghe lời vợ khuyên , và làm ngược lại ắt thành công ????",Enjoyment,0
lại cho lên chơi với các cụ 😌😌😌,Other,0
không muốn yêu ai cả,Fear,1
bộ cuối nhìn đau lòng thật :(,Sadness,2
động lực của phan con gái,Enjoyment,0
đẹp không,Other,0
ý nghĩa và đáng suy ngẫm thật,Enjoyment,0
chó đã biết chê cứt,Disgust,3
sợ vãi linh hồn 😞,Fear,1
đi đâu cũng ngó ngang ngó dọc để được nhìn thấy crush 😂 ngóng nó đến mức cổ dài ra hẳn mấy cái 😂,Enjoyment,0
đúng vậy dù có mệt mà đồng nghiệp nhiệt tình vui vẻ là cùng muốn đi hoài,Enjoyment,0
cái ông aamir khan đóng phim nao cũng hay và ý nghia het,Enjoyment,0
rồi chưng ngắn như tao sao nhảy qua 😿,Sadness,2
"rốt cục sao chúng nó mò về tận nhà bạn nhỉ , kinh vãi",Disgust,3
vỉa hè rộng thênh thang mà nhỉ,Other,0
bếp dầu ngày xưa thật ý nghĩa,Enjoyment,0
lâu rất lâu mới gặp được lần rồi liết mắt nhìn cái :)))) chưa thấy nó cười,Sadness,2
giận lại là cách giải quyết nhanh nhất . để khẳng định là mình luôn đúng 😃,Enjoyment,0
nhìn ghét nhỉ :)),Disgust,3
tao chả nhớ ngày tháng năm sinh của mẹ tao và ngược lại :((,Sadness,2
em ấy còn cười được chứng tỏ em rất mạnh mẽ,Enjoyment,0
lấy rơm nấu cơm và cái kết,Other,0
có án rồi đừng làm trò . anh hùng rồi lại quay lại trại đấy :))),Disgust,3
hư hỏg cả thế hệ,Disgust,3
cảm ơn . anh .,Enjoyment,0
mất tiền khôn cũng đáng mà .,Enjoyment,0
"thương vãi , yêu vãi 😍😍😍 tao cũng thèm có em",Enjoyment,0
per nơi tình yêu bắt đầu kìa bao nhiêu,Other,0
đúng cát bà rồiii ~,Enjoyment,0
"có ai nhìn thấy giun đang bò trong ảnh không , sợ vãi",Fear,1
tao đau lòng quá,Sadness,2
ồ ra thế . tớ sẽ lưu ý :)) mong sẽ có cơ hội sờ nó . nhìn như cục bông í uwu,Surprise,0
xem giải trí thật,Enjoyment,0
giờ mới hiểu tại sao lúc đầu nhà hàng không cho đặt chỗ ..... má nó li hôn 3 lần rồi lần nào cũng phải giảm giá 30 % nó ly hôn thêm vài lần nữa chắc sập bà nó tiệm,Enjoyment,0
đã ngu lại con tỏ ra nguy hiểm .,Disgust,3
giống tao . nhưng cô ấy có hiểu đâu,Sadness,2
uất quá anh ấy cũng phản ứng cãi lại . hì hì đáng yêu quá,Enjoyment,0
nhà tao có nhưng nó rỉ sét hết rồi :((,Sadness,2
người mất dậy thật thì không bao giờ cảm thấy mình mất dậy . và người mất dạy thì cứ địt mẹ người khác và nói người khác là người mất dạy . tôi nhầm hành tinh chuẩn mẹ rồi .,Anger,4
hồi bé bị ghiền mùi này :)))),Enjoyment,0
lạy ông nào nghĩ ra kịch này !!!,Enjoyment,0
thấy tội nó ghê ????,Sadness,2
"thiệt là cao minh , hahaaa",Enjoyment,0
tao chơi với con trai nhiều nên tao mất lòng tin vào con trai rồi,Other,0
tốt nhất là phải sử phạt thật nặng thì các trường hợp như vậy mới không tiếp tục xảy ra,Other,0
dĩa bay . trả lại để tôi về,Other,0
"per cố gắng lên nha anh , mọi điều tốt đep đang chờ anh 💓💓",Enjoyment,0
per 2 ly trà sữa bạn làm rơi mà chưa thấy bồi thường lại mình 😞,Sadness,2
ỏ đáng yêu =))),Enjoyment,0
hết hồn . sợ quá nhỉ . nhạt !,Disgust,3
chắc phát khóc mất 😭,Sadness,2
những người thương tôi không phải buồn vì tôi mà là tự hào vì tôi,Enjoyment,0
"10 triệu có lẻ quá ít so với số tiền mà bọn nầy được thê để phá hoại cả một nền chăn nuôi gia súc nói riêng , cả một nền kinh tế nói chung ,,,,",Disgust,3
cười ỉa thánh nào làm video này,Enjoyment,0
bài này quen quen,Other,0
rất nguy hiểm,Fear,1
nhìn quả mặt của nó thì tao công nhận thất tình thật đáng thương ?,Sadness,2
tội quá . thương em,Sadness,2
mập mà xinh nó sẽ khác mập và xấu - _ -,Disgust,3
đồng nghiệp là ai kệ mẹ nó quan trọng lương bao nhiêu,Other,0
mỗi mùa trung thu đến nhìn người ta mua bánh tặng nhau mình lại thấy chạnh lòng ! 😞,Sadness,2
khác xưa thật mà,Other,0
khá quá nhể :))),Enjoyment,0
"t thề mỗi lần dọn phòng sn này thì banh kem , pháo kim tuyến . đủ các thứ . khóc mà bụt nó đéo lên",Sadness,2
toàn tặng đồ gây sát thương thế kia khả năng bị phản damage là rất cao,Fear,1
"bỏ qua mấy dòg chữ , nhìn khuôn mặt con bé không thể nhịn cười per :))",Enjoyment,0
"bọn này đóng điện cho nó đi luôn , giữ làm gì cho chật đất",Anger,4
tui còn chưa biết sì phố là gì . ổng biết luôn á trời,Surprise,0
hàng cổ rồi anh ơi,Other,0
a cũng ở trong đây à,Surprise,0
đổi cả cuộc đời giống người tàn tật để được cái video này .,Disgust,3
yêu quá hóa điên 🤣,Enjoyment,0
"per tao đã khuyên mày rồi mà không nghe , làm màu chi mà tặng hộp quà cho bự để người ta dọn cực khổ đến nỗi đăng lên mxh kìa 😩",Disgust,3
"chọn thằng nào không quan trọng , vì đằng nào cũng không có thằng nào nó thích em đâu mà ảo tưởng =))",Disgust,3
buổi tối vui vẻ và ấm áp nhé đại kỷ nguyên ! tương tác cho hằng khỏi trôi bài nhé !,Enjoyment,0
tụi nhỏ dễ thương quá,Enjoyment,0
vậy mình xin chúc đk n năm tới không còn cô đơn nữa nha kkkkklk,Enjoyment,0
toàn mấy con bán hàng online đăng để cau view thôi phạt nặng vào,Disgust,3
ngày hôm ấy tuyệt đẹp nhưng lại đượm một nỗi buồn ngày mai thôi chg được gặp thầy cô bb lũ chúng tôi khép cánh cửa ấy lại nhìn lại toàn bộ khung cảnh ôi thân thương biết mấy cảnh vật quen thuộc sẽ không được trông thấy nữa,Sadness,2
nhỏ mà mất nết,Disgust,3
200 triệu này lấy từ nguồn ngân sách nào để bồi thường ? hay cứ lấy từ từng đồng tiền thuế của người dân để sửa sai lầm cho 1 cá nhân hay một đơn vị tư pháp ?,Disgust,3
thằng này bị điên chuẩn mẹ rồi,Disgust,3
đúng là nói thì dễ hành động không bao giờ làm được ))),Sadness,2
nhà nước pháp luật việt nam lên tiếng hộ em nó cái,Other,0
theo tao thì mày nên chọn thằg nhiều tiền . đến năm cuối thì mày quay lại chọn với thằg nhiều tiền học bổg . m hỏi vậy là mày được lựa chọn mà . đấy là cách tốt nhất cho người hám tiền như mày,Other,0
nghe nói 2020 hơn 4tr đàn ông sẽ ế vợ . mình chỉ việc chờ thêm 1 năm nữa thôi là đăng tin tuyển chồng 😂😂,Enjoyment,0
đại học vui lắm cậu :)) weeee,Enjoyment,0
"chú em còn non quá , kêu thu ngân đánh thêm phần phụ thu dọn vệ sinh 200k , không đưa thì kêu bảo vệ không cho lấy xe , đó quy định hầu hết các quán karaok , trường hợp phụ thu là mang đồ ăn ngoài vào , ói trong phòng , và đỗ bia nước ngọt , xả rát kiểu như trong video",Disgust,3
k cần biết nội dung ... nhìn mặt con bé thoy muốn cưới về cho con trai mình ngay rồi 😂😂,Enjoyment,0
ngày bé nấu hoài không chín . tức rủ mấy đứa ra đốt cả đống rơm nhà hàng xóm,Enjoyment,0
"crush đi nhậu rồi say , rồi bị thịt ... hic hic",Sadness,2
"trong tất cả các con , con mèo là mất dạy nhất …",Disgust,3
"cây hoa sữa thì nói cây hoa sữa đi , tình yêu tình báo gì ra ngửi mùi chắc mất mẹ tình yêu luôn",Disgust,3
thương thương con =)) yêu ghê cơ ý cái mẹt hờn dỗi,Enjoyment,0
"cái thế giới loạn hết rồi , loạn thật rồi , trả tao cái đĩa bay",Disgust,3
quê ở huyện kế bên mà chưa 1 lần đi =)))),Enjoyment,0
hãy cười thật tươi để cho cuộc sống của bạn trở nên thật tuyệt vời 😁,Enjoyment,0
tuyển ngay về làm nghiên cứu viên cao cấp cho các hãng khóa :d,Enjoyment,0
"tao cứ nhìn xong nghĩ , tay nào cầm bút là tay phải ,",Other,0
"nó sẽ ra cái ốp , lo gì thiếu đồ chơi",Other,0
"ờ đúng rồi , có thể chỉ là đang lợi dụng mày viết content free xong thích là sửa thôi hihi",Disgust,3
con bé cưng gì đâu . vk ơi anh muốn có cục bảo bối như vậy per,Enjoyment,0
cưng quá trời luôn,Enjoyment,0
a triệu mua quả báo thì quá rẻ mạt 😞 tiếc là luật có vậy 😏,Disgust,3
cực kì bản lĩnh lẫn liều lĩnh,Enjoyment,0
aeon tâm lý thế :)) mày . n vào mua que kem tránh nóng,Enjoyment,0
người ta đỗ dưới lòng đường chứ đỗ vào nhà chị đâu mà van hóa gì . chủ thớt mới là người ấu trĩ lạc hậu nhé,Disgust,3
chị lỡ mất 1 nhịp tim vì cưng đấy ❤️❤️❤️,Enjoyment,0
:)) đéo hiểu sao mấy phim truyền hình của ấn xl vãi mà phim như thế nào thì lại qá hay,Enjoyment,0
per chán quá,Sadness,2
nghe thấm câu vàng trắng nhưng thực tế là trắng tay thôi nghe mà buồn,Sadness,2
thoa kem chống nắng như người ...,Other,0
per đấy móng tay dài nhất thế giới đấy,Surprise,0
đằng nào mà chẳng thịt chẳng qua sớm hay muộn thôi,Other,0
trên thì một kiểu dưới thì kiểu khác,Other,0
"nhạc buồn quá . bài này là bài "" chia tay trong chiều hoàng hôn nắng úa màu "" - justin bieber cho bạn nào chưa biết nhé . :'(",Sadness,2
per đây . cô gái bán hàng thú vị đây . phải xem cho hết,Enjoyment,0
dẫu hiên ngang giữa đất trời gặp con vợ đểu thì đời cũng xong,Sadness,2
"cmt buồn cười vll , nhớ mình cừng có kinh nghiệm chạy ngỗng :)))",Enjoyment,0
"lớn lên rồi ta sẽ tự hiểu .. "" tại sao ngày đó cha mẹ thế này thế kia với ta "" ...",Other,0
hình như câu này quen quen ý le tuyet nguyen nhỉ,Other,0
nó ăn cà rốt chứ nó ăn cái gì mà liếc quễ mều mặp 😡😡😡,Anger,4
quả này cũng chất lắm,Enjoyment,0
hồi bé bị ngỗng dí hoài =)) sợ vãi,Fear,1
tao ngồi tao khóc 1 buổi ☹️,Sadness,2
crush của tao đi làm rồi . hihee . sáng mai mới về cơ 🤣🤣,Enjoyment,0
khoảnh khắc mày nhận ra mày còn đéo bằng 1 thằg nhóc còn trong bụng mẹ :((,Sadness,2
chúng mày cứ ra phim boom tấn cho nhiều vào,Other,0
cao quá cũng khổ chứ sung sướng đéo gì 😓,Sadness,2
ý thức quá kém .,Disgust,3
bẩn bựa vlon 😤,Disgust,3
một con cá chép đang bơi trong hồ mà đã tính chuyện đánh bại những con rồng vẫy vùng 5 châu !,Disgust,3
ai cũng nói tao đẹp troai . hiền lành nhưng chưa biết lúc tao lên cơn 😂😂😁,Enjoyment,0
điên,Disgust,3
chủ tịch đi nặn mụn ở tai và cái kết khóc thét,Sadness,2
hành vi của người bố có phần nào ảnh hưởng đến đứa con . cô bé cười . không phải vì cô bé mạnh mẽ . mà là cô bé đã bất cần,Other,0
xem phát khóc mẹ luôn 😭😭😭,Sadness,2
per nhìn nó gớm những vẫn khoái coi . thú vui biến thái dễ sợ,Enjoyment,0
mèo nhà tao gửi 10 ngày về ăn tết lên nó thành mèo hàng xóm này ( nhà hàng xóm bán cá ) :((,Sadness,2
"còn những người bình thường rất dữ , thật ra họ hiền lắm , nội tâm lắm",Other,0
giống như thổi khí vào bong bóng đến một lúc nào đó thì nó phát nổ,Other,0
ha ha ....,Enjoyment,0
nhìn giống mấy đặc vụ của cia . sợ thế :)),Fear,1
tao đang thă ́ c mă ́ c ta ̣ i sao thă ̀ người da đen no ́ quen được con nho ̉ da tră ́ người ngon va ̃ i thê ́ nhy ̃. 😑😑😑,Other,0
thế giới giờ đáng sợ quá rồi 😌😌 tâm phải tịnh không là tiêu nha mấy ông 😢,Fear,1
"vietcombank phục vụ tệ , phí cao , mang mác nhà nước nên vậy .",Disgust,3
bất ngờ vãi =)),Surprise,0
bữa cơm trưa nay tăm tối như cái ava của tao vầy :((((((,Sadness,2
hội những con pug láo lếuuuuuu,Disgust,3
dè nghị khởi tố luôn những người biết mà che dấu,Anger,4
per mày đang nghĩ đến ai,Other,0
bà già đau khổ,Sadness,2
"không phù hợp thổ nhưỡng , khí hậu . vậy mà vẫn tung hô , dải ngân để làm khổ dân . quả bóng trách nhiệm chẳng thuộc về ai cả . 😢😢",Sadness,2
đúng là cái thứ vô học,Disgust,3
nhiều lúc em di từ từ chưa kịp đỗ đã có n ra bảo không được đỗ ở đây chán qúa,Sadness,2
chỉ cần thích cái là muốn rụng tim,Enjoyment,0
vui tính tí cũng khó cơ,Sadness,2
chỉ còn lại tro tàn,Sadness,2
lỗi tại thằng quay phim . cắt không đúng lúc,Disgust,3
kkk ... bếp dầu một thời ta hay nấu đây nè,Enjoyment,0
đag đi học mà gặp cảnh này :)) chắc chạy về cúp học luôn,Fear,1
anh con mẹ mày :))),Anger,4
ngạc nhiên đấy,Surprise,0
xã hội giờ càng ít nói như tao thì càng ngoan hiền,Other,0
nhìn mặt con bé kiểu . ơ cái gì vậy,Other,0
hư cấu 😌,Disgust,3
bộ phim ấn độ duy nhất xem được lol,Enjoyment,0
vậy mới biến thành người nhện được,Other,0
per đã hiểu sao hè năm ngoái có quả lịch học vãi chưa =)),Enjoyment,0
rõ ràng vẫn là một người mà cắt tóc xong nhìn đáng yêu vãi :v,Enjoyment,0
đm lúc tao học đến chương đó nguyên tiết bà cô toàn chia sẻ kinh nghiệm chuyện tới tháng 🙂 đéo thú vị được như vầy :vv,Disgust,3
vật chất quyết định ý thức,Other,0
per đã hiểu tại sao thằng bạn mình đam mê gym .. thì ra đây là nơi nó được sống thật với giới tính của mình ..🤣🤣🤣,Enjoyment,0
họ vui là được rồi :))),Enjoyment,0
đáng yêu phết nhể,Enjoyment,0
có móng tay dài cũng khổ,Sadness,2
"cậu ấy tán tôi , tôi từ chối . thế là từ đó chúng tôi đéo làm bạn được nữa !!!",Sadness,2
per nhìn đẹp thiệt mày,Enjoyment,0
mùa mưa đến sớm rồi huhu,Sadness,2
có mà đầy người như vậy ý ... ăn vô máu họ rồi,Disgust,3
tình hình này tháng sau cũng đi tập gym mất,Other,0
nhiều khi chỉ ước gì mấy đứa bá dơ này có thể chết thay cho chị nữ sinh giao gà thì hay biết mấy ...,Other,0
bởi vậy không nên bình luận trên facebook làm gì . nhìu đứa nó nhây cãi lộn mệt người .,Disgust,3
giờ anh gù lấy đâu ra chỗ ở :'(,Sadness,2
"chúc mày mau khỏi nhá , team thích ăn thịt gà như tao ??",Other,0
tiếc là 23 cái xuân rồi chưa gặp được em . có ai giống tôi không,Sadness,2
gặp được em nhưng sẽ chỉ quan tâm và bảo vệ em từ xa,Sadness,2
bộ phim việt lần đầu xem thấy hay cảnh quay đẹp !!,Enjoyment,0
"ngày chia tay , chúng tôi đã ôm nhau khóc",Sadness,2
thật đúng đắn khi đã follow page này !,Enjoyment,0
đm mẹ bạn thân,Disgust,3
chưa nhớ vụ công viên nước hồ tây à :)) mấy con chó đực nứng dái,Disgust,3
"đọc bình luận không thấy ai khen cute dễ thương đáng yêu này nọ nữa nhỉ :))))) một ngày đẹp trời bạn ra ngõ đứng hít không khí , con mèo sẽ kệ mẹ bạn , con chó vẫn sẽ đi đái bậy , nhưng con một lằn này thì đéo , nó phi con mẹ nó ra dí chạy như một con điên",Anger,4
21 năm chưa crush ai thì có gọi là ế thâm niêm không hả các bác,Sadness,2
ơ thế chưa ai dẫn ngài trump đi ăn bún đậu mắm tôm hả ?,Other,0
trích mà như vầy rồi . sao dám coi phim đây 😢,Fear,1
cô ấy hết thương tao rồi,Sadness,2
"dăm ba cái thể hiện tình cảm này ngày xưa tao đầy , nhưng từ ngày cưới xong đi qua đường chắc chồng tao rơi mất não nên chưa thấy lặp lại bao giờ . 😌",Sadness,2
wow không thê tin được bô mong tay day thât kinh,Surprise,0
"nhìn này thần sắc thế kia thì đeo sao đâu , yên tâm đi không được hốc hôm nay thì hôm sau hốc lo cái đéo gì chứ",Other,0
có cái lol chuột nó sợ,Disgust,3
có đến hàng trăm năm sau đi nữa thì trẻ trâu vẫn luôn tồn tại theo thời gian 😀,Disgust,3
đụ mẹ cười ỉa ????????,Enjoyment,0
xem xong thấy buồn quá,Sadness,2
diễn vãi,Disgust,3
"bị ngỗng mổ sợ vãi_chưởng , hồi bé tao đã không sang nhà b tao cả tuần trời vì nhà nó mới nuôi ngỗng mà bình thường tao toàn ăn chùa cơm nhà nó thiếu điều làm con nuôi nhà nó nữa thôi :))) nhắc lại mới thấy sợ vãi",Fear,1
cho chết,Anger,4
per sao chủ đề gái mê tiền dạo này hot nhỉ :))),Surprise,0
"ra đi là lựa chọn đúng , ở lại incheon để gánh team làm gì cho mệt ra lại bị tiếng xấu .",Enjoyment,0
người trái đất thật đáng sợ mà - _ -,Fear,1
"per tải thử cái này cho cún đi chị , hay phết này",Enjoyment,0
phải cho chúng nó vào tù hết 1 lượt cho chúng nó ăn chính thực phẩm chúng nó bán đi cho nó nhớ,Anger,4
trông rợn vãi :)),Fear,1
"rồi , chợt mình tỉnh giấc :) mơ đủ rồi đó",Other,0
thấy chưa ... ổng lấy váy cưới của vợ kìa . t nói đâu có sai . :v,Disgust,3
vãi linh hồn .,Fear,1
per hồi nhỏ chuyên gia đi ngang nhà hàng xóm là bị nguyên bầy ngỗng nó dí nó rượt chạy khóc la um xùm .. giờ còn ám ảnh 😭,Fear,1
chủ thớt sấp mặt rồi,Sadness,2
thế giới này thật đáng sợ ai chả đĩa bay cho tao về hành tinh tao đi,Fear,1
per nhịn ăn để đi,Other,0
mình còn để ảnh bạn ấy trong thẻ học sinh xong bị thấy cơ,Enjoyment,0
thằng lồn nào chế ra cái này tao nghĩ nó hơi bị thiêu muối đấy nhạt vãi lol ra,Disgust,3
bộ cứ thân là ở với nhau đuợc à ?? sai lầm vãi,Disgust,3
nói tóm lại mau axít đậm đặc bỏ vào thùng nhựa để kế bên cho nó thấy chắc là ổn nhớ đừng làm chuyện dại nhá,Anger,4
thôi xong . chia buồn cùng quý quốc,Sadness,2
nhà tạp hoá đấy hả ... :)))),Other,0
"đúng vô cùng , không cần biết làm mệt việc nhiều lương thấp ra sao , làm ở 1 nơi đồng nghiệp như những ngừoi chị trong gia đình , đi làm mà cảm giác thoải mái vui vẻ như ở nhà . nơi có thể ở 9 tiếng 1 ngày",Enjoyment,0
nó bể 1 phát lúng tới cổ dume tởn tới già,Fear,1
per coi phim này chắc chết luôn trong rạp 😂,Fear,1
sống chậm lại và yêu thương nhiều hơn các bạn ạ,Other,0
đi chơi lụm được tờ 2k rách mua băng keo 5k dán lại tờ 2k 🤔,Enjoyment,0
tao coi tao sợ nó lọt quá bây,Fear,1
uổng phí công sức bao người !,Anger,4
tao sợ ma nên không dám coi lun,Fear,1
"ủi ui , mời người ta đến nhà ăn tiệc , lại đãi mỗi càrôt là thế nào , lần sau bà mời tiệc thì mày tự biết rồi đấy",Disgust,3
per ý nghĩa giống phim không ???,Surprise,0
cuộc đời bạn đáng giá bao nhiêu tiền,Other,0
nhìn bên dưới cầu bẩn đéo chịu được . lỡ té xuống nước thì tha hồ mà tắm và hưởng thụ sự trong sạch đến mắc ói của nước và rác thải .,Disgust,3
"thường thì người thuận tay trái sẽ bị bệnh này :v , riêng tao thuận vả 2 tay nên chả sao",Enjoyment,0
cố tỏ ra nguy hiểm vãi 😂,Disgust,3
"ôi dume giật nảy mình , tí thì rơi điện thoại",Fear,1
tụt quần nó ra cho nó chén :))),Enjoyment,0
một cách bán hàng nta gọi là đẳng cấp,Enjoyment,0
yêu quá đi mất nhìn cưng khủng khiếp ??,Enjoyment,0
sao chúng nó dã man thế nhỉ,Surprise,0
cầu cho chú luôn mạnh khoẻ ạ 😢,Sadness,2
ăn bớt của trẻ vậy mà bị khiển trách thì lần sau còn làm tiếp và mạnh hơn nữa đúng lả luật của việt nam không có chức quyền ăn trộm ổ bánh mì phải đi tù còn có chức ăn 150trieu thì bị khiển trách thôi,Anger,4
thích cái đầm nào mua cho bận ngủ cho mát nè :))) per,Other,0
ôi đàn bà là những niềm đau 🤣,Disgust,3
tao thề . nhìn bạn ấy xong tao muốn rụng mấy quả trứng luôn 😓,Fear,1
"ôi những con người dễ bị ám ảnh với quá khứ , ôm nhau cái nào",Enjoyment,0
sợ con này lắm :((,Fear,1
"tháng 10 đến rồi , nghe bài này quá chuẩn",Other,0
mở máy lên .. rồii lại đặt xuống ... cả ngày nay tôi đều như vậy để chờ anh nhắn chúc tôi .. giờ này chắc anh quên ngày này thật rồi .. cô đơn quá mức rồi đấy 😭😭,Sadness,2
chủ tịch giả vờ cầm cây củi mục múa vỏ và cái kết !,Surprise,0
cười ỉa phút 1 : 11,Enjoyment,0
bài nhạc hay khi nó đúng tâm trạng ... nhạc hay !!!!!,Enjoyment,0
tao nói thiệc cả đời tao chưa gặp con đỉ gia cầm nào sân si bằng con ngỗng . đỉ chó . :),Disgust,3
per mày phải thấy may mắn khi cuộc đời mày được gặp tao :))),Enjoyment,0
nguyên nhân là gì vậy ??,Other,0
còn tao vẫn nhớ ngày nhỏ cứ nghỉ học chủ nhật đi quét lá tre về nấu cơm,Enjoyment,0
còn mềnh thì ra quán mua bim bim đều chỉ để nhì em mà cười,Enjoyment,0
""" tim anh em lấy em chơi , quả báo đến sớm em ơi ...""",Other,0
per facebook cứ để tao phải xem được những cái lãng mạn là sao cay vãi :)),Anger,4
đúng là không thể chấp nhận được,Anger,4
thêm đường hay cho thêm bánh gato về tẩm bổ :),Sadness,2
nhớ cái váy với bộ tóc chấm bi đen trắng của anh huy ghê,Other,0
list này không có liệt kê công việc của dân chứng khoán sao ?,Surprise,0
đó là của bạn thôi bạn hài lòng với nó thì đâu có gì để nghĩ ngợi đâu,Other,0
đcm anh da đen fake,Disgust,3
dễ thương ghê ! làm mình nhớ các cậu bạn cùng lớp hồi học cấp 2 quá !,Enjoyment,0
đáng yêu như em tao ý . cứ mỗi lần nó quyết định ngủ ở đâu là nó lại đấu tranh tư tưởng 🤣🤣,Enjoyment,0
cái này chỉ sướng mấy anh đèo mấy em ngực bự đi đường này nẩy tâng tâng,Enjoyment,0
per rất là thực tế nhé chú .,Other,0
tội cho chàng trai ấy,Sadness,2
gì cũng được chứ yêu 1 người vô tâm thì đéo 🙂,Disgust,3
cầu này chỉ dành cho những ai chân dài thì đúng hơn 🙂,Other,0
nhây qua ́ nhaaaa 😂😆,Enjoyment,0
nghe có trà sữa là thích rồi,Enjoyment,0
xinh quá !,Enjoyment,0
nhiều lúc tủi thân vãi_chưởng huhu,Sadness,2
và đương nhiên sẽ có ngày cô ấy sốc vì giới tính thật của cô ấy !!!,Sadness,2
coi mệt vãi - _ -,Disgust,3
per nhện mượn hố xí tỏ tình đó thì sao nàooooo,Other,0
hahahaha . thâm nữa . mà thiệt chỉ có trong cổ tích nhé,Enjoyment,0
quá sàm,Disgust,3
dùng cây sắt rùi làm lại đi . mình mún xem típ :3,Enjoyment,0
vcb làm việc kiểu hách dịch thì có :v,Disgust,3
:v trời giờ mới biết thế giới có dạng hợp thể vầy đấy :v,Enjoyment,0
chấm cho tôi lên top đi mà :v,Other,0
"toàn anh đẹp trai . đau tim , tan nát cõi lòng của tao ... a ................................ a",Enjoyment,0
per đồng nghiệp không tốt ta có thể bị chửi và ăn đòn từ sáng đến tối 🙄,Fear,1
câu chuyện của mày làm tao buồn quá,Sadness,2
tận cùng của nỗi đau :(,Sadness,2
khi tao cảm nắng một ai đó xin thượng đế cũng tát tao một cái như cách sóng xô vào cát cho tao tỉnh con mẹ nó ngộ 😂,Other,0
gu của tôi trời ơi . tiếc mới có chồng với đứa con thôi . huhu,Sadness,2
"xe đỗ ngay giữa cửa hàng và cửa nhà bạn luôn , khách lên và xuống không được thoải mái và hơn nữa là vào hát karaoke thì theo bạn sẽ là mấy tiếng mới ra ?",Anger,4
kéo quần lên rồi nói chuyện tiếp ... kém sang,Disgust,3
"nếu không xin lỗi em tao , tao hứa cắt tiết từng đứa ... nhưng tao kô giết 🙄. học hành cái lồn gì bọn này .",Anger,4
nhân văn ? thế nhân văn ở đâu cho những em học thật thi thật ?,Disgust,3
thật đáng khâm phục các bạn ... chúc các bạn gặp nhiều may mắn trong cuộc sống ...,Enjoyment,0
đm main mới hay quá đi,Enjoyment,0
per địt mẹ mày rep ib cho tao,Disgust,3
hú hồn,Fear,1
m nói chuyện cũng cute ngoan ngoãn cơ chứ tao toàn okay anh =))),Enjoyment,0
kẻ ô điểm lời phê :((,Sadness,2
bọn dân trí thấp tưởng thế là hay .,Disgust,3
mắt còn xanh như bé không anh ??,Other,0
coi mần cái mặt kìa trời 🤣,Other,0
hỏi họ xem đã cho ai được tý gì chưa mà thiếu ý thức vậy ?,Disgust,3
hhaahhaah ! t đã may mắn như thế 😂,Enjoyment,0
"lạy mấy ba mấy má , con người ta đã làm video giải trí cho mấy ba mấy má coi rồi , dume mở miệng ra là bảo người ta sân si , vô duyên vửa thôi",Disgust,3
em tao thì cứ xác định bố thịt từng đứa 🙂🙂🙂🙂🙂 bố mẹ bênh thì thịt cả bố mẹ luôn sợ máu lồn 🙂🙂🙂🙂🙂🙂,Anger,4
ko biết ai phối ra cái giống ngáo vô địch này nữa,Surprise,0
mẹ thằng này nói tiếng việt tốt thật lại còn nói được cả giọng phú yên nữa chứ,Enjoyment,0
sợ thì vkl,Fear,1
clm đêm rồi tha cho tao 🙂 tao đéo muốn chạy xuống dưới nhà hoặc là nhịn đến sáng mai đâu 🙂 con gì thì con kệ mẹ 🙂 đừng nhắc đến nhện 🙂,Fear,1
"đỗ ở đường cấm đỗ và đỗ gần ngã ba là sai hoàn toàn rồi vẫn có người vào bênh . em là chủ thớt thì em cứ để họ đỗ thoải mái rồi gọi phường tới làm việc thôi , cần gì phải nói nhiều",Anger,4
may quá lớp tao không phải thế :)),Enjoyment,0
"võ nghệ cao siêu đến mấy cũng phụ thuộc vào hung khí , em biết được điều này lên không bao giờ em học võ mà tự xắm cho mình khẩu hoa cải !",Enjoyment,0
phải chi lúc mà thằng per bị bảo câm mồm thì đập bàn đứng lên quát “ bên tao cả một đội quân ” 🤔,Other,0
chúng tôi gọi đây nà chất :v,Enjoyment,0
"per nuôi móng đi anh , mai mốt cắt đem vô triển lãm",Other,0
"kể mà mình cũng được tỏ tình lãng mạn kiểu này . ôi , ngủ thôi . muộn rồi :3",Other,0
nếu người dân mà làm thế này thì phải truy cứu trách nhiệm hình sự,Other,0
nhìn thấy ghê à,Disgust,3
ông bà xinh quá 🧐🧐,Enjoyment,0
"tao cũng là người cuối cùng ra khỏi căn phòng ấy , ngắm nghía lần cuối rồi rời đi , khép lại 3 năm đẹp nhất của đời người . tao không khóc nhưng trong lòng rối bời , muốn ôm hết all vào mình .",Sadness,2
nhìn khó chịu vãi,Disgust,3
hmm hãy tưởng tượng nó là một chú gián xink xắm xoè cánh thiên thần bay đến ... 😞,Enjoyment,0
xin phép phẫn nộ,Anger,4
per thể loại tao thích nè nhưng mày đi coi với tao nha không tao khóc thét rạp,Fear,1
thế cuối cùng có chống được chuột không,Other,0
đám tụi tao đi chơi xưa nay đều dọn sạch đồ mình kêu hoặc xếp lại gọn một chút cho người ta đỡ dọn .. cái này là sự ý thức thôi …,Enjoyment,0
"per vong đòi ít thế nhờ , phải 2 tỷ rồi cho trả góp chứ",Disgust,3
cái video đầu làm hết hồn per per,Fear,1
phim hay vãi ấy xem lâu lắm rồi,Enjoyment,0
chồng tao mà nói thế tao lại vả vỡ con mẹ nó mồm :)),Anger,4
thật đáng sợ,Fear,1
per đem rác về nhà vứt luôn haha,Enjoyment,0
thế mà cũng 5 năm rồi . ❤️,Enjoyment,0
bếp dầu này hiện đại rồi,Other,0
chẳng hiểu sao tao cười sặc sụa,Enjoyment,0
ngày nào cũng vậy . có bỏ lỡ ngày nào đâu mà 🤣🤣,Other,0
chỉ cần chọn đúng người đúng thời điểm thôi,Other,0
kết thúc 3 năm cấp 3 là khoảng tg đẹp nhất nhưng nó cho ta nhiều kỷ niệm đầy tiếc nuối 🤔,Sadness,2
bán vé số tháng kiếm 100tr nha . nghe ông lol nao trong quốc hội nói vậy .,Disgust,3
trông tội vãi,Sadness,2
"tưởng chỉ có trong phim thôi chứ , nay chơi vậy luôn à",Surprise,0
tao mới mọc răng khôn huhu,Sadness,2
cái này là ở đâu vậy ?,Other,0
học xong lớp 12 tao chỉ mong 1 đều đừng bao giờ có họp lớp :))),Other,0
"cứ đem lửa than , nước chay , sau đó cắt ngay ra ăn chấm muối là ngon , vẽ chuyện kiến với chả ong .",Disgust,3
nhìn dáng đi mà nhớ ông nội 😞,Sadness,2
để 1 ngày là khó chịu rồi,Anger,4
được đấy tao thích,Enjoyment,0
"lừa đảo có quy mô đủ để truy tố hình sự rồi nhé , 5 triệu liệu có đủ sức cho chúng sợ không ?! hay là chúng mày lại bị cái chùa ba vàng mua hết nhân tính rồi ?",Disgust,3
chúc đại kỷ nguyên có một buổi tối ấm áp nha ❤️,Enjoyment,0
trồi ôi bài hát đỉnh caooooo,Enjoyment,0
"từ không tật nguyền , trở thành tật nguyền để nuôi mấy cái không đáng :))))",Disgust,3
lần đầu gặp anh cũng là phòng gym =)))),Enjoyment,0
tìm đối tác 😔,Enjoyment,0
công ty nào làm như vậy mọi người nghĩ làm hết cho nó khỏi phải vậy ...,Other,0
tình chỉ đẹp khi còn dang dở lấy nhau rồi nham nhỉ lắm ai ơi ...,Sadness,2
hết buồn cũng phải có tiền mới hết được :)),Enjoyment,0
mẹ chồng cay nghiệt =))))),Disgust,3
ê có khi nào đọc bài này xong buồn cười quá cười toác hàm có khi nào đi bệnh viện không các cụ :v,Enjoyment,0
"tao thì trông nó truyền điện chết mẹ đi , loại này sống nguy hiểm cho xã hội",Disgust,3
đm hú hồn,Fear,1
song rồi em để lại anh một cái sừng 10 phân là ít,Disgust,3
thanh xuân rồi cũng sẽ qua có những người trong ta mãi chẳng thể xoá nhoà !,Sadness,2
câu được chục con heo vàng chả được cái gì,Sadness,2
muối mặn vãi,Other,0
có biết bao người có mảnh đời như vậy !,Sadness,2
đú quan trọng bởi người tao yêu củng không đi chơi valungtung thế là tao vui rồi :)),Enjoyment,0
tanh bành cuộc đời rồi,Sadness,2
óc chó đi dậy đời,Disgust,3
per chị đã kịp đi chỗ này chưa ?,Other,0
"per thấy chế thủ sẵn hộp mặt nạ rồi thì phải . tim em mong manh lắm , đừng để em hoạng sợ nhá chị ??",Fear,1
bảo dân trí thấp lại tự ái,Disgust,3
không biết thật không nhỉ =)),Enjoyment,0
per tao mãi mãi bị con này ám ảnh từ bé đến giờ . thứ gì mà đéo thể yêu thương nỗi . nghe tiếng nó kêu là tao bỏ chạy trăm mét 😒,Fear,1
khách nào nhỏ nhen vậy ...,Disgust,3
66 năm trời luôn đấy,Other,0
tự bỏ tiền ra trồng tự cạo mủ cho chắc củ,Other,0
ông nội này chất đấy,Surprise,0
"hí hí . tiến sĩ cừu , thạc sĩ cừu ... chẹp chẹp 😃",Enjoyment,0
lấy vợ xong béo quá rồi . hình như ai cũng v à 🙃,Sadness,2
per ơi nhột nhẹ kkkkk,Enjoyment,0
muốn tạo ra niềm tin đôi khi bạn cần sự dối trá 😉,Enjoyment,0
cổ tích thôi nhé . tao mới bị hỏi vì rẽ không xi nhan . và anh chỉ nhẹ nhàng phán 1 câu : ‘’ 2 triệu đưa đây không thôi mai cầm 3 triệu lên đồn nhận xe nhé ’’ anh thật là dễ thương 🙂,Enjoyment,0
sợ xanh mắt mèo,Fear,1
"khi bạn làm con b sẽ khóc , nhưng khi bạn đã làm cha mẹ bạn sẽ thấy đau lòng .",Sadness,2
bộ phim hay ý nghĩa nhất từng xem,Enjoyment,0
cả 2 kẻ này đều đáng sợ !,Fear,1
mai đấu giá thử cai lap cua mình chứa toàn tài liệu tiếng nhật 😂😂,Enjoyment,0
trời đánh tránh miếng ăn,Other,0
hoan hô . công nhân đâu phải trẻ mầm non,Enjoyment,0
tao . dân đaklak nhưng lần đầu tiên nghe chuyện này ....,Surprise,0
cảm giác tóc sau gáy bắt đầu dựng lên :))),Fear,1
mấy má đang có kinh rồi mặc áo đầm nhảy qua thì nhuộm đỏ 1 dòng sông cmnl 😳,Fear,1
chưa được đi pháp mà huhu,Sadness,2
là nhìn người ta đi cạnh 1 cô gái mà bất lực không thể làm gì ngoài việc ngồi nhìn và mỉm cười,Sadness,2
giờ còn thể loại dâm ô nam sinh mới ghê :))),Disgust,3
tao bắt đầu sợ nó ròi đấy :)) ám ảnh vãi,Fear,1
thế đéo nào ma không bị phóng điện nhỉ,Surprise,0
hk động chạm nó cũng dí sấp mặt luôn rồi . dm . 😌,Anger,4
5 triệu nhằm nhò gì so với 1 khoá lễ của bả ? sao không cho hành nghề vĩnh viễn luôn đi . chỉ cấm ở ba vàng thì lại lộng hành ở chỗ khác thôi .,Anger,4
bá đạo vậy chơi sao lại 🤣,Fear,1
khổ thân con mèo :((,Sadness,2
nó chụp màn hình là còn tốt chán . có đứa nó còn đéo thèm đọc tn ấy .,Other,0
tôi cắn bất chấp =)))))))) chắc là tôi yêu tụi nó cuồng si rồi,Enjoyment,0
bà này khác gì lũ đa cấp đi lừa đảo đâu sao không cho vô tù,Anger,4
rồi tôi sẽ hết được uống nước ở đây nữa :((,Sadness,2
per nhìn na ná chữ mày =))),Surprise,0
buồn thay cho lớp tao,Sadness,2
chúc 2 you hạnh phúc ❤,Enjoyment,0
có vẻ như cái gì nước ngoài cũng to hơn nước ta 🙂,Surprise,0
why ???? ai đã cướp boss 6 múi của tao vậy 😭😭😭😭,Sadness,2
đồng nghiệp nhắng nhít nhất hệ mặt trời =))),Enjoyment,0
"tao tự hỏi sao đứa quay phim nó lại quay đúng lúc thế , chắc chắn nó dự là sẽ nát con xe đó nhưng không nói :))",Other,0
tại trà sữa làm tao mập chứ tao có muốn đâu :(,Sadness,2
có nhìu người bỏ vài đồng ra nhưg chỉ thích hành hạ người khác .,Disgust,3
nếu để ý kĩ thì lái tàu có thể bước xuống và kéo đường ray qua một bên rồi cho tàu bẻ tay lái một chút là cứu được cái xe . tiếc cái xe quá,Sadness,2
thay đổi chóng mặt,Other,0
an toàn cho mình chứ cho ai đâu mà cứ thích kiểu trốn tránh ấy nhỉ ..,Other,0
bên aeon hay thật đấy =))))),Enjoyment,0
và rồi cô ấy sẽ mãi mãi không có người yêu =((,Sadness,2
cảm giác thanh thản vãi,Enjoyment,0
"mấy anh làm video đầu tư ghê , nội dung diễn xuất hay",Enjoyment,0
chắc chưa biết đến trụ đèn đỏ nằm ngay chân cầu :),Other,0
khi nào người con gái ấy xuất hiện đúng lúc trong cuộc đời của tôi đây,Other,0
đây là bạn tao . =)),Enjoyment,0
ko bằng con 🐕,Other,0
đọc xong nước mắt ứa ra,Sadness,2
"căm thù , uất đến tận họng mà không biết phải làm gì ??? càng xem càng thấy đau lòng mặc dù không phải con mình . 1 xh thối nát , đồng tiền làm lu mờ nhân tính con người .",Anger,4
"ỏoo , nó cười xong kiểu cả không gian ngập nắng , thế giới thu bé lại chỉ có hai đứa , rồi tim cứ đập thình thịch , nghĩ thoii mà cũng thích , hì :>",Enjoyment,0
chúc mày mau khoẻ nhá chủ thớt ạ =)),Enjoyment,0
hàng xóm và họ hàng là 2 đối tượng hãm chưa từng có,Disgust,3
trời ơi cái đoạn này em khóc tu tu luôn 😪.. trong khoảnh khắc rời xa một ai đó mãi mãi cơn đau thấu ngực trái huhu,Sadness,2
ngang trái quá ạ !,Disgust,3
per mai mốt không xem hết video đừng vô phán,Disgust,3
có cái ảnh tỉ năm trước cứ đăng đăng con cặc . đéo thấy nhàm à . nghĩ thôi thấy bất hạnh vãi .,Anger,4
"sao vẫn còn người tốt trong xã hội này , đáng khâm phục",Enjoyment,0
nhận khách tàu nhanh ai muốn không nè,Other,0
tao sẽ lấy hết tất cả các nick clone tao có phẫn nộ cái vid này 🙂,Anger,4
cười thấy đáng yêu ^^,Enjoyment,0
giun xào đĩa luộc là ngon ngay 😂😂😂,Enjoyment,0
e quê bg mà mùa vải còn không có vải mà ăn @@@,Sadness,2
muốn ói,Disgust,3
per tôi đợi ngày nhận thiệp cưới của ông,Enjoyment,0
đen thôi đỏ vẫn thế,Other,0
ha ha chịu không nổi luôn !,Enjoyment,0
per hãy cảm ơn tao đi hâhah,Enjoyment,0
phim này là người cha zombie yêu thương con nè . xúc động quá 😢😢,Sadness,2
"đi chơi gặp 3 con mất dậy này vừa bị dí vừa bị cạp đít đau không chịu được sau phải nhảy lên cây để trốn , giờ gặp là sợ 😭😭",Fear,1
thật ra cách quét hạt xốp rất dễ mà có thể các bạn chưa biết . đó là . tẩm xăng những chỗ có xốp và đốt 😂,Enjoyment,0
đúng là xa thơm gần thối . người tuyệt vời ngay trước mắt mà không thấy,Disgust,3
per võ công thâm hậu quá,Surprise,0
lúc bé mình rất sợ,Fear,1
thề cưng thiệc sự =)),Enjoyment,0
tao tưởng nó té cái đùng chứ . làm ngồi chờ mãi mỏi cả mắt,Sadness,2
loại cửa đó :))) cái khung sắt cứng không tả nổi . đen lắm bung cả cửa ra thôi .,Other,0
chắc phải đi một chuyến thôi :3,Other,0
sao có thể ngây thơ đến vậy được nhỉ,Surprise,0
per chuyện cổ tích nè ! haha !,Enjoyment,0
địt mẹ . và ở việt nam chúng tôi gọi đó là lũ óc chó bán phá giá đó,Anger,4
mối nguy hại đó,Fear,1
t chỉ ngồi nhà và ngắm cảnh tắc đường thôi,Other,0
mình có xài rồi nè hồi lúc đi làm xí nghiêp gọi là lò xô đổ dầu xài,Other,0
không biết phải mình lúa không . chứ mỗi lần đi du lịch trước khi trả phòng là mình phải dọn sạch sẽ . cứ nghĩ nhận phòng sao thì trả phòng vậy . bị anh chồng la hoài là vậy,Sadness,2
em đang ở đâu mà mấy năm rồi chưa thấy xuất hiện :),Sadness,2
vì tao xấu và chúng nó chỉ thích gái đẹp,Sadness,2
"chó chứ không phải người , rất mong pháp luật anh minh",Anger,4
t xem phim này cứ thích bà ma nhập vào thôi chứ bình thường yếu đúi nhạt tao không thích,Disgust,3
cay đắng cuộc đời 😞 một chút vị mặn của mồ hôi nước mắt,Sadness,2
"theo mình thì không nên vì định kiến xã hội quá khắc nghiệt , họ sẽ bị tổn thương và nghĩ quẩn",Fear,1
đáng yêuc vãi anh ơi,Enjoyment,0
tao tưởng tới đoạn per tuyên bố hôn nụ hôn chia tay chứ … ai ngờ kết quả lại khác bây,Surprise,0
per :)) chắc giống cảm nhận của ông lái oto hôm qua,Enjoyment,0
"ước gì mèo nhà mình cũng có thể về nhà như vậy , mất ẻm được 2 năm rồi :(((",Sadness,2
bà ngày xưa đẹp quá ❤️,Enjoyment,0
chỉ có mấy thằng ấn ngáo ngơ vừa bẩn trông chẳng giá gì . đúng là lớp 1 trượt môn đạo đức vì tội không ju jin vệ sinh thân thể,Disgust,3
cái quần gì vậy đmmmmm đang tủi thân xem cái lol này nữa,Anger,4
khổ người lao động thôi,Sadness,2
thiếu hình ăn gà rán rồi,Sadness,2
boss hổng có 6 múi hả :( buồn dị,Sadness,2
phải tự cho mình đau lòng nhất thì mới bỏ được,Sadness,2
"quay quay cái lồn , thấy bị bắt nạt thì ra nói một câu bảo vệ người ta , có khi tối về lại có người nằm ôm . cứ cầm điện thoại pin với chả không pin",Anger,4
yêu sắp 2 năm rồi mà không biết người yêu kể chuyện cho nghe là gì 😢 đòi mấy lần toàn kêu không bình thường xịu xịu,Sadness,2
hi vọng câu chuyện admin vừa bịa ra giúp các bạn có thêm niềm tin trong cuộc sống 😂.,Enjoyment,0
nhiều lúc buồn đến nỗi coi những vid thế này . đéo thể cười nỗi .,Sadness,2
"đồng nghiệp tốt , chị em tốt đi làm như đi chơi :)) chứ làm cùng với mấy con mlz đáng sợ lắm :))",Fear,1
đây là cách các chàng trai thu hút sự chú ý của các cô gái hả ?,Surprise,0
chủ vô tâm có chó mà nuôi vất năn vất lóc không tắm rửa để bẩn thì trả có giận có ve,Disgust,3
tránh xa tao ra,Disgust,3
"đừng bao giờ sợ trở thành chính mình , bạn hãy nhớ bản gốc luôn có giá trị hơn bản sao",Other,0
"và cô gái ăn cái bánh vài năm vẫn chưa xong ,",Other,0
họp lớp cấp 2 đi được 2 lần . cấp 3 năm trước năm nay thôi nhưng đéo 🙂,Disgust,3
yêu thế nhè 😍😍😍 có em gái chắc cũng vui lắm,Enjoyment,0
viết tên anh trên cát cho sóng đập nát cái matlon anh :)),Enjoyment,0
cái lò tao ghét nhất,Disgust,3
per mày mà bị như thế này chắc mày phải nhảy ra ngoài vũ trụ luôn nhỉ,Other,0
các b học sinh đáng yêu quá,Enjoyment,0
con người chứ có phải con cặc đâu mà để nói hoài,Anger,4
"tuổi thơ mình toàn đi đánh nhau với bọn con trai , có thằng ắt ơ nào chịu nhường nhịn con gái đâu",Other,0
"ủa tao tưởng trái bòn bon chứ ,",Surprise,0
vì tiền mà làm đau làm khổ người khác như thế này sao 😔,Sadness,2
sao giống phim good doctor của hàn vậy ?? cũng bệnh tự kỉ và có khả năng nhìn được 3d !,Enjoyment,0
kệ cha nó,Disgust,3
ngày xưa tao cũng viết nhưng bị chị gái đọc trộm từ đó dẹp mẹ nhật ký luôn,Other,0
mai xem lại phim nay . phim rất hay .,Enjoyment,0
lm ngày có trăm ngàn thôi mà dọn lòi lol vãi vả cức haizx thật,Anger,4
ông này đẹp vãi,Enjoyment,0
tuổi trẻ tài cao :)),Enjoyment,0
"chỉ cần đó là việc mình thích , không làm phiền ai là được",Other,0
"mình thấy cũng bình thường 🤔 ny mình ủ hũ mắm tôm , mắm tép nếu tiếp tục không rửa chắc hơn 30 năm nữa là đạt kỉ lục thế giới “ ủ mắm tôm ” 60 năm mất 🤦🏻‍♂️",Disgust,3
"em ơi , hết rồi 😔 hết rồi , chẳng còn chi nữa đâu em ...",Sadness,2
có ai thấy tởm nhưng vẫn coi hết video như tao không 😌😌,Disgust,3
đúng chất trẻ trâu,Disgust,3
nó lợi dụng ở 1 khía cạnh nào đó mà thôi,Disgust,3
cuối cùng là hai mình ăn được ngủ được :))) đứa nào cũng lên vài kí,Enjoyment,0
cả người nhà người yêu cũng không đồng ý :((,Sadness,2
tao xem mà cứ sợ nó ngã vãi 🙂,Fear,1
"crush một ai đó là điều không bao giờ có rồi , vì mình vừa béo , vừa xấu gái , vừa vv and vv . auto nhục 😞😞😞",Sadness,2
per bố ơi bảo con rể làm thế đii :>,Other,0
hôm nay thật tệ :((,Sadness,2
chết mẹ mày đi ;))) không làm được thì nghỉ nhé . kiếm đồng tiền của bố dễ à kkkk,Disgust,3
ông này tài quá,Surprise,0
per . ủa sao giống răng anh vậy,Surprise,0
7 thằng này không phải con người chúng mày ạ,Disgust,3
kinh tởm,Disgust,3
tag vô cho xem mấy đứa xấu tánh thôi chứ ghệ anh tánh cực kỳ dt,Enjoyment,0
per nguy hiểm vãi,Fear,1
tao thích bài này lắm luôn ý,Enjoyment,0
"chấp nhận đau khổ , để đổi lấy hạnh phúc , mà tìm mãi hạnh phúc không đến thế mới đau em .",Sadness,2
tuổi thơ của tao toàn chơi với lũ cướp đồ ăn của tao với trêu tao cả ngày thôi chứ làm gì gặp được mấy soái như vậy đâu .,Disgust,3
mai anh gọi tôi dậy đi :)),Other,0
per vậy cug nghĩ ra được haha,Enjoyment,0
đố ai định nghĩa được tình yêu . có khó gì đâu một buổi chiều . nó chiếm hồn ta bằng nắng hạ . bằng mây nhè nhẹ gío hiu hiu 👏,Enjoyment,0
nhiệt tình + ngu dốt = phá hoại . toàn óc đi xem bđ,Disgust,3
"ông sống trên vũ trụ , vợ ông sống ở trái đất , ông cao thêm 5cm là chuyện bthg 😂",Enjoyment,0
"đồng chí thịt vợ tương lai của em thì nhẹ nhẹ đấy , không là phải cứ giã như gạo là không được đâu 😡😡",Other,0
nhạc hay chứ lời xàm .. vậy cũng rần rần,Disgust,3
khóc lóc rồi năm sau họp lớp đéo ai đi :)),Other,0
"per mất dậy vãi , lớn lên nó sẽ biết nó làm như này trên tv là không hay",Anger,4
ta và nàng cùng quên .,Other,0
em không muốn chúng ta già đi chút nào . điều đó đồng nghĩa với việc cta sắp xa nhau 😔# n,Sadness,2
"cấp tao tao toàn gặp mấy thằng trời đánh , per với per , hai đứa mày có đọc được thì nhớ là tao vẫn ghim hai đứa mày vì hay trêu tao , còn một thằng tên per nữa , dume bị nó bắt nạt cho khóc suốt 😡",Disgust,3
vỉa hè to thế vẫn còn muốn ăn cả ồ hố nữa hả =)),Enjoyment,0
đến đoạn chúng nó ctay con mẹ nó luôn :)),Other,0
nhớ thời sinh viên 😃,Enjoyment,0
"vui thôi đừng vui quá , làm ai cũng ngại",Other,0
đéo biết ! vợ tôi đéo cho nữa !,Anger,4
lạng sơn đang nắng mà,Other,0
"thiện tai , thế giới này khi nào mới được yên bình",Fear,1
mới tết xong . tặng cặp bánh chưng là ưng nhất :)),Enjoyment,0
giờ thì chả dám nhìn nữa hic :((,Sadness,2
tào lao ròi đóa,Disgust,3
đến câu nào có đáp số quen thì khoanh :)),Enjoyment,0
lở có sự cố vì đó so với kỷ luật vây có bằng không,Other,0
"nta nói đừng có nhìn mặt mà bắt hình dong nhg mà thực sự nhìn bả , tôi thấy cứ đanh đá , mưu mô , xảo quyệt kiểu gì ý , cảm thấy đây là con người không có hậu",Disgust,3
đỉ lol đè chết mẹ đi . hát cái lol,Anger,4
công tình yêu làm ăn kiểu lồn gì vậy .,Anger,4
tưởng thế nào 🤣,Other,0
vcb thu phí dịch vụ cao có khác . lương nv cũng hơn chỗ khác :)),Enjoyment,0
đoạn 3 móc cái dt nhanh vliz,Surprise,0
thì đã sao ? miếng cơm nghề nghiệp người ta . nếu như không thích quay thì lên đòi ban tổ chức ấy hoặc đừng có mà chơi bóng chứ đâu ra cái kiểu bố đời ấy,Disgust,3
nguy hiểm thật ... suýt nữa tao ảo tưởng con mẹ nó luôn rồi ..,Fear,1
"bố đã làm gì mày đâu , con chó này =))",Anger,4
"cùng cười cùng khóc cùng vượt qua khó khăn , đau khổ nhưng cuối cùng lại là con số 0 :)",Sadness,2
điều quan trọng ở đây là mày cần sạc điện thoại kìa,Other,0
t không phải con sến súa . ko cần quá cầu kì lãng mạn . cầu hôn tao thế này là tao đổ rồi per,Enjoyment,0
giết người quá rồi giờ phải đi tù chứ :))),Other,0
con mèo đág yêuc quá 🤣,Enjoyment,0
bị đánh bại bằng đòn mông . nổi ô nhục đến chết cũng không hết nổi,Disgust,3
quả dạ vâng kia ngọt vãi ngọt . đéo bù khách của tao toàn được,Disgust,3
tôi nói với các ông nhé . dắt bộ qua chốt cũng chưa chắc ngon ăn per,Other,0
đúng các anh 2 nghĩ ra nhiều kiểu quá,Enjoyment,0
đã hói lại còn mắt thâm,Disgust,3
thế nên tao với mày không thể làm người yêu nhau được,Sadness,2
mèo người ta đi lạc về nó còn nhớ chủ chủ còn được đụng nó còn mèo nhà tao đi tán trai có mấy tháng về nhà thấy chủ như thấy ma 😌😌,Sadness,2
ngày xưa cũng như này trong lúc mối quan hệ bắt đầu nhạt :) haiz,Sadness,2
"per đây là thằng con trai vừa đẹp còn có não , mong per học hỏi ! xin cảm ơn",Enjoyment,0
"ngày xưa , ngoài thú vui chọc chó dí , còn chọc cho ngỗg rượt . cách giảm cân hịu quả nhất cho mấy đứa lười 😂. nhớ lại vui thật , đúg là thời sửu nhi .",Enjoyment,0
mình toàn làm ba mẹ buồn,Sadness,2
thèm được bố chửi 1 lần 🤤🤤,Enjoyment,0
thằng quay đáng bị đạp cho lăn con cụ ra mới biết sợ =)) cứ tưởng thế là vui 🙂 súc vật,Anger,4
nuôi gì mà không có tâm gì v nè,Disgust,3
tốt nhất không đi đâu cả nhé ..,Other,0
bé giỏi toán quá nên cô giáo mất dạy luôn,Other,0
couple cuối . yêu chết đi được,Enjoyment,0
cai nay do co roi . ai con ban nua không,Other,0
đây là 1 câu chuyện buồn,Sadness,2
đã từng được ăn ké vài bữa 😝,Enjoyment,0
cưng nhỉ,Enjoyment,0
"per này , thích thì xem cho đã con mắt đi 🙁 đáng sợ quá mà",Fear,1
cũng thơm mà . kì thị quá à .,Enjoyment,0
nếu ai cũng có ý thức tốt đẹp thì đất nước này còn gì để nói . đâu có ai hoàn toàn hoàn hảo đâu bạn . dù là moi tần lớp,Enjoyment,0
"thương quá . giờ con đi học ở lại cả ngày thì hên xui thôi chứ biết làm sao , không ăn thịt heo thì ăn gì . mong sao có lệnh tạm dừng ăn thịt heo trong thời gian này cho các trường mầm non thì hay biết mấy .",Sadness,2
nhìn qua ảnh thôi cũng thích =)),Enjoyment,0
nhà thì như cái chuồng lợn còn bày đặt đắp mặt !,Disgust,3
"tôi xin nhắc lại , đây là một câu chuyện buồn",Sadness,2
nên công bố để răn đe,Other,0
"dù thế nào thì anh tôi luôn bất hạnh , ai khóc cho anh khấc tôi đây 😢",Sadness,2
"đang làm nhiệm vụ mà cứ léo nhéo thế nhỉ , để cho cán bộ gọi về cho chỉ huy đi",Disgust,3
nấu cơm như vậy xong đi lên nhà xem hoạt hình .. đến lúc hết phim xuống để xới cơm thì .... khét lẹt,Sadness,2
có ai không sợ nhưng giật mình như tao không :) dumehuhonchimen,Enjoyment,0
"đêm hôm coi lại , cười mún rụg rún",Enjoyment,0
năm nào mà tao chã cô đơn,Sadness,2
giận ngược trở lại chúng nó sớm chia tay thôi :))),Other,0
sao trận này ông này khóc nhỉ :)),Surprise,0
bọn yêu nhau tưởng thế là hay,Disgust,3
"khi bạn cố gắng kéo lại với người ta và họ chụp màn hình gửi cho mọi người , còn đem đi kể nữa chứ",Disgust,3
"bằng lòng với những gì mình đang có đi , trên thế giới có rất nhiều người không được như mình đâu",Other,0
per bá đạo quá 😁,Surprise,0
lâu rồi không được nhìn nụ cười ấy,Sadness,2
bao năm ăn học ở trg mà các vị làm vài vụ như thế nào 1 năm thì lại vui quá . vks ạ,Other,0
dịch vụ tận tâm . đáng yêu quá ! : x,Enjoyment,0
câu chuyện dễ thương thật ^^,Enjoyment,0
là đi phát tờ rơi ngay mấy ngã tư và cổng trường đại học ! được 200k về mua skin yasuo siêu phẩm 2016,Enjoyment,0
mình chỉ nói đến cơ hội việc làm thôi chứ không bàn luận gì về việc ông ấy là người như thế nào bạn nhé ??,Other,0
còn nhiều người khổ hơn mình :)),Other,0
"tội mày quá , lần sau mày bình tĩnh hơn nhé",Sadness,2
per cười đau bụng luôn 🤣🤣,Enjoyment,0
per dẹp hết . không có bán mua quần què gì nữa hết,Anger,4
"nhìn 1 cái , cười 1 cái rồi về thôi",Enjoyment,0
tuổi thơ dữ dội là đây .,Enjoyment,0
tính ra con bé đó chuyên nghiệp ấy chứ,Enjoyment,0
cái địt con mẹ mày ... biết bố mày xem xong tí rơi điện thoại không 😭😭😭😭😭😭😭😭😭,Anger,4
per sao tội vạy em,Sadness,2
đéo hiểu,Other,0
nhớ cái bếp của mẹ .,Other,0
tao ghét nhất đăng mấy thể loại v . đúg là nhãm lol,Disgust,3
ghét mấy cái thể loại này . toàn lũ hãm,Disgust,3
hẳn là phạt 5 triệu luôn,Other,0
cuộc sống mà,Other,0
sao không mua thịt về ướp dưới nền rồi nướng luôn,Other,0
((= nói cái này quá là bình thường luôn không đến mức phải xù lông nói là cười nhạo đâu ạ,Disgust,3
coi xong đoan này . tao thấy nhớ nhà vô cùng 😭,Sadness,2
công nhận 😌😌😌 đồng nghiệp hạp hạp tí có khi ngồi buôn cả ngày bám hơn cả bám người yêu . đi làm hôm nào cảm thấy hôm đó ý nghĩa vãi,Enjoyment,0
ông bà có đam mê .,Other,0
nếu như bạn nào không biết là bạn đồ chanh chẹ,Other,0
cái vị mà tao nghĩ đến cuối đời con người vẫn chưa nếm hết,Other,0
hoá nhện tỏ tình đấy :)))),Enjoyment,0
tôi từng trách bố mẹ sao sinh tôi ra trong hoàn cảnh này,Sadness,2
khu này đẹp vãi chưởng,Surprise,0
nhớ lại mỗi lần thay tim .. 😂,Other,0
em này sao giống chị tao quá vậy,Surprise,0
"ngay bây giờ , chỉ cần anh thật lòng với tôi là được :)",Other,0
per 2 đại cao thủ đấu đầu :)),Other,0
dễ thương vầy :>,Enjoyment,0
tao đang nghiêm túc đấy,Other,0
nói không phải khoe chứ em đi xe bò đi học,Enjoyment,0
đm phải tao tao chửi mả bố nhà chúng nó lên chứ trêu trêu cái lol 😒😒 vả cho mỗi thằng ml vài cái chứ ở đấy cho chúng nó quây rồi nhăn nhỉ với nhau ..,Anger,4
"hết cấp 3 , hết đại học và chỉ mới bắt đầu 1 cuộc chơi khác .",Other,0
"cả đống người trên đường , mà nó chỉ dí mình tao 😭. t đã làm nên tội gì 😭😭",Sadness,2
đã bảo cho tôi đi trước rồi mà không chịu . :v,Other,0
per còn nhớ hay đã quên,Other,0
nếu chịu khó đặt vào hoàn cảnh của nhau mà sống thì cuộc sống đơn giản hơn rồi đó,Sadness,2
cưng v trờiiiiii .,Enjoyment,0
per 😢😢 miss you .. chính xác luôn ak hậu,Sadness,2
rồi liệu nằm với vợ ông làm thế nào nhỉ,Other,0
sau mỗi cuộc chia ly người ở lại vẫn là người đau lòng nhất :((,Sadness,2
"phim hay dã man diễn viên chính đẹp trai , xem đi xem lại không chán",Enjoyment,0
tình yêu là sự mù quáng mà hix,Sadness,2
dễ thương quá,Enjoyment,0
"má , mặt đúng ngáo luôn 😂",Enjoyment,0
có một sự tổn thương không hề nhẹ ở đây,Sadness,2
tết trung thu chứ có phải tết “ giao phối ” đâu mà cần gấu với chả gà 😌😌,Disgust,3
"per làm ở đâu không quan trọng , quan trọng là vẫn buôn chuyện đều 😂😂😂",Enjoyment,0
"kệ mẹ nó , giận được bao nhiêu thì giận . cắm sừng thì tao tiễn vong luôn",Disgust,3
ra cái chỗ sóng không táp thì đéo ra cáu vãi :)),Anger,4
hãy cảm ơn vì chúa đã ban em cho chị 😂😂,Enjoyment,0
họ đáp vì phép lịch sự còn mình vì yêu mà chủ động vì quan tâm mà hỏi đủ điều ..🙁,Sadness,2
:)) bật nhạc lên và quẩy thôi,Enjoyment,0
nhà tôi còn nè,Enjoyment,0
per theo vợ nghĩ nếu là chồng thì chắc con đó dù là giả cũng sẽ lên nồi,Enjoyment,0
món này ngon vãi,Enjoyment,0
per viêm màn túi cấp nghiêm trọng,Sadness,2
kinh vãi,Disgust,3
đến bao giờ mới nhận được tiền nhỉ,Other,0
dăm ba con nhện nghĩ tao sợ (((=,Enjoyment,0
ngày buồn hôm ấy tôi cũng là người rời khỏi lớp cuối cùng .!!!,Sadness,2
"mình muốn tag mấy ông hàng xóm vào đây để các bác ấy biết rằng , bác ấy không chỉ buồn mà còn hát rất dở",Disgust,3
là mỗi buổi sáng thức dậy ta có thêm 1 ngày mới để yêu thương ❤️.,Enjoyment,0
dume dễ thương vãi ??,Enjoyment,0
ủa làm gì đánh tao muốn chết vậy đuỹ ?,Anger,4
sau này nhất định phải nói chuyện lịch sự :)))) không phải một người đọc mà là mọi người cùng đọc =)))),Other,0
"3s để tôi nói tôi yêu em và cả quãng đời còn lại để tôi chứng minh lời tôi nói :"" tôi yêu em """,Enjoyment,0
ấm hơn cả người yêu :)),Enjoyment,0
e lên mang câu chuyện này đi thi thách thức danh hài . rất duyên,Enjoyment,0
thấy topic đúng tâm trạng quá .,Enjoyment,0
chụp không biết bao nhiêu lần rồi,Other,0
bài này hay tuyệt vời đấy ❤️,Enjoyment,0
thật ra là nó muốn kiếm em gái anh trai mưa đấy,Other,0
"ai mang đồ ăn cho anh ấy đi , kẻo đói tội nghiệp",Sadness,2
"coi khúc đầu không hiểu , đến lúc ổng bước ra khỏi làn khói , thật không thể cầm được nước mắt",Sadness,2
rất biết cách ngồi đấy nhỉ ????,Other,0
per phim đó thì nam chính hay nữ chính đều chạy cả,Other,0
mấy con yêu nghiệt ngày xưa nội có nuôi 2 con cứ ra đằng sau là nó dí chạy muốn tuột mẹ quần 🙄🙄,Fear,1
"hồi xưa , giờ yêu kiểu người lớn cơ mà",Other,0
có vợ nên lắm . váy mới ngày trước toàn áo chấm bi của mẹ 🤣🤣,Enjoyment,0
nó cưng quá mày,Enjoyment,0
trời có bạn nhận ra mình luôn à @@,Surprise,0
😭😭😭😭😭😭,Sadness,2
tao nhìn sợ vãi,Fear,1
cảm ơn bạn đã yêu đất nước việt nam tôi,Enjoyment,0
quan trọng là ông bà nội ngoại bạn phải giàu cái đã,Other,0
"chắc ông chồng hạnh phúc lắm khi sống chung với người vợ như vậy , những đứa con chắc cũng yêu mẹ họ lắm ! mà thặc ra là giống với mẹ tớ lắm kkk",Enjoyment,0
ewww mình chẳng giữ được gì huhu,Sadness,2
vậy cũng được luôn hả ? 😄,Surprise,0
"bộ phim này xem rất sướng . và rút ra được khám phá là thứ tuyệt vời nhất chứ không phải bằng cấp . giá như mấy ông "" bộ "" và mấy ông "" ngành "" dành thời gian xem phim này một lần .",Enjoyment,0
xem không dưới 3 lần chia sẻ không dưới 2 lần nhưng mỗi lần nhìn thấy lại xem lại buồn,Sadness,2
bây giờ gái nó chỉ cần bông hoa đồng tiền ném vào mặt nó để nó ăn tiêu chứ nó cần gì cái cây lu miên này .,Disgust,3
"mút này mình xịt nước cho nó mềm ra , lấy chổi đùa đùa lại quét tới lúc nghỉ việc luôn quét cũng chưa xong nha , thứ nl",Disgust,3
và hơn hết là tụi nó không còn coi mình là con gái nữa,Sadness,2
moẹ thấy u ám hơn thì có . dume 💩,Anger,4
hú hồn lon vẫn còn,Fear,1
"một lúc nào đó chúng ta sẽ không nói chuyện nữa , lúc đó có lẽ em thật sự đã buông bỏ được rồi ...",Sadness,2
hẳn là thần tài . mê tín vãi,Disgust,3
bớt chọc điên tao và bớt leo lên đầu tao ngồi 🙂 hãy để yên cho tao hiền 🙃,Disgust,3
per kỷ niệm khó quên nhỉ kkk,Enjoyment,0
địt mẹ hoang đường !,Disgust,3
"cô giáo chủ nhiệm hơi bị khốn nhỉ ? cô như vậy thì học sinh sao này học theo cái tính tráo trở , hai mặt",Disgust,3
xin chúa thương xót chúng con,Other,0
lâu quá mới nghe lại bài này buồn thế,Sadness,2
rất thuyết phục,Enjoyment,0
mình hỏi mua rồi mà người ta kiểu nữa muốn bán nữa không bạn,Other,0
buồn nhất là crush cũng chả có để mà thả 😞,Sadness,2
"ồ ! thật là bất ngờ , thật là thú zị , thật là liên quan ?",Surprise,0
per anh tải cái này về cho per học nè . thú vị ghê,Enjoyment,0
per làm gì quên được kkkkk,Enjoyment,0
nhìn thế thôi nhưng làm được video như này cũng khó lắm hay phết 🙂,Other,0
hợp lớp cái đéo gì được chục thằng = ),Disgust,3
ủa vậy phạm tội thì có ẩn danh không ? :)) ngộ àh,Disgust,3
lấy vợ xong anh có vẻ mũm mĩm nhỉ :333,Enjoyment,0
dỗ lại dễ thôi mà . nhỉ nhỉ 🤣🤣🤣,Enjoyment,0
cho tao hỏi mấy con súc vật tụi bây cười cái gì dzậy ? chắc tụi mày phải bị gậy vụt vào mõm thì mới hết dám ngẩng mặt nhìn đời phải không ?,Anger,4
bạn nào cần bạn thân là con trai không :)),Other,0
tao bị quỳ cột cờ mới ác . cả trường biết mặt luôn . nhục vãi,Sadness,2
tao đã đóng dấu cấm đứa nào rớ vào =)))),Enjoyment,0
"dm tuổi thơ tao lại toàn ba thằng hãm lol , độc chép bài .... đùa đùa đéo cho chép chúng nó chửi sấp mặt luôn ☹️",Anger,4
và thế đéo nào chúng nó toàn gọi mình là thằng 😏😏😏,Anger,4
khôn lõi đời à ? chừa này,Disgust,3
cũng chỉ là tạm thời . chỉ khi nào nguồn nước bẩn thôi đổ vào sông thì mới đảm bảo được .,Other,0
per ru con để vợ đắp mặt nạ kìa ?? đúng là chồng người ta chưa bao giờ làm mình thất vọng ??,Enjoyment,0
"thật thà vãi , mà tao chỉ thích ăn xoài chua .",Other,0
per vẩy cật lực luôn =)),Other,0
sao toàn gái ngành với bọn chủ tịch bình luận không vậy 🙂,Disgust,3
đây còn hơn cả vua . giàu mà nghĩ lớn làm lớn .,Other,0
bất ngờ thiệt :)))),Surprise,0
"đang ỉa xem cười như điên , kkk",Enjoyment,0
nghiệt ngã hơn là phi hành gia đéo tuyển mấy đứa lùn :((,Sadness,2
con mụ mất dạy . già mà lăng loàn . thấy người ta yếu thế hơn mà khôg giúp dựng cái xe dậy rồi nói với nhau vài câu tử tế . lại còn tỏ nguy hiểm định ăn cức người ta ak,Anger,4
thiếu cái que chấm dầu là ổn 😂,Enjoyment,0
bình thương tao hay cười lắm . nhưng khi tức tên ... tao lại khóc . quá yếu đuối,Sadness,2
ăn ngon nhưng nóng không chịu được,Fear,1
vừa đây về đông kinh hồn càng về đêm càng đông,Fear,1
per tổ đội đánh rắm vào mà xem,Other,0
bếp thiiêu chân mày,Other,0
con người ta giỏi nhất là ảo tưởng vị trí của mình trong lòng người khác 🙃,Disgust,3
"đúng là tuổi tác nó không chứng minh được gì cả , già rồi ăn nói không văn hoá cử chỉ hành động tục tĩu hết nói nỗi",Disgust,3
ra vậy . nguy hiểm thật :(((,Fear,1
per hết tiền thật sự :(,Sadness,2
nóng quá nên đổ lên cho mát thôi mà :)),Enjoyment,0
cưng quá :))),Enjoyment,0
lỗi của lái tàu nhé,Other,0
ai cũng bận cả và không ai rảnh rỗi ngày ngày quan tâm bạn đâu ?,Disgust,3
nuôi con chó mà để ve thế không thấy tởm nhỉ ?,Disgust,3
tuổi trẻ tài cao vãi,Enjoyment,0
vô duyên và hài hước nó có 1 làn ranh giới mỏng manh vãi,Other,0
đứng xa ra thì dễ dàng rồi =)) cái ngu ở đây là không viết được nhưng vãn cố chấp thôi =)),Disgust,3
xui thôi chứ quyền đang hay mà 😢,Sadness,2
công an béo như lợn không đuổi nổi tội phạm 😂😂,Enjoyment,0
nhưng tôi đéo có bạn trai thì phải làm sao ?,Sadness,2
nhìn cái ngành gd việt nam bây giờ ai cũng mệt mỏi,Sadness,2
"đó tao đi học tới 12 , mà dô lớp lì vẫn bị thầy cho nằm úp trên bàn trước lớp , kéo tà áo dài lên rồi đập cho mấy cây . giờ quánh thì không cho ( trừ mấy thầy cô yêuc quái cho mấy trăm cái bạt tai thì không tính ), phạt quỳ thì cũng lên báo . thua luôn .",Disgust,3
cái gì mà rớt hột le tè vậy em gái 😁😁😁,Enjoyment,0
per trước cái thời ở trọ nè anh,Other,0
sợ vãi =))),Fear,1
lãng mạn vãi_chưởng =)))))) 0,Enjoyment,0
per tao tán sấp mặt,Anger,4
việc làm và ý thức của những cổ động viên kém quá . mất hình ảnh bóng đá per còn mất 1 tỷ tiền phạt .,Disgust,3
sao nhìn nó đấm đéo có lực gì hết nhỉ,Other,0
mình bị say xe bạn à :(((,Sadness,2
per haha cái t2 hợp với em nè ;)),Enjoyment,0
vậy là thế giới mất đi không biết bao nhiêu món nướng rồi :(,Sadness,2
nói thật :)) tao chỉ buồn cười khi chúng nó chia tay thôi :)),Enjoyment,0
kết thúc phim bất ngờ quá,Surprise,0
"mới xem 1 đoạn xíu này mà cũng khóc hết hơi , nhìn em bé mất bố mà quay ra nhìn lại con mình đỏ hỏn nằm bên cạnh , thấy thương quá 😭",Sadness,2
xứng đáng cho cái ngu của thằng oto .. nghiền nát luôn oto càng tốt .. để cho cái lũ não ngắn nó hiểu được quy định của hành lang đường sắt là như nào .,Disgust,3
ơ cưng < 3 < 3,Enjoyment,0
nếu câu chuyện này được liệt kê vào danh sắc câu chuyện cảm động nhất trường thì câu chuyện của thư sẽ được liệt vào đâu đây 😂😂😂 per,Other,0
"tại giống nhau quá , nhưng đừng như người ta nha , nghĩ đến tự tử các thứ chẳng có gì là hay cả",Sadness,2
còn trẻ trâu lắm cả hai đứa,Disgust,3
"mong là nước pháp sẽ tập trung xây dựng ổn định trong nước , và đừng đụng chạm tới nước khác nữa",Other,0
ngắn gọn thôi : thế bây giờ mày muốn tao dỗ hay là tao giỗ :v,Other,0
tao thích con bé nuốt chuối,Enjoyment,0
ng ta nuôi vì niềm đam mê,Enjoyment,0
trường mình chị lao công đóng cửa :((,Other,0
thính đấy đừng dính . vì 1 ngày nào đấy mày sẽ nhận ra không chỉ mình mày mới được vậy,Disgust,3
nước ngoài có đầy mà :)),Enjoyment,0
bô ̣ phim khiến bọn sinh viên có lí do để lười học theo li ́ thuyết là đây 😆,Enjoyment,0
hơn cả bộ phim kinh dị !,Fear,1
nằm ngó miệng kiểu đó ai dám ăn ??????,Disgust,3
cả một bầu trời đáng yêu :))))),Enjoyment,0
hic hic mình còn chả bao giờ được giận lại ấy chứ :((,Sadness,2
còn người yêu tao : một hơi có một anh đẹp trai bay lơ lửng rồi ôm lấy em khi em tắm :(((,Enjoyment,0
nó sẽ thì thầm tai mày “ dượng đây “ 🤣🤣,Enjoyment,0
tập có lỗi với thằng quay phim mà tao xem ba lần tao vẫn cười đứt ruột,Enjoyment,0
xem xong video tự thấy mình còn không bằng con chó ...,Sadness,2
tóm lại là giá trị của anh đéo bằng 1 cái bánh :<,Disgust,3
cay mắt,Sadness,2
đánh cho lắm đéo thấm miếng nào khi main chỉ hất mông 1 phát bay mất tiêu :)),Disgust,3
thằng kia cute đáng yêu mà cái con ý nó xấu z trời haha,Disgust,3
dume đêm ròii =))) tao cười vãi tí hàng xóm qua đánh bỏ mẹ,Fear,1
sao cái gì em cũng biết vậy :))),Surprise,0
per đúng là như thế,Other,0
công nhận ngầu thật,Enjoyment,0
tình yêu đâu phân biệt là gay hay không gay vì đó là sự lựa của con tim mà họ đã nhắm tới !.,Other,0
dhs nhìn thằng đầu tiên trông ớn vãi :| chị em bg thích style lạ ghê ta :| bá khí ????,Disgust,3
môi trường làm việc là yếu tố quyết định,Other,0
nhớ lắm .. cay mắt lắm ....,Sadness,2
ph :)) phê hơn cả cần nhé . nên mua cái này về dùng tốt cho chó và người :))),Enjoyment,0
mất rồi có lấy lại được đâu :)) cái gì nó cũng chỉ là quá khứ,Sadness,2
đéo mang não ... tay lại nhanh hơn não rồi ..,Disgust,3
ước gì được giận lại 😐,Sadness,2
nó bỏ mình đi rồi mỗi lần nghĩ tới nó ôi sao mà xót tim gan hơn mất người yêu,Sadness,2
ngày cuối cùng thực sự buồn,Sadness,2
nếu là tao thì tao sẽ không ăn được miếng nào,Sadness,2
bọn rải đinh nó đéo biết xe đi nhanh mà bị xì lốp thì như thế nào ??? 😣😣😣 não lol,Disgust,3
ngoài ra còn một số cái buồn nữa . không giải quyết kịp thời thì ??,Sadness,2
nghe nói dạo này bạn dưỡng da để kiếm người yêu per,Enjoyment,0
"em đi xe đạp , có gửi bao giờ đâu mà biết bác ơiii",Other,0
"chuẩn đó , mà quên chưa có người yêu",Enjoyment,0
"tập thể năm nay lại làm mình tiếc nuối từ thành viên đến gvcn :,((",Sadness,2
đọc có chỗ vô lí vãi,Other,0
có khi nào mình thích anh hàng xóm vì mình thích con mèo nhà anh không nhỉ :<,Enjoyment,0
ờ tao tao thông minh thiệt đã dừng lại đúng lúc,Enjoyment,0
nghe ảo ghê nhưng cũng có lý,Other,0
"đéo kiếm ra tiền , nấu có 3 bữa cơm với đưa đón con đi học mà còn không xong , chắc để mẹ già làm hộ hay để chồng nó đi kiếm tiền về rồi nó hầu cho",Disgust,3
đục khoét tuổi thơ vãi ;))),Other,0
nhiều bạn cứ phán nọ kia nặng lời quá . chỉ là bạn ý có cách bóc phốt duyên dáng và hài hước thôi . chứ đâu có nặng nề như các bác nghĩ ..,Disgust,3
bảo ba mẹ dẫn đi bác sĩ ngay đi,Other,0
ui cưng quá,Enjoyment,0
không biết s chứ ngày lúc 17t tao đi phục vụ phòng karaoke ... mình tao 2 phòng chạy qua chạy lại mệt quá vì xỉn ... kkk . thế là tao nghỉ trong ngày đầu vào phục vụ karaoke .🤣🤣🤣,Enjoyment,0
tôi là ai đây là đâu :v tôi đã làm gì sai :3,Surprise,0
nghiệp hơi nặng nha !. làm hết hồn,Fear,1
"mấy thằng ngáo để cho chết mẹ nó đi cho xã hội yên bình , quan tâm làm gì",Anger,4
mình còn chưa kịp đến :((,Sadness,2
"per tìm tao con nhện này , con này lãng mạn coá",Other,0
vừa mới xem hqua . kết thúc phim nhạt quá 😒😒,Disgust,3
làm công nhân đã khổ rồi mà tụi nó còn nỡ lòng nào hại người ta nhắn tin,Sadness,2
mất bà cái tuổi thơ -.-,Sadness,2
ko những công khai . mà phải cho thi lại . để biết đúng thực lực,Other,0
đã bảo bố mà mật vụ rồi ! hỏi lằm hỏi lốn,Anger,4
hú hồn hà,Fear,1
per bếp ga nha,Other,0
rảnh rảnh ngồi cưa bàn với cưa cổ thèn ngồi gần mỗi khi nó ghẹo cũng vui ??,Enjoyment,0
per tao thấy tao trong đó ahahahaha,Enjoyment,0
ai biết bài nhạc đoạn này không ?,Other,0
tao muốn con mèo thôi =)),Enjoyment,0
vỡ tan là như thế ấy,Sadness,2
đúng chất người đẹp mặc rẻ rách cũng đẹp,Other,0
"per huhu đúng quá nè :< sư phụ đi rồi , còn per thôi , đừng đi đâu nữa nhaaa 😢",Sadness,2
thương quá . géc nhất những người nuôi chó mà không chăm ... tội cho kiếp em nó gặp phải 1 người chủ như vầy . thân thương !,Sadness,2
nhìn mà nổi hết da gà,Fear,1
hẳn lớp đó nhiều nữ lắm ha,Other,0
ngày tao chia tay tao khóc quá trời luôn,Sadness,2
đứa lồn nào vẽ cái ổ điện thế 😂,Disgust,3
công tình yêu này nhân viên đông vậy luôn hả ?,Surprise,0
ai giúp bé với hix,Sadness,2
"200 năm xây dựng , tồn tại 800 năm , thật là tiếc cho nước pháp .",Sadness,2
per là ai thế nhỉ cụ :)),Other,0
đôi khi đi tù chỉ để thoả mãi thú vui,Enjoyment,0
thô nhưg thật :)),Enjoyment,0
nhìn lại giờ đéo biết vì sao ngày xưa mình đỗ đại học,Other,0
đã tìm ra cụ tổ của những chiếc sừng,Other,0
cảm thấy mình thất bại :((,Sadness,2
hãm 1 rổ lồn . chúc mừng bạn đã chọn nhầm người để tâm thự,Disgust,3
"chân ngắn như tao thêm combo mập nữa thì tao đéo nhaỷ đâu , tao thả mình trôi sông luôn cho lẹ 🙄",Disgust,3
có người yêu coi bộ cũng vui 🙂,Enjoyment,0
trong mv mà có tao đứng dưới mưa nữa thì buồn phải biết,Sadness,2
đi viện thôi mà có cần phải đẹp vậy không,Surprise,0
"thôi xong nhá , mấy đứa mà xác định làm răng cả đời thì ... tập xác định",Other,0
"thằng chém gió lúc bà ấy đẩy ông ấy vào nhà thương điên ( tâm thần ) sao mày không mở mồm ra nói ....! giờ thì “ gió chiều nào theo chiều ấy ” cho thằng như này nằm ở công ty thì không khác chuột bọ , rắn rết",Disgust,3
dume thằng ghép nhạc nhé ????????,Disgust,3
per thay đổi đại từ nhân xưng .,Other,0
"trưa nay nhà em ăn cơm , admin nói với mấy chú truyền hình đừng chiếu tin này lên nha",Other,0
"cụ mua cái đoạn đường này chưa cụ , đg nếu không cấm đỗ xe thì người ta có quyền đỗ thôi , ghét nhất cái kiểu coi lòng đg như nhà mình rồi vừa đỗ cái xe vào là ra chửi . dcm",Anger,4
tao mà biết tụi bây là mấy con đĩ nào tao nhổ lông lồn tao lắc hai cái mép lồn chết mẹ tụi bây 🙂,Anger,4
ăn nhiều mau khoẻ .. tôm cá ấy mày giàu canxi,Other,0
có ai xem đi xem lại như tao mà vẫn cười đéo nhặt được mồm không ạ :)),Enjoyment,0
nhẹ nhàng bay lên và hạ cánh thất bại do lổi kỹ thuật,Sadness,2
per cái đó là ngu chứ thik đéo gì,Disgust,3
lại thêm một con ngáo bất hạnh,Sadness,2
"tuổi thơ của tôi toàn gặp những thằng nhỏn mỏ lên chửi nhau , xách giày dí nhau chạy .",Disgust,3
sao mày không nghĩ lại thêm 1 thừng bị noá xẻ thịt 🤪🤪🤪,Other,0
chỉ biết xem và ngậm ngùi lướt qua,Sadness,2
thật tình là rất xin lỗi anh ở trog video . hi vọng sẽ gặp đuợc anh để xin lỗi và tạ tội với anh . thật ra hộp quà trong video là của con lol per với người yêu nó tặng nhau dịp sinh nhật . híccc,Sadness,2
hihi lâu lắm rùi mới thấy nó,Enjoyment,0
chắc gái xấu :p,Other,0
"nếu chấp hành nghiêm chỉnh luật giao thông ai phạt mình được nhỉ . cũng giống như đi học không thuộc bài giáo viên cho 0 ₫ là phải rồi . tất cả là do ý thức con người , đừng đỗ lỗi cho ai . 😑😑",Disgust,3
mình trả phòng là chăn ga gấp gọn gàng . đồ đạc hẳn hoi trả người ta . dù sao mình cũng như người ta bẩn dọn mãi không sạch ai chẳng điên,Enjoyment,0
quan trọng phải là thần thái,Other,0
giọng lại còn ấm nữa chứ ♥️,Enjoyment,0
ích kỷ . cứ đường trước cửa là của nhà mình ah mà ra đuổi người ta,Disgust,3
thằng kia lắm lông quá nha :)),Disgust,3
per anh ơi mua đập 1 phát vào mặt tụi chê mình đi anh,Anger,4
gần nhà tao lại chẳng còn sót lại anh nào huhu,Sadness,2
khi tắt đi mới thấy ngạt thở .,Fear,1
ra sông mò đồng xu cùng ông anh hàng xóm được khoản kếch xù :))),Enjoyment,0
tưởng khoe người yêu,Disgust,3
quán tao vỡ sụp xuống hơn mưa,Other,0
bộ phim đầu tiên làm tao khóc thành tiếng,Sadness,2
"hồi xưa vào trông nhà cho ông bà , thuê đĩa võ thuật này xem cho mạnh mé đỡ sợ mà thuê ngay đĩa này . ám ảnh quả nhạc tao tao téo vãi",Fear,1
ừ thì là chuyện cổ tích . cháu đang đi đường thẳng gặp mấy chú thì phải rẽ ngang . 😢😢,Sadness,2
heo vàng cái lol . toàn bịp nhau . má nó gắp heo vàng 20 lần trúng mà nó toàn được tặng 6sms miễn phí rồi thì thêm 1 lượt gắp,Anger,4
quả cr7 mà kill đéo gì nhỉ,Disgust,3
cay cái ông chụp ảnh chụp góc nào cho ông ý bớt khổ đi được không,Disgust,3
nhà nào nuôi nó mà ác thế,Anger,4
mỗi lần quyết tâm bỏ mà lại thấy cười . đm đời,Sadness,2
con này tuổi gì với con nhái với con thằn lằn :))) per,Disgust,3
wtf nắng rồi mà @@,Surprise,0
cái tội sờ mông người ta ??,Disgust,3
nhưng nó sẽ to và rộng ra :(,Sadness,2
tao đéo thấy nó hay trỗ lào mà bọn nó cuồng vãi,Disgust,3
ny tao đbh dỗi . chọc kiểu gì cũng không dỗi . đáng yêu vãi 😂,Enjoyment,0
không phải thích của cải mà là thích ý chí của họ . đàn ông có chí tiến thủ bao giờ cũng quyến rũ,Enjoyment,0
ước mơ là không cần học cũng giỏi,Other,0
""" học từ bỏ những thứ trời không cho "" nói thì dễ nhưng nhiều lúc quyết tâm lắm vẫn không làm được .. 😢😢😢",Sadness,2
"quê tao mà , tao nhìn 1 cái là biết ngay",Other,0
từ lúc đấy tao không ăn được các loại thịt ngan - ngỗng - vịt lun 😞 ám ảnh vãi,Fear,1
per ai củng đi mà đem về như tao thì không cần phải có công nhân vệ sinh rồi,Other,0
gớm quá . nhớ lại lúc còn đạp xe đi học cán qua mấy lũ nay kêu bốp bốp rợn hêt cả da gà da vịt 🤢🤢🤢🤢,Disgust,3
cũng muốn vứt giày cũ nhưng lại không có tiền mua giày mới . đành chấp nhận đau chân vậy,Sadness,2
"mong là bố mẹ mình không đọc được tin này , sợ vãi",Fear,1
sợ vãi,Fear,1
đi cho vui chứ chả mua sắm gì :)))) người every where,Enjoyment,0
"thà biết rồi đau 1 lần cho tởn rồi thôi , chứ đừng để nỗi đau cứ day dẳn giằng xé mãi cả đời ☻",Sadness,2
còn không ngồi xuống dọn phụ em nó mà ngồi bấm điện thoại,Anger,4
"t nghe nói : đi tập gym sẽ có người yêu ...! awwww . điều đó không sai , điều đó là có thật 😂😂😂",Enjoyment,0
"per 2 con hay cap màn hình nhất thế giới , nói chuyện với nhau toàn cười ỉ 🙄🙄🙄",Enjoyment,0
thực tế thì con gái sẽ gục ngã trước một người đàn ô hài hước hơn là điển trai,Other,0
gáy sớm để làm gì cơ chứ haizz,Sadness,2
vậy bỏ tiền mua cái máy tính đó để chi ta ???,Surprise,0
đẻ sao mà cu con đẹp quá vậy trời 😍,Enjoyment,0
có bao giờ con sóng không xô vào bờ đâu em ....,Other,0
húp trọn sàn nhà 😁😁😁,Enjoyment,0
nguy hiểm lắm,Fear,1
nhanh ghê mới đó đã 9 năm rồi 😢,Sadness,2
thế mà cô yến bị phạt có 5 triệu :v,Disgust,3
đó là động lực chứ không phải để đem ra so sánh ..,Other,0
"hòi nhỏ nhà ngoại bị rượt muốn chết , sợ tới giờ 😭😭",Fear,1
à thì ra là như v =)))),Enjoyment,0
"muốn hun , muốn ngắt , muốn nhéo , muốn tán vào cái mặt nó ghê , yêu vãi ??????",Enjoyment,0
con mèo đúng là cái đồ đáng ghét,Disgust,3
giờ tao mới nhớ tao đã từng :)),Enjoyment,0
per chị rep khách hàng thế ấy hả 😞 bị bóc phốt rồi,Sadness,2
tao mà nhậu xong đi cái đường này xác định,Other,0
cũng tên quỳnh nhưng 2 số phận thật khác nhau 😢( chỉ mong được 1 góc nhỏ xiu xíu của b ),Sadness,2
quan trọng là họ quảng cáo nói có đúng không . hay là được ít năm hỏng thì mệt,Other,0
cũng may tao là một con đàn ông :)),Enjoyment,0
các anh chị hãy nói với em đó chỉ là diễn xuất mà thôi . và tình yêu như vậy chỉ có trong tiểu thuyết mà thôi .,Enjoyment,0
đó là đối với mấy đứa hay ảo tưởng mới nghĩ vậy thôi,Disgust,3
"khi theo đuổi sự ưu tú , sự thành công sẽ theo đuổi bạn",Other,0
vài chục năm trôi qua mà vẫn chưa đủ tiền mua cái xe máy à,Surprise,0
cái gì cũng có 2 mặt của nó . làm việc phải nghe bằng 2 tai,Other,0
vại mà có nhiều người quan niệm quá sai lầm về việc có bạn là con trai .,Other,0
làm sao bằng chạy xe ôm với bán chổi được ..... nên đừng nói chuyện đến lương .,Other,0
"như đi hiến máu chẳng hạn :3 , suýt thì được gặp :(",Sadness,2
per lại nhặng lên à . cảm thấy trong sạch thì cần gì nhặng lên thế,Disgust,3
vui chơi không an toàn gì cả,Disgust,3
rất ghét phim ấn nhưng phải nói phim này hay 👍,Enjoyment,0
haiz nuôi được nuôi không thì thôi chứ nuôi mà để v coi được haizz,Sadness,2
nó quan tâm mày vì nó muốn mua chuộc mày để tán con bạn thân của mày,Disgust,3
per eo ôi làm nhớ hồi nhỏ đi học mẫu giáo quá :))),Sadness,2
per :v tại nhiều nơi đổ về nên đông lại càng đông . biết lối tắt thì còn đỡ chứ không thì mệt lắm,Other,0
per sợ ghê bây .,Fear,1
đây chính là lý do tao giảm cân toàn thất bại,Sadness,2
tao đi quài vẫn chưa gặp nhỉ 🙃,Other,0
rốt cuộc thằng bé này ở đâu xuất hiện mà có ảnh chế nhiều vậy,Disgust,3
đáng yêu quá mức,Enjoyment,0
cô ngu như lợn 😒😒😒,Disgust,3
rốt cục mạnh quá nên nghĩ võ cũng chỉ tăng thêm độ ngầu thôi :))) chủ yếu đối với sai chỉ là một pha sử lý cồng kền :)),Disgust,3
chỉ 1 vãi nhỏ th mà niềm vui quá lớn < 3 ^^,Enjoyment,0
cũng may là hết thời đi học rồi .. không lại từ “ con nhà người ta ” nó lại được nhắc liên tục trog bữa ăn hàng ngày 😅,Enjoyment,0
"chứ sao nữa , làm gì có chuyện người ta đỗ đúng mà lại gây tắc đường . chỉ có những người mắt hay bị ngứa cho rằng sẽ gây tắc đường thôi ạ",Disgust,3
còn các bạn đặt bánh của mình toàn gửi cho người yêu . chắc câu chuyện này còn buồn hơn :((,Sadness,2
tin vui cho bà con nông dân chuân bi vào ngày gặt lúa sắp tới,Enjoyment,0
em hết ngáo rồi nha =))),Enjoyment,0
"mình sợ nhất đến bữa ăn mà bố mình vác cái thớt vào mâm cơm , bố mình biết mình sợ vậy nên mọi chiện giải quyết sau khi ăn cơm xong ,",Sadness,2
khuôn mặt đáng thương,Sadness,2
"cái loại lười lao động , vì những người hay lao động tay chân thì họ không bao giờ nuôi được móng tay cả ...",Disgust,3
per mày có bao giờ đi à :> tao cũng đéo,Other,0
chụp rồi có mua giúp ông không ?,Other,0
cái gì nó cũng phải thực tế,Other,0
đang trong lớp mà ứa nước mắt,Sadness,2
"lái tàu quá kém không dừng khẩn cấp . để va chạm thế mà vẫn cố tình chạy , khổ thân chiếc xe ôtô",Disgust,3
kha ́ thông minh :)))),Enjoyment,0
nó mà có con khác rồi giận lại nó cho cút luôn lại bảo sao ngu :)),Disgust,3
a cứ đưa hết lương đây cho em :))) em sẽ cho anh tiền rửa bát,Enjoyment,0
"ám ảnh vãi :)) hồi bé tao với chị tao trên đường đi học về thấy có mấy con ngỗng , thấy hay ra nhìn thử dume xong nó dí tao với chị tao về gần nhà :)))",Fear,1
cắt tóc đi còn đen hơn,Other,0
chụy hiền quá mòa ... sao chọc chị điên vậy ... đụ má tụi bây ..,Anger,4
"mẹ chưa hnao đi làm về sợ vãi như hôm nay 😑 chớp cứ nhằng nhằng 2 bên đường với trước mặt , kinh vãi",Disgust,3
"thân hình của con người , nhưng đầu óc là con cặc , nên đéo biết nói gì thành phần này",Disgust,3
"nghe được đó , ảnh hưởng tới môi trường là phải cấm",Other,0
không lau sạch về bà chủ mắng thì sao . nhiều người họ kinh lắm . trước mẹ minh đi làm cho nhà 5 tầng . họ chỉ ở 3 tầng còn 2 tầng bỏ không . mà ngày nào cũng phải lau hết,Sadness,2
cô ấy bảo : đời như lol 🙂,Disgust,3
cảm ơn mày đã khai phá cho tao thêm một nét văn hoá đẹp :)),Enjoyment,0
best gái ngành hôm nay đắt hàng,Enjoyment,0
đã gặp được em đúng lúc . nhưng lại không phải thời điểm em muốn ....,Sadness,2
thằng khốn nạn,Anger,4
cám ơn mấy chế nhiều nhiều nhé 😗,Enjoyment,0
ăn ở như nào mà tới bị con ngáo nó lùa ? =))))),Disgust,3
"chúng nó xạo lol vậy thôi chứ lên đại học chúng nó dập nhau như gà , đấy là tao nghe bọn nó nói thế chứ có học đại học đéo đâu mà biết 😕",Disgust,3
per nhớ quá trời nhớ luôn nè,Other,0
per hãy cứ vững tâm tập điều độ rồi sẽ có thôi,Enjoyment,0
nửa đêm rồi đứng hò hét vậy mà không bị chửi là sao ta,Disgust,3
hỏng cả một thế hệ 😔,Disgust,3
1 nỗ lực lớn thay đổi valentine ... sang năm tao mắc võng .,Other,0
thôi chết haha ...,Enjoyment,0
per tìm ông bán xoài này ngay cho em 😂😂😂,Enjoyment,0
cưng quá,Enjoyment,0
em nó phượt theo gái cả đêm,Other,0
đéo liên quan nhưng đéo mày bữa nay tao đéo đi ỉa vì con củ lol này :),Anger,4
nhìn ghiền 😘,Enjoyment,0
đi đường ghét nhất bọn loi choi kiểu này . gặp ngay bác vô lăng cứng tỳ cho phát thế là nhớ đời thằng loi choi .,Disgust,3
"tuổi thơ tao gặp toàn trai bánh bều , mít ướt . toàn là tao galang , dỗ dành . ôi cái cuộc đời này per",Sadness,2
mấy thanh niên đi xong về có yêu nhau không nhỉ ?,Other,0
nhớ lần nấu cơm thần thánh này không ? per chỉ là mải nghịch nước thôi mà …,Enjoyment,0
mình sống không đủ tốt hay sao mà vẫn chưa gặp được anh người yêu tốt như này,Sadness,2
đúng là càng ngày càng chán . cứ theo luật mà làm thì chán cực kỳ luôn,Sadness,2
"5 năm thì có vẻ hơi sớm 🤣, tao chỉ ước sau này có người thích được phiêu du như gia đình người ta thôi 😌",Other,0
liệu có bền lâu,Other,0
tại vì anh trót nói lời thương em mà em không đáp lại,Sadness,2
thì đúng là sẽ không buồn vì thất tình nữa :((,Sadness,2
per ở quê ve sầu kêu chưa chúng mày,Other,0
một sinh vật xinh đẹp và hiền lành . tiếc cho nó quá,Sadness,2
đi học về thấy bán hoa đây đường mà cảm thấy tội cho bọn có gấu ... lại tốn tiền,Sadness,2
súc vật dume,Anger,4
per thử cảm giác mạnh,Other,0
chửi thì chửi . mà cái giọng của anh dọn phòng nghe trổi tai thật .,Anger,4
cụ bà đẹp lão quá cậu,Enjoyment,0
per có quẹo vào không em,Other,0
sao nó tìm được nhỉ 🤔,Surprise,0
"đúng mất vài giay để nói lời yêu thương , nhưng phải mất cả đời mới chứng minh được , cháu rất ngưỡng mộ ông bà !",Enjoyment,0
nó mà nhập viện thì xong đời tao . n 😂😂,Enjoyment,0
xem qua là biết diễn sâu rồi . bên ngoài chắc lao mẹ vào đánh nhau rồi chứ còn lâu mới rảnh háng chửi nthe,Disgust,3
cái cây gia công sản xuất kém chất lượng quá :)),Disgust,3
per chỉ một lần thôi 😂,Other,0
nhanh lẹ hiệu quả cao 😂😂,Enjoyment,0
đây là cảnh dọn dẹp trong bar hay trong hotel vậy ?,Other,0
per huhu nhất là mấy bài không cho chất thử á :(,Sadness,2
"trai xinh gái đẹp thời đó , nhìn cái xe là biết giáo dục có điều kiện rồi",Other,0
"mình nghĩ sẽ không bao giờ là một thương hiệu quốc gia , là khát vọng về cà phê vn nữa ...",Sadness,2
"1 cái mồm phải nhét vào não 40 đứa gần như thiểu năng cũng đủ chết rồi . nếu tôi là cô ấy , tôi tát cho không trượt phát nào",Anger,4
đến gần đoạn cuối tao tắt âm xong vào xem bình luận rồi mới tua xem lại để minvolum . iq + vô cực chuẩn mẹ rồi,Enjoyment,0
thanh niên này cục súc vãi,Disgust,3
thấy gớm,Disgust,3
dume cứ chê đi đến lúc bố dậy thì lại mất công trầm trồ !!!,Disgust,3
ăn cút mẹ mày ra chỗ khác ăn nhé .,Anger,4
sau khi đọc bài của mày tao cười nhiều quá và gãy mẹ hàm cái à,Enjoyment,0
nhìn hình chế là tao vui lắm :)),Enjoyment,0
cái mặt thấy ghét,Disgust,3
per bao giờ mày mới được nv nhỉ,Other,0
em xin lỗi anh,Sadness,2
"con này còn hại hơn cả ốc bươu vàng . cấm nhanh còn kịp , để nó ra ngoài thì chỉ có người nông dân thiệt thôi",Fear,1
thú vui đặc biệt vãi :v .,Enjoyment,0
tao biết là có ý tốt gởi thông điệp ý nghĩa nhưng nhìn cứ sợ sợ lại còn sấm chớp :<,Fear,1
t ghét cả họ nhà nó 🙂,Disgust,3
huhu nó bị điên à ?,Other,0
phải công nhận nước ngoài cái gì cũng to :),Other,0
sư phụ giả vờ ngã để thử lòng các đồ đệ và cái kết ngã sấp mặt luôn 😢,Sadness,2
một lũ óc không bằng chó .,Disgust,3
5 năm nữa tao phải đẻ được 3 đứa 😂😂😂,Enjoyment,0
per lật kèo luôn à ??,Surprise,0
thanh niên quá cứng,Other,0
lùn lùn làm sao sống qua nổi những chuyến đi phiêu lưu như vậy,Sadness,2
chân tao không đu ̉ da ̀ i đi ̉ đi con đươ ̀ người na ̀ y :((((,Sadness,2
có lúc ngồi một mình mà cảm thấy lạc lõng lắm các cậu ak,Sadness,2
phải cho mấy con sán lợn này vào đĩa rồi mời mấy ông bà đấy ăn xem mấy ông bà đấy thế nào .,Anger,4
mùa hè không nóng đây rồi,Enjoyment,0
lũ này chặt tay bọn nó cho khỏi trộm cắp 😠,Anger,4
bắt trước chuyện tềnh trong thang máy cơ mà cái này kết có hậu :),Other,0
vl ! người ngoài hành tinh biết nói tiếng anh ! bọn mày lú hết rồi à ? cái quần què gì cũng tin được !,Disgust,3
má nó thú dị thôi rồi 😂😂😂,Enjoyment,0
crush bị thịt hay không không quan trọng . t chỉ sợ vợ tao đang bị thg nào đó gạ địt thôi . nghĩ mà buồn,Sadness,2
mấy đứa bị bón thích cái này,Other,0
thằng lol nào trong miệng thế,Anger,4
per đau hơn chia tay người yêu nữa,Sadness,2
tôi đã đúng khi đọc bình luận thay vì đọc bài :),Enjoyment,0
hóng kỉ lục để lông mũi dài tới bụng :)),Other,0
đánh rơi liêm sỉ trong 1 nốt nhạc,Disgust,3
chuẩn ..! dm mang tiếng được trung ương mà toàn lũ ghen ăn tức ở_xểnh tí là hại nhau ngay ..! làm vất vả tiền chả thấy đâu ..!=)))))),Disgust,3
nước ngoài cái gì cũng to kể cả sinh vật,Surprise,0
ôi tao đã tìm được người cùng hành tinh ?,Surprise,0
câu nói quá chuẩn và ý nghĩa 👍,Enjoyment,0
cảm ơn đoi tình nguyện viên nhớ có các bạn mà người dân bớt vất vả hơn,Enjoyment,0
"từ cái thời mới bắt về bé tí . suốt ngày bị lũ gà mái bắt nạt run rẩy trong góc . mình thấy tội nghiệp nên săn sóc từng tí 1 , lại bảo kê cho nó khỏi lũ gà . thế mà dume lúc lớn lúc đéo nào cũng kêu như giết heo , đuổi đánh lũ gà chạy tán loạn , đè chết cả mấy con gà . đã thế thì thôi lúc vào cho nó ăn nó dí cho thì thôi rồi . vừa dí vừa mổ , hồi đấy nuôi ngỗng mơ cũg thấy ác mộng bị nó đuổi mổ . tóm lại vừa vô ơn vừa đéo dễ thương tí nào cả",Disgust,3
lụm điều cho ba má . 2 ngàn 1 ngày bỏ heo đất . thằng hàng xóm vô trộm mất . khóc lóc mấy ngày .,Sadness,2
cỡ nào anh cũng có thể chịu đựng được vì anh yêu em,Enjoyment,0
người ta kê bàn ghế ra chả nhẽ lại vẫn nằm đất để nhìn mông người khác ngồi :))) pha xử lý rất cao tayyy,Enjoyment,0
"những việc này , mang lên đây chả giải quyết được gì cả .",Sadness,2
đến ngày sinh nhật mà còn không nhớ thì còn nói gì nũa,Sadness,2
1967 mà cụ ông đẹp trai phong độ ăn mặc thời trang quá :)),Enjoyment,0
của thằng kia mà,Other,0
"chắc tại từ nhỏ tới lớn mình "" man "" quá nên không gặp được gã nào ga lăng dư này :(",Sadness,2
bảo thẳng luôn dân việt nam nghèo còn bày đặt . không biết quý đồ ăn là gì . nói thì lại tự ái quay ra đôi co .,Disgust,3
douma đứng trong nhà cũng không yên cái thân,Anger,4
hổng gặp cái buồn luôn ><,Sadness,2
thế nên bán hàng có tâm là đừng bao giờ nài nỉ khách mua thêm vì biết đâu bạn vô tình làm cho nỗi đau của họ trở nên tồi tệ hơn .,Sadness,2
tao nhớ không nhầm hôm nay nó đến tháng vậy là sẽ không bị đâu nhỉ,Enjoyment,0
năm đó mà có được chiếc xe kia thì cũng không phải dạng vừa rồi 👍,Other,0
"per em ơi , tính ra nhớ đợt mình đi dạo trên cầu per mấy ông đó vứt xuống sông ít ra còn có não hơn mấy đứa vụ này",Disgust,3
nhìn hói mà thấy thương gê ??,Sadness,2
ngta lở ăn vụn tha đi lúc đầu thấy êm re tội quá chừng lúc sau tức nước vở bờ 😂😂😂,Other,0
per nhất định chị em mê tín mình p đi xem phim này rồi,Enjoyment,0
đoạn phim này tốn khá nhiều nước mắt của người xem,Sadness,2
t tưởng móc được mớ vụn ra là hết rồi . ai ngờ còn 2 cục đựu má chà bá,Surprise,0
liệu nó có bay nổi hay không ?.,Other,0
mẹ mày đã đánh mày tan xác chưa . phải tao thì mẹ tao cho nhừ tử luôn rồi ??,Anger,4
t mong nó té quá chời :v,Enjoyment,0
dẫu hiên ngang giữa đất trời . gặp con vợ đểu thì đời cũng xong,Disgust,3
thành phố không nói chứ chỉ 9x trở về mới biết nấu thoii,Other,0
khi bạn bất cần vãi đời ... làm việc xấu mà cảm thấy thanh thản vãi 😁,Enjoyment,0
tao kìm nén lâu qá rồi mà 😌😌 tức nước vỡ bờ thôi,Sadness,2
"tự nhiên nhớ đến hồi bé , đi kiểu nào cũng bị ngỗng rượt chạy té sấp mặt luôn , nhiều khi nghĩ sợ nó dí hơn sợ mẹ đánh",Fear,1
mày cút,Anger,4
phim này rất hay .,Enjoyment,0
đang chán đời cắt tóc xong là chán cái mặt hơn chán đời luôn :((,Sadness,2
may quá tao không xài huawei kkk,Enjoyment,0
ông này có võ thiệt 😁😁,Surprise,0
"yeahh ! tao giờ đã là khách quen quán trà sữa đó rồi , về nhà cũng phải ráng tạt qua",Enjoyment,0
ai mà chả sợ rắn chơi ngu như chó vợ nhỉ per,Disgust,3
sớm chút nữa có lẽ đã khác rồi đúng không ?,Other,0
đúng là nhân tài luôn ở khắp mọi nơi kkkk,Enjoyment,0
bà của tôi đã không còn khi tôi còn chưa biết gg là gì,Sadness,2
"công trình 850 năm tuổi , xây dựng 100 năm mới hoàn thành chỉ còn là đống cháy sắt vụn .",Sadness,2
tao thấy có 1 thằng dân trí thấp trong đám bình luận này rồi đấy,Disgust,3
bỏ thế lồn nào được :(,Sadness,2
đây là đồ của per ??? hỏi nua không,Other,0
per trông em bé yêu vãi :)),Enjoyment,0
khó có thể giải thích,Other,0
dù có nói thích mày thì cũng đừng có tin .. xã hội giờ nguy hiểm lắm,Fear,1
chắc sổ đỏ có cả vỉa hè và đường :)),Other,0
ơ . t chỉ quan tâm sao mày lại mặc quần màu hường hình cô gái thôi ??,Other,0
sang năm nữa vác giường ra mà nhìn,Other,0
câu chuyện lấy đi nước mắt của tao,Sadness,2
"ko ngon thế đâu , không khéo nó lại ỉa cứt toe toét vào mặt í :)))",Disgust,3
"chờ mãi mà không thấy , cứ thấy trống vắng vãi :((",Sadness,2
t thấy nó cười hoài mà không bao giờ nó cười với tao cả :((,Sadness,2
"per tôn lợp nhà mà đẹo zai thế đấy , lại toàn 6 múi nữa chứ ...",Enjoyment,0
"thời thanh xuân tôi từng yêu quý nét hiền thục của chị hiền mai . và đúng như cái tên hiền mai của chị , tên và tâm tính đều đẹp , hiếu thảo khó ai bằng . em xin chúc bác có thêm nhiều sức khoẻ để chị có được nhg tháng ngày hạnh phúc , ấm áp bên mẹ ạ .",Enjoyment,0
cái này gọi là ấu trĩ phải không,Disgust,3
phải tao tao vứt luôn xe ??,Sadness,2
tưởng mai đi họp phụ huynh mới bị u ám . ai ngờ hôm nay mới biết điểm anh 9 . 5 thôi đã u ám rồi :),Sadness,2
ui đáng yêu gheê,Enjoyment,0
sắp được cống hiến cho tổ quốc rồi . vui quá ...,Enjoyment,0
"cạn lời , mình ngủ để khỏi nhìn 😊😊😊",Disgust,3
loài dê phải gọi ông này bằng cụ,Other,0
cho em hỏi phim ra tập mới vào những hôm nào ạ,Other,0
đkm mấy thằng mặt cặc ! gặp bà thì bà lại đá cho thọt con mẹ nó dái lên cổ xem chúng mày có cười mà khoe chiến tích được không . đm lũ chó chết không riềng 😡😡,Anger,4
nghe tên vietcombank là bao nhiêu quá khứ bực mình ùa về,Anger,4
mạnh vỗ tay 👏,Enjoyment,0
thu thập mọi thông tin về đối tượng .. luôn đặt trái tim vào trạng thái .. chiến đấu 😖,Other,0
2 thế kỷ mới xây được vậy mà chỉ trong 63 phút tiêu tan hết :(,Sadness,2
đọc xong tao muốn khóc luôn,Sadness,2
thương vlll,Enjoyment,0
"xốp dọn không sạch nổi , quản lý người ta lại nói nv làm vệ sinh bẩn không kĩ lưỡng này nọ rồi lại trừ tác phong , các bạn ý thức chút",Disgust,3
não bọn này nhiều nếp nhăn đấy,Surprise,0
tăng sáng lên nhìn cho rõ mặt chứ,Other,0
"gặp chị này ngoài đời rồi , giọng nhẹ mà hiền lắm nuôn ❤",Enjoyment,0
"vailon :)) học sinh cơ , dume nó",Disgust,3
nta vẩy tay mấy cái cũng ra tranh còn tao thì 😪,Sadness,2
cẩn thận các góc cửa,Other,0
bình luận gì ông này diễn trò ngày nào đi qua khoảng hơn bốn giờ chiều là gặp,Disgust,3
"tại như vầy nên bố tao không cho đi cùng . cụ bảo có năm còn lăn cả xuống ruộng , trèo lên mái nhà của người ta để đi ??",Fear,1
:))) mặt ngáo vậy mà còn lạ lẫm gì,Other,0
lừa đảo số tiền lớn như vậy thì khởi tối cả lũ chúng nó chứ,Anger,4
nhưng tối qua nhà tao có mưa đâu,Other,0
tới lúc chia tay rồi khóc :(,Sadness,2
chọn thằng nào có tương lai hơn . tức có bố mẹ giàu hơn,Other,0
dm ông cầm cam cho cẩn thận vào tôi cũng muốn ngã mẹ nó rồi này,Fear,1
tuổi trẻ tài cao =))),Enjoyment,0
per giờ thằng gù nhà thờ chạy đi đâu đây :(,Sadness,2
nồi cơm điện chứ gì .,Other,0
những người em thích đều đi nơi đâu rồi còn con ml bên cạnh song hành,Sadness,2
cái này giả thui nhé . 1 tài liệu mật của nasa mà cái kênh cùi này có được à 😂,Disgust,3
ghét nhất kiểu tôi quen ông này quen bà kia . nhìu cha có cái nón bảo hiểm không đòi được bị bắt cái gọi điện thoại nhờ người quen . có bạn kiểu đó phiền quá,Disgust,3
giết chết lũ khốn và cái ô che cho chúng .,Anger,4
"công ăn việc làm còn chưa ổn định , bố mẹ già còn chưa lo được thì kết hôn để làm gì 😪",Sadness,2
nên cho người xử sai ngồi tù như người ta xem sao ....,Anger,4
tận cùng của tan vỡ,Sadness,2
người yêu có thể có nhiều nhưng mạng sống chỉ có 1 chế nhể ?,Other,0
"nhà tao bên cạnh phòng tập gym , lúc trước bán dụng cụ thể thao ế vãi ra , nợ nần chồng chất ! từ ngày chuyển sang làm đại lý dầu ăn , gia đình tao phất lên trông thấy !😂😂",Enjoyment,0
per đúng rồi mình đây =)),Enjoyment,0
sao đúng bài mày kết vậy 🙁🙁🙁,Other,0
tình yêu con nít cọ đít vào nhau ....,Disgust,3
thế thì bắt con phụ nữ chứ bắt gì thằng đâm . con đấy mới là nguồn của vụ án,Anger,4
tao còn độc thân này :((,Sadness,2
ngộ không phiên bản lỗi 😆😆,Disgust,3
per mới bắt đầu tuần thánh mà chúa ơii,Sadness,2
buồn vương mi !!!,Sadness,2
đăng khoa lê lò dầu của mẹ nè anh 😘😘😘,Enjoyment,0
đm chưa thấy thằng nào ngu như thằng này :))) bị ngáo cần :)),Disgust,3
nát xe lại còn phải đền cho cánh cửa toa tàu nữa . dốt thì chết,Disgust,3
không biết crush có thích uống nước mắm không để còn tặng nàng chai nam ngư 900ml :)),Enjoyment,0
"văn minh quá , đường trong sổ đỏ người ta mà !",Disgust,3
lại nhuộm vàng súng ống rồi,Other,0
xuống đi nó không cắn đâu,Other,0
gia đình có nhưng tình yêu không thì sao,Sadness,2
chúng mày giờ mới biết điều này ah ? =)))),Surprise,0
t cũn gặp 1 ca như vậy mà chúng nó còn chơi chét bánh kem cơ . bước vào nhìn cái phòng mà muốn quăng chổi vào mặt tụi nó,Anger,4
"tí tuổi đã hói , chắc kiếp trước ăn ở không ra gì đây",Disgust,3
thì con đỉ mẹ mày ghi nhanh vào .,Anger,4
"miễn sao có tiền ăn bánh trung thu , mua lồng đèn , đi du lịch =))))",Enjoyment,0
vẫn ế bền vững,Sadness,2
per hẳn là hôm đi chợ bông chắc sẽ có nhìu đứa gét . 🤣🤣🤣,Disgust,3
thích thật,Enjoyment,0
xong bỗng nhiên một ngày mất hút không để lại 1 hạt bụi,Sadness,2
tê tê phê phê sung sướng vãi 😌,Enjoyment,0
bạn này sau này sẽ khó bước qua cái bóng của vai diễn này 🙂,Other,0
"bác nói v thì tôi cũng xin thua , có tranh luận cũng không như không",Other,0
lại được làm thêm quả nhà nữa . ngon,Enjoyment,0
tuổi thơ tao dùng n để nướng thằn lằn 😂😂,Enjoyment,0
lead mới vô nghề còn non thì tuổi lol gì chống lại lead lâu năm,Disgust,3
sợ nhất con quỷ này trên đời,Fear,1
con cái nhà ai mà bố mẹ chăm cho đẫy đà ngon ngọt thế,Other,0
per nè chị,Other,0
đang bo cuối mà lạ có vị trí đẹp thì đúng là tuyệt vời :))),Enjoyment,0
cái này là cái gì thế .,Other,0
loz chúng nó là 1 đội . chứ dám chêu người lạ . dm bố mày sút không trượt phát lào,Anger,4
"đã từng nhưng 10 năm về trước cơ , buồn ghê",Sadness,2
chỉ có trong truyền thuyết . mà khái niệm truyền thuyết trong ngữ văn lớp 6 là không có thật,Other,0
nói mẹ ngoài đời,Anger,4
ở đâu cũng có người tốt nè anh kkkk,Enjoyment,0
buồn cho 1 đất nước .,Sadness,2
nghĩ mà buồn vãi =)),Sadness,2
hello đồng nghiệp ;)))) không biết nghiệp gì thôi haha,Enjoyment,0
"tuyệt với , ước mơ hồi nhỏ của tôi đã được cậu bé này thực hiện",Enjoyment,0
sao mà mặt boss có thể gian đến thế nhỉ,Surprise,0
giận con mẹ mày nữa chứ giận :),Anger,4
âu kề ... anh per đã béo từ khi lấy vợ và giống như tất cả các chàng troai khác :))),Other,0
chơi ngu lỡ người ta té chấn thương đập đầu rồi ai nuôi 😐😐😐 ở vn nó xúm lại đánh hội đồng ôm đầu mà khóc 😅😅😅,Other,0
kinh dị,Disgust,3
"cũng được nhưng cuối video nhai nhỏ tiếng hơn thì tốt . :""(",Disgust,3
"kết nó ở cái câu "" đất nước gia lai là một đất nước giàu tài nguyên , có anh per ""😑",Enjoyment,0
per tao không gửi cho mọi người . tao chỉ đăng lên facebook cho thiên hạ biết thôi :))),Enjoyment,0
thành công là cách trả thù xã hội ngọt ngào nhất . đừng vì họ nói mà yếu lòng,Other,0
bởi nói để trung nguyên cho bà thảo thì chắc chắn 100 % với cái bộ óc sáng tạo cùng với sự lãnh đạo tài giỏi và lòng tham hơn người và trí tuệ ngắn hạn sẽ dẫn dắt trung nguyên xuống con mẹ nó giếng luôn .,Disgust,3
mày khá là may mắn khi không học tiếng huế đấy =)),Enjoyment,0
per đi làm công tình yêu cẩn thận ăn uống nhé,Other,0
có những người đi qua đời bao nhiêu như 1 cơn gió vậy . vô tình nhìn lại . nó lại là quá khứ ...!,Sadness,2
"ngày cuối cùng còn ở lại , bản thân không có bất cứ một cảm xúc gì , trong lòng chỉ độc một mảnh phẳng lặng .",Sadness,2
🙄🙄🙄🙄 tao cũng thích kiểu kể chuyện trước khi đi ngủ . cho đến khi tao ngủ luôn . mà đéo có ai hết . buồn đời,Sadness,2
lúc tối mày cũng nằm mơ nèo nhà mày về . ước gì nó là sự thật 😢,Sadness,2
nó lại hợp lí vãi :v,Enjoyment,0
nuôi kiểu gì mà lắm ve thế kia ?,Disgust,3
"per bởi , đéo dám tán ai hay tỏ tình",Fear,1
coi rồi vẫn muốn coi lại 😚😘,Other,0
sao chưa thấy ai tới cứu nhỉ . lỡ xảy ra gì mất điện toàn tỉnh sao .,Other,0
bình phước vẫn là cây chủ lực .,Other,0
má hồi xưa về ngoại chơi đi đường bị nguyên đàn yêu nghiệt này dí chạy té đái giờ vẫn sợ bọn nó 😨😨😨,Fear,1
nhớ gia đình nhỏ nhiều lắm … mà không được về thăm,Sadness,2
"có bài hát "" cuộc đời vẫn đẹp sao , tình yêu vẫn đẹp sao """,Enjoyment,0
per ghét cái kiểu rõ ràng là chuyện của riêng 2 người vậy mà …,Disgust,3
nhưng kp cười với mày đâu :) ảo tưởng vãi,Sadness,2
một câu chuyện bi đát :((,Sadness,2
sao ý thức kém thế bao nhiêu tâm sức của bao người mà bỏ phí như thế,Disgust,3
còn gì hơn lòng dạ đàn bà ... cũng may tao là một con đàn ông :)),Enjoyment,0
ngu thì chịu,Disgust,3
tao cũng ho trật mẹ khớp vai mà đéo phải 1 lần đầu nhé,Sadness,2
chỉ cần sống thật với cảm xúc .. với chính con người bạn là hạnh phúc nhất,Enjoyment,0
tao giận bạn trai tao và 5 ngày rồi nó đéo dỗ tao luôn hix,Sadness,2
mày lấy sỏi xếp thành tên dume khôn như tao này .,Enjoyment,0
chuyện tình huyền thoại của per với per :(,Sadness,2
per nghe rồi ngủ đi em,Other,0
may là tao dán kính cường lực,Enjoyment,0
"khiếu nại cái gì khi cả bọn nó bao che cho nhau làm lớn thì sợ ảnh hưởng tới bộ giáo dục cho lên chúng sẽ ?,",Anger,4
buồn cười vãi ý,Enjoyment,0
per thế thì nhà nào bầy hàng họ ra vỉa hè thì mình được đuổi đúng không cụ =))),Other,0
đm thế giới này toàn nói thật thì công nhận nhạt nhẽo vãi,Disgust,3
ngày bé tao bị nó dí thế là tao cho nó 1 gậy 🙂 hôm đó tao được ăn thịt ngỗng,Enjoyment,0
"mất đi một di sản , chứng tích của lịch sử 😓",Sadness,2
ác quá trời ơi,Disgust,3
thời xưa yêu nhau đến chết vẫn yêu ... thời nay yêu không biết chết lúc nào 🤣 cuộc sống nay đáng sợ lắm 🤪,Fear,1
thất vọng và áp lực tích tụ hằng ngày với tao,Sadness,2
cầu mưa ... mà sao không mưa nhỉ,Other,0
bẩn tính vãi nồi,Disgust,3
a ấy nói đúng vầy vừa nta dọn cũng khổ nta chứ . phục vụ xog lại phải dọn nữa,Other,0
per mày cũng cắt tóc giống thế đi cho đẹp =)))),Enjoyment,0
ý tưởng hay,Enjoyment,0
"lúc cụ bà cầm bông như cô gái 18 lần đầu mới yêuc vậy bà ngạc nhiên và hạnh phúc nhìn sâu lắng , video ngắn nhưng cho người xem si nghỉ mải",Enjoyment,0
per ồ ồ chân chính chạnh lòng rồi 😂,Enjoyment,0
nói thật chẳng hiểu thế hệ bây giờ nghĩ gì . động tý vào là kêu này nọ . ở nhà ở trường có vấn đề kêu um lên chứ sau này ra ngoài xã hội mà ngu thì nó vả không trượt phát nào chứ ở đó mà kêu . tiên trách kỷ hậu trách nhân,Disgust,3
nhiều lúc lắm câu hỏi ngớ ngẩn thật,Disgust,3
phạt 5tr thì phạt làm gì ? khác nào tiếp tay truyền bá mê tín dị đoan 😌,Disgust,3
con nhà hư hỏng . bỏ cả nhà đi theo zai . bị nó rũ bỏ vì chửa mới mò về . giờ bắt ai gánh nuôi con . con với cái hư quá thể .,Disgust,3
ảnh này tao thấy mày đăng mấy lần rồi đó admin,Surprise,0
"làm ở đâu không quan trọng , quan trọng là chị em mình mỗi ngày gặp nhau 9 tiếng cùng làm cùng ăn cùng ngủ chị ngoc thu hen",Enjoyment,0
ước gì có ai để tao tag vào .,Sadness,2
"per hồi nhỏ bị ngỗng dí riết ám ảnh , giờ mà bị dí chắc cầm cổ quay thấy moẹ nó luôn hehe",Enjoyment,0
"vậy đấy , thế nên con gái mới toàn bị lừa =)))",Other,0
tao hiểu mà,Other,0
nhiều khi nghĩ mình không phải con gái mà là 1 thằng đàn ông chính hiệu kkkk ....,Enjoyment,0
chú lên thay được rồi đấy,Other,0
"như mình mà trèo lên là bị phóng điện luôn bạn nhỉ , mình cũng không hiểu được sao bọn nó không bị",Surprise,0
chỉ là muốn thôi . chứ chờ đợi không biết thời điểm nào thì cái sự mong muốn đó mới tới,Other,0
biết giả vẫn phải tạo,Disgust,3
chúng tôi xin lỗi và rút kinh nghiệm,Other,0
chỉ là muốn cạnh mà chỉ có 2 người . nói đủ chuyện trên đời dưới biển rồi đi vào giấc ngủ ngon . vậy thoii,Enjoyment,0
bộ phim anime đầu tiên mình xem thấy bác hói được buff sức mạnh kinh vkl =))),Surprise,0
ấy thế mà đã 6 năm rồi . bây giờ còn không nhớ được những đứa nào đã học cùng mình nữa rồi 😪,Sadness,2
chả bù cho tao thời hoc mẫu giáo thằng nào lộn xộn không vào mắt là tao cho ăn đấm luôn,Disgust,3
tao là thằng chưa bao giờ giận người yêu vì người yêu tao không bao giờ làm gì có lỗi hết,Enjoyment,0
thôi có gì đâu mà cãi,Other,0
phí cái lol mày á,Anger,4
như ốc bươu vàng thì là thảm họa rồi,Disgust,3
cha mẹ là món quà vô giá mà ơn trên ban cho chúng ta . không gì có thể so sánh thay thế được . và cũng chỉ có một mà thôi ...,Enjoyment,0
loài người thật đáng sợ,Disgust,3
hicc thương em,Sadness,2
khá tàn nhẫn,Disgust,3
êu khiếp chứ thế này chết cả gái lẫn zai thôi,Other,0
làm đéo gì có ai nói chuyện thân thiết với tao đâu mà,Sadness,2
nhện này trong nhà tao chắc tao bỏ nhà đi mất 😱🤯,Fear,1
"chuyện ăn ốc đổ võ cũng đưa vô văn học =.=""",Disgust,3
nó cắn bạo hơn chứ ở đó xạo xạo,Disgust,3
chắc hẳn trước kia em bị đối xử tồi tệ lắm nên mới vậy :(,Sadness,2
tiếng guitar thật tuyệt,Enjoyment,0
có mấy con đi quán biết là bọn mày bỏ tiền ra thật đó nhưng làm người thì có văn hóa với ạ ... đcm xả rác đổ tùm lum rồi xé giấy ... nói chung là bọn nó đi cái chỗ đó như kiểu ở ngành luôn ấy ... tưởng bỏ tiền ra là làm cha làm mẹ người ta z đó .... mặt đẹp mà tính ở dơ,Disgust,3
đm thằng nào đổi gậy như ý của tao rồi,Anger,4
trách ai bây giờ đây huhu,Sadness,2
chuẩn không cần chỉnh,Enjoyment,0
cực phẩm luôn kìa,Enjoyment,0
per trailer không có tiếng thôi mà đã thấy ghê rồi đó !,Fear,1
nguy hiểm đến với bao nhiêu bất cứ lúc nào,Fear,1
cái ngành tài chính của mình có chỗ dụng võ tốt rồi đây :)))),Enjoyment,0
"mình đang thất tình đéo hiểu sao đi cafe còn toàn tận cùng nỗi nhớ , chạm đáy nỗi đau , đừng như thói quen ... dume :)",Sadness,2
chợt nhận ra mình yếu đuối như một đứa con gái vậy 😢,Sadness,2
sao nó mới vậy,Surprise,0
"youtuber nhà người ta đấy , làm cho mọi người cười sảng khoái . còn vn thì toàn món ăn không lồ , rồi mấy cái khác người",Disgust,3
điểm thì có hết rồi cần gì quan tâm đề thi nữa,Other,0
"hết thuốc à mấy thằng quằn què , gặp tao thiến cmnl",Anger,4
"chăn lắm lông , bắp tay thì to ôi tuổi thơ của taoooo :33333",Disgust,3
không nên tin bất cứ 1 người nào cả,Other,0
ngửi mùi hoa sữa xong chia tay :),Other,0
ngồi nhiều quá nhìn họ đau mắt,Sadness,2
đéo nổi . ngày lol nào đi làm về đã mệt rồi . gặp bà nội ở nhà giận với chả hờn còn hơn khách hàng nữa . đụ mẹ mệt mỏi vcllll,Anger,4
thấy cờ rút trên tờ polime là tim rụng rời liền,Enjoyment,0
hôm qua tao cũng xem chục lần :))) bài đếch gì hay vãi :)))))),Enjoyment,0
những trường như thế cho giải tán . cấm tuyển dụng luôn .,Anger,4
per xem cái này đi tao coi phần 1 rồi này phần 2 tiếp nè,Other,0
đội cái mũ vào chết đéo ai . không có mũ xong đập đầu xuống đất chết không chết cho lại sống cuộc đời nửa ngáo,Disgust,3
"thớt này chụp kém vãi , 1 khung cảnh mà chụp tận 3 bức , 3 in 1",Disgust,3
điều hối tiếc nhất cấp 3 là chưa kí lên áo của nhau 😢,Sadness,2
buồn thật ấy,Sadness,2
lũ người nhu nhược :),Disgust,3
thông minh 😂,Enjoyment,0
"kệ mẹ tao , tao thích nuôi chó thôi okeeee nó đéo bao giờ kêu tao bướng",Anger,4
bên trung về mảng tuyên truyền đỉnh ghê luôn á,Surprise,0
e thắc mắc là cố gắng 1 năm mà rủi ro khách hàng hay bên nhà sx dây không cảm động là ăn cám ạ 😌,Sadness,2
có gì đó sai sai ??,Surprise,0
em nghĩ chị em mình cần tìm hiểu quen biết nhau ạ ^^,Other,0
dume đọc bình luận bực giùm chủ thớt :))),Anger,4
gắp đúng lúc nhưng hình như đúng lúc người ta không muốn y ai ???? đó là 1 câu chuyện buồn,Sadness,2
t thề với mày là tối thấy cái này chắc đái con mẹ nó ra quần,Fear,1
đợi em đủ tuổi anh chờ được không ?,Other,0
đừng cứ đổ thừa cho ngành đường sất khi có quá nhiều anh não bé .,Disgust,3
chúng ta nên làm như vậy từ lâu mới phải,Enjoyment,0
đéo hiểu sao có đứa nghĩ là cứ chơi với nhiều trai là bị sờ soạn kiến thức hạn hẹp vãi cậu ạ,Anger,4
per muốn coi cái khúc vẩy xong rồi dừng lại làm sao ấy . kkkkk,Enjoyment,0
mua con lợn 50k được lì xì 40k . ok em ổn,Sadness,2
"mấy bạn nào có ý định tổ chức sn nv thì tém tém lại síu đi , nếu thích tổ chức sn kiểu nv ở đâu cũng vậy khi ra về làm ơn bo cho nv dọn phòng đó 200 300k gì đó cho có tình người síu nha 😂",Disgust,3
per coi phim này chắc chết luôn trong rạp,Fear,1
"nó quan tâm mày thì mày đừng vội mừng là nó thích mày , nó chơi chán rồi nó bỏ thôi .",Disgust,3
dân chơi nhìn cái biết ngay 🤣🤣,Enjoyment,0
phá làng phá xóm,Disgust,3
t nhận ra mình đã sai,Sadness,2
30s mặc niệm bắt đầu ...,Sadness,2
mặc váy kìa . thời trang ? hiện đại quá,Surprise,0
con thương ông quá,Sadness,2
nhìn mặt con chó tội vãi,Sadness,2
tu mà không dám cao đầu mà sau gọi là tu còn dám súc phạm vong linh người khác bà này là súc vật,Disgust,3
biết ngay anh per lại mượn đầm của vợ :)))),Enjoyment,0
đắt hơn sân bay luôn,Surprise,0
cmm lộ hết thông tin của người ta,Disgust,3
đã nguy hiểm vậy sao không hủy mà bán 0 . 0,Fear,1
bán không thu thuế luôn à,Surprise,0
t chỉ thấy tình yêu của tao nó tan vỡ thôi,Sadness,2
per :)))) buồn cười vãi,Enjoyment,0
thế 1 đứa con trai bỏ thời gian ra nói chuyện thân thiết với 1 đứa con gái không phải là nó thích con đó thì có con cặc nó làm vậy,Anger,4
chưa khi mô biết cảm giác đi nhởi trung thu với người yêu như răng,Sadness,2
móng này móc cua thì đỉnh 😹,Enjoyment,0
có mưa cảm giác như được sống lại :))),Enjoyment,0
mà nó đéo ' quan tâm thì càng đừng nghĩ nó thích mình nha :vậy,Disgust,3
vợ dùng phá quá nên boss mới thế 🤧🤧🤧,Other,0
haha biết ngây mà,Enjoyment,0
bể mẹ cái kính cường lực mới dán :#,Sadness,2
dù đúng hay sai cũng đừng bao giờ cãi nhau với con gáo đến cuối cùng mày vẫn sai .,Other,0
"cần gì xa hoa đâu , thế này là hạnh phúc , thấy thương và ngưỡng mộ ông bà quá",Enjoyment,0
sao nhanh như chớp vậy được,Surprise,0
nhỏ không dạy để lớn lên làm đĩ à ? phụ huynh kiểu gì thế ?,Anger,4
thằng kia làm nhẹ nhẹ thôi nhé .,Other,0
no ́ xâ ́ u tao thi ̀...,Disgust,3
thế là đã phần nào đoán được kết quả cuộc gặp tại hà nội,Other,0
bạn đã hiểu nổi khổ của mario khi mua vui cho bạn chưa :)),Sadness,2
cái đất nước này loạn luân mẹ hết rồi :))),Disgust,3
"ôi zồi ôi , nhìn cái mặt của ẻm kìa , yêu ghê :))",Enjoyment,0
phố mày co ́ đô ̀ người nghiê ̣ p tô ́ tao ghê :))),Other,0
per haha bữa 3 đứa mới phong trào xong,Other,0
mốc từ trong trứng,Other,0
"truy tố ra tòa chứ phạt hành chính gì ??? lừa đảo có tổ chức số tiền trăm tỷ , thêm tội truyền bá mê tín dị đoan ... 👎👎👎",Anger,4
xem tới đây dume ứa nước mắt 😞,Sadness,2
toàn “ nam thanh nữ tú ” mở mồm ra nói hay như sách giáo khoa . hành động thì như con c ..,Anger,4
thân là người yêu mình mong cậu có thể giống được như đôi mặc áo nâu ❤️,Enjoyment,0
😑 sao cái kết gì mà buồn vậy,Sadness,2
cô ơi nhiệt tình là tốt nhưng bản thân phải an toàn trước 😗,Other,0
"nói mưa là mưa v chời , tôi còn đi chơi đi học nữa mừ .",Sadness,2
"1 vị đắng của mưu sinh , 1 vị ngọt của hạnh phúc gia đình",Other,0
per xinh nhỉ :)) ngày xưa cũng xem phim này mà không để ý có cả bả,Enjoyment,0
"bởi đây là lý do tao không muốn xem điện thoại người yêu , nếu không nó xanh cỏ lâu rồi 😑",Disgust,3
còn gì hạnh phúc hơn trong cuộc sống này ♥️,Enjoyment,0
ai cũng từng bị bố mẹ chửi mắng . em ấy cũng vậy . là người lớn chúng ta lắng nghe và chia sẻ . nhiều người già rồi mà phát ngôn xấc xược láo toét mất dạy không thể chấp nhận được . chả bằng được cái đứa con nít còn tỏ vẻ ta đây,Anger,4
thớt làm chị mà ích kỉ vãi ...,Disgust,3
mấy thanh niên ngu học theo ngôn tình thấy chai bé không viết hết được lại mua chai 1 . 8 lít thì hơi mệt đấy 😂😂😊,Disgust,3
tuổi thơ của tôi =)),Enjoyment,0
việt nam cái gì cũng có thể ăn được,Other,0
per đang ăn mà sao cứ chỉa trym vô hoài z khắm s ăn 🙂,Disgust,3
khóc muốn rơi cả mắt,Sadness,2
kích thích vãi,Enjoyment,0
ám ảnh thật sự,Fear,1
per huhu em không biết phải đi xem phim với ai nữa 😭,Sadness,2
per gần nhà c ơi . hic hic,Sadness,2
"tại cái gậy thôi , còn đâu là vẫn đẹp",Other,0
"cái thằng adim này mày xàm quá oy đấy , biến khỏi trang tao nhé",Anger,4
đã sợ nhện rồi mà gặp thằng admin chơi trò mất nết :((,Anger,4
nhờ cái bếp như này . mà hồi nhỏ tao suýt đốt cả nhà và bị chửi đó :((,Sadness,2
"hốt về cháu có bón được cơm , mớm được sữa cho nó mỗi ngày không ?? nó chơi game cháu có rửa chân bón cơm để nó chơi nốt ván không ???? mai cô ship tận giường nuôn",Disgust,3
đọc tin nhắn đầu thấy cay cay ngay mũi,Sadness,2
per người yêu công sở nè 😂😂,Enjoyment,0
vậy là hên rồi,Enjoyment,0
per chiều anh bắn chưởng để em quay nhé,Other,0
per nghe chưa nhân viên mới ... kk,Enjoyment,0
ngáo nó có cắn đâu ??????,Other,0
dị ứng với kiểu nhắn tin riêng tư mà cả thế giới đều biết,Disgust,3
cười ỉa 😂😂 thây nó thét mà tao nghĩ dọn xong nó đi luôn cái cổ họng,Enjoyment,0
"em rất duyên , và có khiếu hài hước , nhìn mặt em thôi là chị đã muốn cười , ba mẹ chửi mà vẫn vui tươi như vậy thì đáng khích lệ mà , sao nhiều người bình luận nặng lời thế không biết , chỉ là vui thôi mà",Disgust,3
"má nó , mặc dù không có ý kì thị nhưng dume cảnh 2 thằng hôn nhau buông nôn vãi",Disgust,3
per lên lịch hẹn hò nhanh,Enjoyment,0
không biết chuyện gia đình người ta nhưng nhình mặt bà cũng thảo là thấy không có cảm tình ngay từ đầu .... mà nhờ bài viết này mới biết king coffee là của bả ... phải công nhận là nó uống dở thiệt .....,Disgust,3
nóng thế này cái thứ mày cho cũng không ăn,Disgust,3
tiếc quá ! nguyên nhân,Sadness,2
ấm lòng vãi huhu,Enjoyment,0
thế không tính vậy thì muốn cái bệnh viện thành mẹ cái bãi giữ xe à :)),Anger,4
ngầu vãi lìn luôn á :))),Enjoyment,0
giờ tao mới hiểu được hết những gì mà trước đây đọc bình luận tao đéo ’ hiểu 😂😂😂,Enjoyment,0
"lớp 2 xí mót được cái chong chóng , bán lại cho thằng hàng xóm 500d .",Enjoyment,0
tôi khóc lun ... huhu,Sadness,2
má như người yêu ??,Enjoyment,0
t chưa được rơi vào hoàn cảnh này nên cũng không biết nữa,Other,0
thề chứ .. phim nay xem đi xem lại không thấy chán ... vẫn như mớinxem vậy,Enjoyment,0
không biết vì sao họ vẫn cười nhưng mình thì khóc ...,Sadness,2
cho đi luôn bớt lo,Other,0
đoạn phim thôi mà ý nghĩa thế,Surprise,0
"lông xấu , không mượt bằng con ngu kia được",Disgust,3
"cái này gọi là truyền thống , không thể nói là quên được",Other,0
"đấy ... y đâu cần phải to tác , phải gào lên cho cả thế giới biết .",Other,0
per haha sao tôi nghĩ tới em liền luôn á,Enjoyment,0
chưa chia tay nữa mà còn khó đây,Other,0
thế đéo nào nó lại kẻ dưới đấy nhỉ,Disgust,3
oai đéo gì cái trêu gái :),Disgust,3
mình nghĩ bà thảo chiếm được công tình yêu là sẽ bán ngay cổ phần cho đại gia bên thái lan nào đó .. mong là chuyện này không bao giờ xảy ra,Other,0
lâu lâu lại mong mất điện để nấu cơm rác . nk mát 1 tí . chứ cứ 42 độ có mà khỏi ăn,Other,0
tội nghiệp thằng bé :)))) chúng mày bốc đâu mấy cái thẻ hay thế ??? :v,Sadness,2
áp dụng với đứa yêu mày thôi nha,Other,0
chời má . ngọt chết tao rồi :)))))),Enjoyment,0
"per đó là lý do tại sao em luôn nói với anh , có gì cũng phải nói ra",Fear,1
"phải em thì dume nó chửi thé thì đéo cần nói nhiều nữa . gọi c . an xuống kéo mẹ nó xe đi , kiểu gì cũng mệt thôi bác .",Anger,4
xài vietcombank sinh nhật cũng không được chúc luôn :((,Sadness,2
hôm đấy bổn cung về quê báo hiếu cha mẹ .,Enjoyment,0
chỉ có được cái chữ đẹp . hihihi ...,Enjoyment,0
trời má cute vãi lozzzz,Enjoyment,0
là do bản thân tao ngu thôi,Sadness,2
cho chúng vào nhà đá ! quá độc ác không giết người bằng súng như thế này là giết hàng loat đấy thât khốn nạn,Anger,4
không biết nói sao ... nghiện chuẩn mẹ rồi ... crush ợ . mà nó nhẫn tâm lắm hồi trước còn hay call video . từ hôm tao cạo trọc y như là mất tích luôn . chắc phải để tóc mọc lại tao mới dám gọi . 🤭,Enjoyment,0
nhân quả đến sớm lắm . đăng lên làm gì :))),Other,0
nhìn cái bà này tôi chỉ muốn xoạc bà 1 cái . sao bà không là con trai nhỉ . ông trời quá là trêu người rồi,Sadness,2
cho dù em có dành được bao nhiêu học bổng đi chăng nữa nhưng mãi mãi em sẽ không thể có được tôi 😅,Enjoyment,0
đã xem 2 lần bộ phim này 😁,Enjoyment,0
"ôi vãi , mày thật bất hạnh vì có lũ bạn như thế",Sadness,2
"đây là tây chứ mấy thằng việt nam như này , đảm bảo kêu ngáo đá :vậy",Disgust,3
xin lỗi đây mình vẫn nấu nhé,Enjoyment,0
bỏ quên não đó chứ đâu phải rác 😂,Disgust,3
"phim này quá hay . xem đi xem lại mãi không chán . đặt tay lên ngực "" mọi chuyện đều ổn "" câu nói kinh điển",Enjoyment,0
"thôi xong , biết thế tém tém lại .",Fear,1
"gym thì liên quan cặc gì đến bede , tuy gym nhưng người ta còn siêng tập nặng hơn mấy tụi bây nhé",Anger,4
mình bình luận chủ yếu muốn khoe mình là fan cứng thôi :)) các bạn không cần để ý,Enjoyment,0
bất cái con cặc . 21 cái trung thu tao vẫn 1 mình . tao có thấy bất hạnh đâu . khẩu nghiệp,Anger,4
số tao không được ăn uống mà :((,Sadness,2
rửa bát cũng được nấu cơm cũng được giặt quần áo cũng được miễn là có ba mẹ vợ con là được . làm gì cũng được,Other,0
dume cho vào bảo tàng làm lồn gì -.- nhà khoa hc đã nghiên cứu sừng tê giác như móng tay của bạn thế sao không đem về mà chữa bênh đụ má rảnh ghê :((,Disgust,3
cô quét đi cô cho cháu hốt về với =))),Enjoyment,0
"tránh xa nó ra , nó ngáo đó , 8h sáng mà nó đòi đi ngủ là hiểu rồi",Disgust,3
hỏi nhiều nó lại cho vào đối tượng truy nã 😏,Other,0
per nhớ lại vẫn còn tức á cái lol mẹ,Anger,4
lo tương lai bị bỏ rơi của chú đi :vậy,Other,0
và sếp tốt có thể giúp ta vui vẻ từ sáng thứ hai cho đến tối chủ nhật 😀,Enjoyment,0
lại tạo điều kiện cho mấy chị fa vào thả thính . :)),Enjoyment,0
muốn nhai luôn cả trái đất,Anger,4
"per lại nhớ chiều nay , buồn cười sấp mặt luôn . :v dù mệt nhưng ngày nào tan làm cũng muốn được đèo đưa đi ăn kem , ăn đồ chua , ăn miến trộn như hôm nay cerrrr :v",Enjoyment,0
không ngờ tin nhắn riêng tư cũng phải kiêng nể nhắn tin để lỡ có bị chụp vẫn thấy chả sao,Fear,1
tao cũng ước mình có 1 tình yêu như ông bà ❤,Enjoyment,0
đau đớn quá sao phải tham mấy đồng tiền đó nhỉ,Sadness,2
quả này lại là nhà dột từ nóc rồi ;((,Disgust,3
"mong là chuyện không có thật , chứ có thật thì đau lòng vãi ra 😪😪",Sadness,2
per nguy hiểm luôn rình rập xung quanh chúng ta :((,Fear,1
trắc đấy là nyc của nó 🤣,Enjoyment,0
đừng hỏi tại sao giới tính cứ bị bẻ cong,Other,0
khóc hết nước mắt 😞😞,Sadness,2
đúng là chó cậy chủ mà 🤣,Disgust,3
chấp nhận đi mày .. chửi gì dữ vậy ..! mỗi người mổ việc mà ... nếu không thích thì kiếm việc khác mà làm ..,Disgust,3
":))) ở đoạn đó hồi năm nhất tao "" được "" họ lấy 100k , vì sáng sớm đem duy nhất 100k trong túi , thế là nộp luôn :))))",Sadness,2
per đọc nhầm con nhện thành con gián :)) thật khó hiểu,Other,0
may mà bà già bảo năm hạn đừng đi chứ không hạn thật,Other,0
cái giống mắc zại nhất từng thấy :)),Disgust,3
bắn cái lũ khốn nặn kia ra . mấy ông bà lại ăn cho lắm tiền vào . để cả 1 thế hệ trẻ em bệnh tật . làm cho ra lẽ đi . bọn này bắn cmm nó đi . quá là ác,Anger,4
đéo có não à,Disgust,3
"không biết bác dạy ra sao mà đến nỗi . còn tao dạy nhận tiền mặt , dạy 10 ngày là phụ huynh trả luôn tiền tháng đó chứ không có nhập nhằng gì hết",Disgust,3
"thực ra bị bóc trên mạng thì thường là bẩn thỉu , không phân quê quán",Other,0
ôi không đọc được bài của chị thì em vẫn tin tưởng cái group đấy lắm,Disgust,3
"tính ra là 1 cuộn keo 2 mặt sẽ giải quyết được moiij chuyện =)) , cơ mà ý thức như lồn thật :v",Disgust,3
"chỗ đó không có , họ thấy lạ , chứ như tao lần đầu thấy trên internet tao cũng lạ , chửi gì ghê thế",Disgust,3
khổ thân các cháu,Sadness,2
"nước bẩn quá , toàn rác !",Disgust,3
chỉ những người độc thân thôi,Sadness,2
nhìn cái muốn cong :d,Enjoyment,0
"thanh niên bỏ nhà theo trai rồi bầu bắt sen chăm , thứ hoàng thượng dâm tà",Disgust,3
"t đợi cái post về loài hãm lòn này lâu lắm rồi nhá . dcm nhìn ngốc nghếch thế thôi mà dữ lắm luôn , có lần tao cúi xuống cầm gậy đuổi nó vào chuồng mà nhân lúc tao sơ hở rón rén đến suýt táp vào đít tao . lúc ấy sợ tụt lòn vì chỉ còn có 2 bước nữa thôi là nó đớp gọn tao rồi .... có hôm tao vừa ngờ nghệch ra vườn hóng mát thì cả đàn , cả đàn nhé . dí tao chạy quanh vườn , con nào con nấy vênh cổ lên chạy theo tao . nhờ nó mà suýt chút nữa tao chết vì đau tim ....",Disgust,3
ly hôn cũng phải hoành tráng chứ .. còn phải làm to hơn kết hôn mới được 🤣,Enjoyment,0
mèo nhìn dễ thương mà ác vãi < 3,Disgust,3
dễ thương vậy chời,Enjoyment,0
bạn gái trong ảnh lưu hình gửi cho công an xã chết con mẹ bọn nó đi :))),Anger,4
các bạn buồn cười vãi cả đái . người ta đỗ ở đường chứ có phải trong nhà bạn đéo đâu mà nhặng lên .,Disgust,3
ngu chưa . đăng lên để rồi bị chửi,Disgust,3
nhìn con bé thấy cưng ghê chị ơi,Enjoyment,0
per anh bạn tồi nhất quả đất này,Disgust,3
cho ̣ c mù mắt tao đi 🤣🤣,Disgust,3
đồng đội chơi tốt quá hahaaa,Enjoyment,0
kinh vãi,Fear,1
lợi ích của việc không nghe lời vợ ??,Other,0
cho về hết chứ cứ lương không mà không làm thêm gì mà có nhà lầu xe hơi thì lấy ở đâu ???????? không phải đùn đẩy .... cho về hết bọn nó mới hết không tìm ra nguyên nhân .... không có sao phụ huynh dám nói ....,Anger,4
"phải nói là hài tàu hay thật đấy , luôn li kì và khó đoán kết quả , ý nghĩa thì thâm sau . hihi thích rồi đó",Enjoyment,0
giờ lắm bọn biến thái thế,Disgust,3
chị đầu tiên buồn v :((,Sadness,2
trời ơi tao chóng mặt quá đi :((,Sadness,2
"đúng kiểu tham lam mà tài năng thì có hạn , miệng thì bảo sợ ông vũ làm sạt nghiệp trung nguyên nhưng bản thân trước đó lại làm lỗ của công tình yêu 1700 tỉ , mụ đàn bà mặt dày",Disgust,3
có tay mà người bị cụt tay . ko bao giờ sử dụng bàn tay đó . ngu trở lên nổi tiếng .,Disgust,3
dume đồng nghiệp gặp hlin thì chỉ muốn nghỉ thôi,Anger,4
ko nghe lời vợ mới là mấu chốt :),Other,0
"nói bao giờ cũng dẽ hơn làm , mà mặt 2 đứa này nhìn như mất mẹ dây thần kinh gì đấy",Disgust,3
"sản phẩm tốt đấy , có tính ứng dụng cao",Surprise,0
nếu đồng nghiệp của bạn hãm vãi thì cũng nên đăng xuất đi hiền hana,Disgust,3
"tao cưới rồi , cưới nữa cho vợ tao chém tao chết à",Fear,1
"tuyệt vời , chỉ cần họ thấy vui và hạnh phúc",Enjoyment,0
ngu quá là ngu đậu xe gì mà sát đường ray tàu hoả thế chứ .? quả này người ta còn phạt thêm cho nữa chứ đâu phải lát xe mà xong đâu ..?,Disgust,3
cẩn thận mày lại có cháu sớm 🤣,Enjoyment,0
yêu hay không yêu không yêu hay yêu nói 1 lời 😂,Enjoyment,0
tao cũng hay sử dụng chiêu này và bọn đàn ông vẫn cứ bị lừa ????,Enjoyment,0
"thật sự mình rất thích bạn này , xem phim mỗi tập cứ canh đúng cảnh có bạn ý , dễ thương quá 😗😚😚😚😚😚",Enjoyment,0
bọn ngáo này mà cũng có người sợ nó nữa hả,Surprise,0
em đã bao giờ nghĩ đến mối quan hệ đồng tính ?,Other,0
"từ khi lấy vợ , làm vlog thiếu muối hẳn huhu",Sadness,2
nhưng đứa bạn thân đều là lũ khốn,Disgust,3
"vợ người ta chưa bao giờ làm tôi thất vọng , còn vợ tôi thì ..... đi hết 1 / 3 cuộc đời rồi vẫn chưa tìm thấy 😓",Sadness,2
hỏi nhây khiếp,Disgust,3
có tiền sẽ thấy các vị gọi là thượng hạng còn không tiền sẽ chỉ thấy vị mặn của mồ hôi + nước mắt,Sadness,2
nước biển sao đục quá nhỉ,Other,0
"người đàn ông ốm đau nói với vợ mình :” ở lại với anh ” rồi cầm tay bà . đó là tình yêu , vỏn vẹn 20 năm ngắn ngủi . tình yêu bố dành cho mẹ",Enjoyment,0
con ngu dù bố mẹ có là người như thế nào đi chăng nữa thì cũng là người đẻ ra mày nuôi chúng mày lớn khôn lớn lên không báo hiếu được gì lại còn sủa bậy,Anger,4
hy vọng mọi điều tốt đẹp sẽ tới,Enjoyment,0
t cũng buồn lắm chớ bộ 😓😓,Sadness,2
t đã thử rồi mà dume vẫn la :)))),Sadness,2
ý thức tồi,Disgust,3
"má , sờ mông có cái mà táng bố ..??",Anger,4
trò này cũng nguy hiểm chết người đừng đùa theo mà mang họa,Fear,1
nhìn cái mặt cưng vãi,Enjoyment,0
sáng kiến hay đỡ bao nhiều tiền để tiêu hủy,Other,0
đéo có lol gì là buồn cười,Disgust,3
"per tiền bạc là phù du , quan trọng là tình nghĩa",Other,0
k tiền cạp đất mà ăn ah @@,Other,0
thứ thiếu ý thức ... nhưng lên mạng thì dạy người khác,Disgust,3
có mà thần kinh hơn ấy 😑😑😑,Disgust,3
đéo hiểu chó hay người .,Disgust,3
đau chán riết quen có cái lol gì phải than vãn :)),Disgust,3
một bộ phim rất đáng xem !!,Enjoyment,0
"đâu phải có tiền muốn làm cha ai thì làm , gì cũng vừa phải thôi . ý thức từ nhỏ không được dạy dỗ cẩn thận",Disgust,3
mấy lần đi ngang hết hồn,Fear,1
"anh giờ thích ai rồi , không còn giữ câu nói trước kia nữa đâu nhỉ . ừ gần 1 năm rồi cơ mà :((",Sadness,2
công nhận già thật,Other,0
"hà nội làm con người ta trở nên nhỏ nhen và bon chen , luật thi áp dụng như cứt nó chỉ giành cho người có tiền và có quyền",Disgust,3
chán vãi dạo này ngủ sớm quen :))),Disgust,3
"hồi nhỏ hay bị ngỗng rượt , vừa chạy vừa khóc la 🤣🤣",Fear,1
lại mưa 😞,Sadness,2
bố mấy con trẻ trâu :)) tưởng thế là hay :)))),Disgust,3
chả có tiền mua 😩😩😩,Sadness,2
đề nghị admin xóa bài đi ạ . chứ bố mẹ em sắp đi chợ về rồi ạ :(((,Fear,1
sao mày không ngủ chung với cả mẹ mày và em mày ?,Other,0
haha con mấy cái video toàn đóng vào mỏ nhau không . cười tụt quần 🤣,Enjoyment,0
thế đéo nào lại ra được nhỉ ??,Surprise,0
vẫn là chính sách trên giấy tờ,Other,0
sớm muộn củng chết đuối à ;))),Other,0
bức ảnh xuất sắc ❤️,Enjoyment,0
việc đớn đau nhất . là nhường người mình yêuu nhất cho 1 người khác 😔😔😔. chỉ vì đơn giản không muốn ai phải đau buồn,Sadness,2
ủa mắc gì gỡ fan cứng của em ? huhu,Sadness,2
"ai cho mình xin tên phim với , mình không xem được 😢",Sadness,2
tao đang đọc cái lol gì đây :)) sao lại thành truyện giáo dục rồi dume,Surprise,0
mặt ô kia khát nước nhìn buồn cườ thế 😂😂,Enjoyment,0
tao bị bỏ rơi rồi,Sadness,2
tao nhìn tao thấy ghê vcd ấy 😂😂,Fear,1
cậu nhỏ có tăng lên không 🧐,Other,0
"bạn trai tao cắt tóc xong cái đầu như cái đầu buồi , không lệch vào đâu được 🙂",Disgust,3
bây giờ gọi hành hiếmkkk,Enjoyment,0
chúng mày đã bao giờ bị hất cả cốc nước vào mặt vì mặt không bao giờ tươi cười niềm nở chưa ?,Sadness,2
người yêu mày cắt tóc hay là đi đầu thai lại thế ???,Surprise,0
sự thật thì cố suy nghĩ vui vẻ hạnh phúc mà trong túi không có tiền chỉ sợ đất cũng không có mà ăn,Sadness,2
tao tháy gái nguy hiểm vãi,Fear,1
"chạy tới đưa đồ cho nó , trượt chân té sấp mặt luôn",Other,0
hẳn là con số đẹp 😍😍😍,Enjoyment,0
còn 1 tháng nữa thôi khép lại những ngày tháng vui buồn nhưng luôn có người bên cạnh sẻ chia không lo lắng của tuổi thanh xuân cái tuổi đẹp nhất của cng,Enjoyment,0
tao còn không dám ăn nói chi ruồi .,Fear,1
sợ vãi linh hồn,Fear,1
có thì tốt nhất đừng có giận vì ngoài kia bất cứ thằng nào cũng sẵn sàng dỗ dành bạn gái của bạn 😋,Fear,1
bốc phốt khách thế không sợ mất khách à bác ??,Other,0
ừ mỗi lần thế lần buồn kinh lắm mày ạ,Sadness,2
lâu lắc chưa xem lại !!! 😳. một bộ phim vừa ý nghĩa vừa hài hước ! 👍,Enjoyment,0
"gắng , nhanh khỏi bệnh rồi về bên anh",Enjoyment,0
đề này đối với lực học lớp 9 đâu có khó . cẩn thận chút là được,Other,0
nghe bài này đau lòng quá mà,Sadness,2
má . đang định đi chụp :((,Fear,1
ai muốn tránh đường đông hỏi người dân đường trong núi nhé !,Other,0
"những hành động đẹp , đáng được trân trọng , và sẽ được lan tỏa ở mọi nơi , thật tuyệt vời 😍",Enjoyment,0
vào siêu thi mua ghế masage chạy điện ra mà ngồi cho chúng nó choáng ! vừa đỡ mỏi chân lại khỏe người !,Enjoyment,0
"tao nói té 1 cái không dập mề thua gì cũg thua , trĩ nội trĩ ngọai nguyên chùm =)))",Fear,1
năm sau nữa quyết định nằm cho đỡ đau lưng 😁😁,Other,0
bé xinh quá,Enjoyment,0
bài hát đầu tiên của phim là gì nhỉ quên mất rồi . bạn nào thông não cho mình phát,Other,0
đây là trẻ ghé chứ gì nữa ~~~,Disgust,3
"t chẳng muốn phải nói "" suýt nữa thì .."" một lần nào nữa trong đời của nhau nữa đâu ... vì vậy sẽ trân trọng khi người tới .",Sadness,2
per cái đoạn vén tóc là quen lắm nhá . thích lém ý,Enjoyment,0
"thề , phim này xem đi xem lại gần chục lần . 😄",Enjoyment,0
phim chuẩn chưa này =)))),Enjoyment,0
"per thì mấy ông nhậu bắt sạch , còn đâu mà phá hoại",Other,0
ô .. còn lâu lắm ...,Other,0
đã năm 2000 . người ta cho mượn 200 tr rồi .. từ đó về sau nhà người ta có cần 25 tr / tháng hay không ???,Other,0
"tao cũng như mày đây . không sao cả , hãy tự hào vì tên mày vẫn rất đẹp",Enjoyment,0
cho nó đỗ tí mất gì đâu,Other,0
người ta nói ngu thì chết có gì sai ?,Disgust,3
dễ thương vậy,Enjoyment,0
chắc chưa :))) si nghĩ kĩ lại đi,Other,0
má con đĩ mèo nó đanh đá thế,Disgust,3
"từ nay sẽ không cap màn hình ib nưa , thật tội lỗi tội lỗi",Sadness,2
t chỉ muốn khoe là tao vẫn được nghỉ 1 tuần nữa =))))),Enjoyment,0
biết chứ dã từng sài,Other,0
ấn tượng vãi :v bàn tay vàng trong làng vẩy khế :v,Enjoyment,0
thích quá mấy má ơi ! @@@,Enjoyment,0
không ngon như lần trước nữa,Disgust,3
mặt thái độ vãi,Other,0
cũng muốn kết hôn lắm mà đến giờ vẫn chưa có người yêu 😭,Sadness,2
sẽ hấp dẫn hơn khi dưới sông có cá sấu :)) lót dép hóng,Enjoyment,0
xem nà ra chiêu nà gẫy cây nà sấp mặt luôn nà 😂😆,Enjoyment,0
"per nhà giáo áp lực quá nhỉ , giống làm dâu trăm họ .",Fear,1
"bọn giết người không dao tử hình cái thằng cung cấp thực phẩm bẩn vào trường , những đứa liên quan còn lại cho vào tù hết .",Anger,4
tao thấy đéo có cái gì để tao cầm được cơn cười cđcm nó ! :)),Enjoyment,0
gần 10 năm rồi coi đi coi lại cũng gần 30 lần . nhớ !!!,Enjoyment,0
phụ nữ ngày xưa toàn cực phẩm :v,Enjoyment,0
xoá sổ toàn phần cơ sở cung cấp thức ăn khốn nạn này bằng cách cho chúng mỗi đứa một mũi tiêm thuốc độc . còn hiệu trưởng các trường bỏ tù vĩnh viễn .,Anger,4
tử hình cái bọn giết người hàng loạt này đi,Anger,4
pháp luật là bạn của nó rồi anh ah vì quen anh anh chị b trên quận ah nên em cũng sợ lắm ah :-(,Fear,1
"biết có người binh mà mới chửi lại đó , con hư tại mẹ thui",Disgust,3
chị khổ mấy cô giáo viên giám đứng ra tố cáo . sau này bị làm khó hoặc trả thù,Sadness,2
trời trời ! như là nói lên nỗi lòng của thẩm phán vậy :)))),Other,0
má tao xem mà lo thằng quay phim tét không à ? có ai như tao không ?,Fear,1
đm rơi mẹ điện thoại xuống đất 🙃,Other,0
mới gọi điện thoại xong mới cười với tuii xong heheh anh đáng yêu vãi,Enjoyment,0
bướng vừa vừa kiểu đáng yêu chứ mà lồng lộn thì thôi làm bà nội chứ yêu đương đéo gì,Disgust,3
vâng với 1 pha chống gậy tinh tế anh đã làm cho người xem 1 sự bất ngờ,Surprise,0
evn nó đéo thích đâu nhé .. nó chỉ giả vờ lươn lẹo nói thế thôi ..!? 😁😂🤣,Disgust,3
ông tổ của những cái sừng là đây sao ??? 🤣,Surprise,0
thế mày nằm viện nào tao vào thăm luôn cho động lực,Other,0
"xem mà đau lòng , đau lòng nhưng vẫn xem :((((",Sadness,2
cuộc sống thật chua cay với tao,Sadness,2
"trước đây mình không thích xem phim việt , nhưng mấy năm nay phim việt chiếu phim nào cũng hay . tự dưng không thích xem phim hàn quốc nữa .",Enjoyment,0
"còn là học sinh nhưng tố chất lừa đảo đĩ điếm đã thể hiện ra rồi , nếu nó muốn nổi tiếng , thì đưa mặt nó lên đi thớt",Disgust,3
"bọn 6 múi yêu nhau hết rồi , tao bụng mỡ đây , tao vẫn thích con gái đây !!!!!",Enjoyment,0
trung thu là tết thiếu chi chả liên quan chi đến việc tao không có gấu,Anger,4
thằng nào con nào nuôi ác quá z,Anger,4
cám ơn đã cho tôi cuộc sống này,Enjoyment,0
nghe tình vãi =)))),Enjoyment,0
thất tình đi nghe nhạc chúng nó còn ngồi trước mặt ôm nhau . hận,Sadness,2
vô liêm sỉ,Disgust,3
mẹ bế đứa nào thì là mẹ của đứa đó nhé,Other,0
công nhận nó phê như vậy thật 😂,Enjoyment,0
này thì câu thích 😂😂😂,Enjoyment,0
lời được cánh của sắt tàu hỏa ngon rồi,Enjoyment,0
"sửa luật , tóm cho vào tù . tình nguyện mãi sao được .",Disgust,3
t coi đi coi lại mấy lần để xác định con nhện nó phóng qua tới cái điện thoại hay là nghệ thuật )))),Other,0
lúc ra hà nội ở ngay phố đào tấn mà không biết chổ này 😢,Sadness,2
m vừa tuột quần xuống nó sẽ hôn con họa mi của mày,Other,0
cả 2 đứa đều ngu khi có mồm mà không nói =]]],Disgust,3
một thời để nhớ,Other,0
đúng chất dân miền tây hahaha,Enjoyment,0
24 tuổi thấy đời đắng và khá mặn,Sadness,2
một cái ỉn mông xong hết 😂😂😂 dăm ba cái võ thuật 😂😂😂🤣🤣🤣,Enjoyment,0
đáng yêu quá . chúc ông bà thật mạnh khỏe mãi hạnh phúc như vậy 😍,Enjoyment,0
per con người dù có bị trừ hết điểm cũng chạ thèm quan tâm ạ 🙂,Disgust,3
đấy có phải con người không nhỉ ? mà sao lại làm thế,Surprise,0
ủa vậy hả mới biết ta,Surprise,0
vậy thì các bác chưa biết rồi,Other,0
tài xế để não trong háng hay sao mà thích chơi ngu lấy tiếng thế,Disgust,3
họ hành động quá đẹp,Enjoyment,0
"xem phim mà cứ nhìn cặp chân của ổng , chân gì mà dài thường thượt . chồi ôi 1m87",Enjoyment,0
đọc bình luận mới thấy nhiều người hãm thật sự :))),Disgust,3
em nuôi con lợn mấy năm rồi mà vẫn trống rỗng huhu 😭😭😭,Sadness,2
nhìn bọn có người yêu khổ chưa kìa .,Other,0
ước mơ tao 🙂 chỉ có thể sao chép lại và tao lên màu cực xấu !,Sadness,2
lúc buồn là đi phựt thì thôi rồi như kiểu cuộc đời đáng sống ý,Other,0
thôi mày cố lên . đỡ rồi cũng tốt,Enjoyment,0
"dume , em tao mà bị thế này thì tao xiên mỗi đứa một nhát , đi tù cũng được",Anger,4
đơn giản là thấy họ cười 😂😂,Enjoyment,0
per 😂😂😂 còn nhớ không ???,Enjoyment,0
hay lắm em êiiii,Enjoyment,0
t nói tao bị ngỗng dí đúng sáng sớm bọn bạn cười tao . 😂 còn bồ tao thấy tao bị dí đứng cười 😪,Disgust,3
nhớ lại kỷ niệm này buồn quá,Sadness,2
"thì rõ ràng là bịa mà , cơ bản để cảnh tỉnh suy nghĩ của con người hiện nay thôi bạn",Disgust,3
"lúc trước ông với bà tao cũng thế , bây giờ thì ông bỏ bà đi trước rồi .",Sadness,2
tao mừng quá vì tao biết chắc chắn hôm nay crush của tao không bị thịt . ahihi .,Enjoyment,0
xót thì mang về mà dạy đi . xưa đi học suốt ngày bị quỳ chép bài trên bục giảng chả sao giờ thì sểnh ra 1 tỵ là kiện tụng . đừng có lạm dụng mxh mà lên án người khác .,Disgust,3
hôm qua xem cười lộn ruột,Enjoyment,0
buồn là cái gì mày,Other,0
tao ám ảnh việc lau sàn,Fear,1
mong ông bà được nhiu sức khỏe,Enjoyment,0
có con gái thật tuyệt ! 😍,Enjoyment,0
nhìn vậy thôi mày bóc tách múi ra là bình thường ngay mà,Other,0
giống chuyện của chúng mình quá . chả biết sẽ cùng anh đi bao xa ... nhưng hạnh phúc khi có anh luôn bên cạnh ??,Enjoyment,0
xem xong rồi mà có cảm thấy gì đâu ??,Other,0
xấu còn đóng vai mất dạy,Disgust,3
bọn lừa đảo,Anger,4
buồn quá buồn,Sadness,2
tuy dáng đứng có hơi lỏng lẻo nhưng những đường quyền của ông này thật như lol,Disgust,3
nếu lái xe là dân đen thì thế nào chú . có dám đậu ở đóa không,Other,0
khi đủ trưởng thành và kinh tế . cơ mà nhỡ bác sĩ bảo cưới thì cũng phải cưới thôi 😂,Enjoyment,0
cho nghe lại cái khúc đó đi anh hai à :v,Other,0
ông thần tài cũng không dám ăn luôn,Fear,1
buồn cho số phận 😢,Sadness,2
nhà tao nhận coi giữ xe nha :3,Enjoyment,0
may cho mày con nhà gia đình khá . chứ nghèo như tao khổ rồi .??,Other,0
mới thấy bài này trên phòng trọ đn nữa này . bạn ơi mình cùng thành phố này :v,Enjoyment,0
cục súc vậy ai chơi,Disgust,3
"bọn nó nhỏ mà đã có người yêu , còn tao thì ế :((",Sadness,2
cần địa chỉ để đặt một bạn người yêu có chiều cao như anh thứ 3,Other,0
"hồi nhỏ đi ngang nhà hàng xóm con quỷ này dí tao từ ngoài đường vô tới trong nhà tao nó vẫn không tha , ba mẹ tao nghe tao la chạy ra chụp cổ nó quăng ra sân nó mới chịu đi . ám ảnh tuổi thơ 😅😅😅",Fear,1
chuyển từ thất tình sang muốn chết vì quá chán :((,Sadness,2
cái cuối phê vãi,Enjoyment,0
"giá trị lịch sử văn hoá gần nghìn năm đã mất đi rồi :((""",Sadness,2
ý bảo mày treo cao vãi đấy . hạ tiêu chuẩn thấp chút bằng cách ngồi xa sóng ra đi tml .,Disgust,3
năm nào cũng mua 2 cái đăng ảnh sống ảo xong cất ăn chống đói dần dần :),Enjoyment,0
tao cute mà các mày,Enjoyment,0
có tiền chưa chắc đã ngọt nhưng nếu không có tiền chắc chắn là đắng .,Sadness,2
ơ ̉ viê ̣ tao nam sao được như vâ ̣ y,Other,0
tủi hổ với bản thân ghê khi tao vẽ người mà mẹ tao hỏi : hóa ra đây là hình dạng thực của quỷ sao ?😑,Sadness,2
đkmm xuống đáy biển mà viết luôn đi thằng lồn =)),Anger,4
đồ khùng cơm đâu có mắc đâu mà phải làm vậy .,Disgust,3
haha tao trúng số thật này,Surprise,0
"ủa tại sao không nghỉ việc luôn đi , hay lương tâm không còn chữ đức nữa",Anger,4
lấy củi chứ bao nhiêu rơm cho đủ,Other,0
per không biết còn nhớ tên tao không nữa 😑,Sadness,2
viết tay phải mẹ mày đi . đụ mẹ mày :)),Anger,4
chuẩn bị hết ế :)),Enjoyment,0
"cả 2 bà đều mất khi mình nhỏ , không hưởng thụ cảm giác này rồi",Sadness,2
"và mày chỉ cần lùi về sau , như ít quan tâm và nhắn tin lại mày sẻ cua được crush 😎😎",Enjoyment,0
bạn có bố thật hạnh phúc,Enjoyment,0
ý thức 😂,Other,0
"dume mày là con gái đó , còn tao thì :dume mày có xuống không thì bảo",Anger,4
per trung thu chia tay gấu à ? bất hạnh nhỉ,Sadness,2
bông hoa nhài cắm bãi cứt trâu :)),Disgust,3
oimeoi tao thấy được tao ngày xưa đây rồi =))))),Enjoyment,0
t không nghiện trà nên tao thấy bình thường mà,Other,0
cắt . cảm ơn đoạn giả dối kia đã giúp các bạn trẻ có thêm niềm tin về 1 tình yêu đẹp 🤣🤣 riêng tao đéo tin nhé,Disgust,3
hahahaha tao mắc cười ghê . nhớ cái hôm sinh nhật tao ghê . chắc mấy mẹ ở guru cũng rủa dữ lắm hahaha per,Enjoyment,0
chuẩn 😏😏😏,Enjoyment,0
một mình tao ăn hết 1 nồi lẩu từ lúc tối 😭,Sadness,2
dm chúng mày bị bệnh à kiện chết con mẹ mấy thằng ấu dâm bệnh hoạn này đi,Anger,4
con trai giờ mất giá v luôn hã mấy chế :))),Disgust,3
per kỷ niệm nè !!!,Enjoyment,0
per nếu bạn chưa có việc làm :v,Other,0
có 1 đứa hợp tác vậy là cũg quý hoá quá rồi,Enjoyment,0
dume nhát ma vậy ai coi,Disgust,3
chiến lược kinh doanh của người nhật thật đang suy nghĩ,Other,0
quả váy màu hường nam tính .,Other,0
"ngồi xa ra đụ mẹ mày :""))",Anger,4
😐😐 phê hơn lá chuối,Enjoyment,0
per phá gia chi tử chính nó ????,Anger,4
tuổi trẻ tài cao là đây,Enjoyment,0
nhìn móng tay bác này mà tao thèm lòng chó quá per,Enjoyment,0
thật là đáng sợ,Fear,1
"hiện tại mình cũng muốn kết hôn lắm . ngặt nỗi hai gia đình ngăn cản giữ dội , phản đối kịch liệt chuyện hai bọn mình đến với nhau :( nhất là chồng cô ý",Sadness,2
đó là khi anh per cưới vợ đó 🤣,Sadness,2
vui tính quá ?? vừa kết bạn xong ??,Enjoyment,0
😑 con trai chỉ thích gái lùn thôi . tao biết mà . nhưng cô gái cao như tao đi cạnh sẽ giống 2 thằng đàn ông lắm,Disgust,3
"cấm dừng đỗ thì bạn gọi công an phường , post lên đây làm gì",Disgust,3
coi như giải thích rồi nhé,Other,0
ngôi nhà bên dòng sông rõ đẹp . tiếc là sông toàn rác,Disgust,3
"nói chứ uống đi , 1 ly thì giảm ăn một bữa sẽ không khiến mày phì đâu .",Enjoyment,0
đứt quả chuối trong mồm . đéo dám nghĩ kết quả lun,Fear,1
mới đi nhổ răng số 8 và chụp 😞,Sadness,2
nghe ức chế vãi lồn nhỉ . dume mẹ bọn con trai,Anger,4
sự thất bại của giáo dục,Disgust,3
cưng thế =)),Enjoyment,0
bóng đá thể thao mà làm mấy cái thể loại băng ron khích tướng vãi .,Disgust,3
ui nghe ấm thế,Enjoyment,0
hồi sinh viên mình dùng cái này đó,Other,0
sao mình gặp toàn thằng mất dạy hay bắt nạt mình nhỉ ? tuổi thơ bất hạnh :),Sadness,2
có gì mà vinh quang một bàn tay bị tật,Disgust,3
"thiệt tình chỉ thấy gớm thôi , chớ chẳng hay ho gì .",Disgust,3
nicholas liang nhà xài cái này phải không ?,Surprise,0
câu chyện cổ tích thật ý nghĩa 😂😂,Enjoyment,0
per năm nay 2 đứa quyết định ngồi hay đứng kkk,Enjoyment,0
chúng mày nhục thế đéo dám công khai ảnh của chúng mày đi,Disgust,3
tội thằng per vãi,Sadness,2
huhu lần trước đi chụp răng . thằng kĩ thuật viện cho bạn vào cái máy to đùng xong nó bảo ngồi im . nó bật máy xong chạy ra ngoài đóng cửa với tốc độ ánh sáng .,Sadness,2
mai đi bán miếng năng lượng thôi 😂,Other,0
cái khó ló cái khôn :))),Enjoyment,0
per nó tấn công tao với mày đó,Other,0
hồi nhỏ tao đi bệnh viện chỉnh hình về kể mọi người là có ông kia ho gãy xương sườn đéo ai tin cả ??,Other,0
vợ với con chả được tích sự gì ! toàn làm hết hồn ??,Anger,4
quả váy hồng truất vãi_chưởng,Surprise,0
"đù . tròn ung ủng , chân tay ngẵn cũn như tao nhảy sao",Sadness,2
k nuôi thì cho người muốn nuôi đi chứ để em nó bọ ve tùm lum sót quá ????,Sadness,2
vẫn xinh phết nhỉ ??,Surprise,0
và ông đã có nỗi buồn mới thay vì buồn thất tình,Sadness,2
per kết truyện chất ghê :)))))),Enjoyment,0
"rớt mũ trước , sau là rớt đầu . con với cái mắc dại thiệc 😂",Disgust,3
"hôm bữa đi ngang qua , thấy hết con mẹ nó hồn",Fear,1
vl thánh nào ghép nhạc lầy vãi,Other,0
per tao với mày làm chung thì sao nhể 🤗🤗🤗,Other,0
hay lắm . thằng anh giúp 2e thêm yêu lao động,Enjoyment,0
bao giờ lại chiếu ạ,Other,0
anh ơi đây này per,Other,0
cho nó ăn rau má đi,Other,0
mong manh dể vở 😂😂,Sadness,2
về vườn rồi sớm quá,Other,0
thanh niên co ́ em hoan hy ̉ qua ́ :))),Enjoyment,0
có ai thừa biết nó sẽ nhảy vào điện thoại nhưng cuối cùng là vẫn giật mình không 🤣,Enjoyment,0
ranh con mà láo toét . xem đến đoạn này mà phát bực,Anger,4
nó đang lợi dụng mày,Disgust,3
k bă ̀ người 1 con cho ́ anh =))))),Disgust,3
lũ kiến ở nhà mày thích vậy .,Enjoyment,0
per tập gym xong để đi nhảy thế này à 😂😂😂,Other,0
per năm sau nhớ lấy gối ra quỳ luôn ha 🤣🤣🤣,Enjoyment,0
vn nó là vậy,Other,0
đây là video hay và ý nghĩa 😊,Enjoyment,0
đcm hả hê cái lol gì chuyện này cơ chứ,Anger,4
hài bựa nó vẫn hay hơn bọn cố tỏ ra chảnh trong khi như lol :)),Disgust,3
không có đạo đức nghề nghiệp rồi :))),Disgust,3
"ngày ngày đều nhìn qua cửa sổ chờ nó đi học ngang qua , nhìn sau lưng thôi cũng đủ vui rồi hhhhhhhhhhhhhhhhhhhhhhh",Enjoyment,0
nhìn vừa tội vừa thương ????,Sadness,2
con bé xinh thế,Enjoyment,0
cho tao hỏi tình hình bà mẹ thế nào rồi 😂🤣,Other,0
chúc bạn có một ngày vui vẻ 😳,Enjoyment,0
mấy con lồn này lắm nữa 🙂,Anger,4
xong là phê lắm mày,Enjoyment,0
"nhiều người nói con này giả ngu câu thích , nhưng xem lại nhiều lần thấy nó ngu thiệt chứ không phải giả bộ",Disgust,3
tâm sự không đúng người ngoài việc họ cười vào mặt bạn,Fear,1
đậu xe kiểu vô văn hoá .,Disgust,3
kể cả là câu chuyện không có thật thì nó vẫn là một lời nhắc . sân si cái đầu buồi à .,Disgust,3
boss có bộ đồ ngủ đĩ thõa ghê gớm 😅,Enjoyment,0
tao ghét nhất mấy mẹ ngoài bắc cứ ỉ lớn tuổi hơn là có quyền chửi người khác là láo toét trong khi mình nói chuyện như l đcm gặp tao tao rút chìa khoá xe của mụ ném ra thật xa cho đi nhặt xem lúc đó gọi con bả kiểu gì . moá lắm lúc không muốn tạo nghiệp mà gặp mấy con mẹ già mất nết này điên thật chớ,Disgust,3
tự hào ngồi mâm dưới,Enjoyment,0
ôi vãi mình lên fan cứng rồi cơ 🤗,Enjoyment,0
dù ra sao vẫn giữ nụ cười và sự tự tin,Enjoyment,0
quảng cáo đéo gì tao thấy đáng sợ vãi .,Anger,4
lêu lêu đồ con nuôi,Disgust,3
này gọi là theo kịp thời đại :)))),Enjoyment,0
ụa cho fa đọc chi rựa huhu,Sadness,2
êu ơi mỏng manh thế ??,Other,0
rất hợp lí,Enjoyment,0
bộ phim hấp dẫn quá,Surprise,0
dume s giống suy nghĩ tao thế nhỉ :))) hihi,Surprise,0
còn tệ hơn năm ngoái,Sadness,2
nụ cười của crush kích thích vãi :)))))),Enjoyment,0
cười vãi :)),Enjoyment,0
ôi đáng yêu quá . đến bao giờ người đàn ông như thế nào mới xuất hiện trong cuộc đời tôi đây,Enjoyment,0
đâu nhất thiết mỗi cầu đường hả bạn ?,Other,0
dẹp . đéo lưu luyến .,Anger,4
"và bức tường , khung lan can , cây cối y nguyên sau ngần ấy năm ư ? 😜",Surprise,0
"địt mẹ , mình làm khách sạn , lúc vào check phòng kinh vãi lôz . ai họ có ý thức thì không nói , chứ đôi nào mà ...... thì thôi hôm đấy cô dọn phòng xác con mẹ nó định",Anger,4
đỗ góc cua như này thì khuất tầm nhìn quá . chs bênh,Disgust,3
"hồi lúc tao ăn lạp xưởng mắc xương , nói mà cũng đéo ai tin . tao hiểu cảm giác của mày lắm ?",Enjoyment,0
tao bướng nhưng mặt đéo đến nỗi như con bé kia 🤣,Enjoyment,0
"quỷ cái chứ ma đâu mà ma , haha",Enjoyment,0
là khi gặp nhau mọi suy nghĩ buồn bực trước đó nhường chỗ cho cậu :)),Enjoyment,0
"tao đã từng bị , gào thét không 1 ai quan tâm . 1 lũ hơn chục thằng con trai đến bây giờ nhìn mặt lại từng thằng tao vẫn căm . hôm đó tao xuýt chết đuối đmm lũ lol nghiệt súc ấy vẫn chưa bị quả báo",Anger,4
"giận lại làm gì , cứ để cho anh yêu thời gian thoải mái . khi nào thấy ổn sẽ tự động xuất hiện còn không xuất hiện nữa thì tự hiểu = ))",Other,0
"đến giờ , em vẫn đang đợi anh , người sẽ đúng và thời điểm sẽ đúng",Enjoyment,0
bài mà từng nghe khi tổn thương lần đầu,Sadness,2
per huhu mất đi đồng nghiệp 😭,Sadness,2
độc nhất vô nhị . kkkk,Enjoyment,0
ác vãi,Disgust,3
"nếu không có câu "" per cổ tích per , tao sẽ vả thằng add vỡ mồm ....",Disgust,3
ra đường không cầm theo đá phong thủy rồi,Other,0
cũng muốn có những hành động đáng yêu nv,Other,0
per nói bao nhiêu lần cũng không thấy đủ ... em yêu anh,Enjoyment,0
không ai cho không ai cái gì . đừng nghĩ rằng cho đi sẽ nhận lại được điều tốt đẹp,Disgust,3
chuẩn rồi bác . :)))),Enjoyment,0
bẩn quá,Disgust,3
rất vui mừng khi ông ấy rời việt nam an toàn tuyệt đối ....,Enjoyment,0
"lại 1 đứa nghĩ trump chỉ làm trò , haizz",Disgust,3
tưởng tao sợ ư từ cái lần mày dọa rắn tao và tao rơi điện thoại cuối cùng vỡ màn hình là tao đéo sợ nữa nhớ,Enjoyment,0
nhìn quả pin ngứa mắt vãi,Disgust,3
chắc đây là chuyện không có thật thôi . mình đọc qua cũng biết chắc chắn không thể là chữ trẻ con được,Other,0
tao cũng đang là con ghẻ của tạo hoá,Sadness,2
không cho giáo viên cái quyền gì thì lấy gì mà dạy nhất là thời buổi lố lăng như bây giờ ... nó quỳ lúc nhỏ khi nó sai còn sửa được đợi lớn lên thì bố mẹ quỳ nhìn nó vào nhà đá,Anger,4
tuy truong hop thôi cha me tao ra ma không thuong doi su te thi lam sao con no thuong lai thôi xua khac gio khac cu so sanh voi thôi co dai chan,Other,0
"mình từng chứng kiến trong lúc khám bệnh , con nói chuyện mẹ mà như bà nói chuyện với cháu .",Other,0
cách anh ấy chạy thật là đàng ông quá đi mà 😂😂,Enjoyment,0
nhìn quả mặt nó làm tao thoả mãn vãi,Enjoyment,0
cười đau ruột 🤣🤣🤣,Enjoyment,0
sắp có thực đơn món mới 😍,Enjoyment,0
ráng ăn cho nhìu vô ỉa cục cức dài hơn móng tay ổng luôn kk,Enjoyment,0
hihi : chúc mừng đại kỷ nguyên có lắm người yêu,Enjoyment,0
mình nghĩ không nên công khai đâu dù gì họ đã biết sai giờ công khai ra chẳng khác nào khiến tâm lý của họ suy sụp hơn,Other,0
ác nhất là thằng quay phim . bảo đảm nó biết trước mà cố tình không nói cho tài xế biết để bỏ cái tật ngu .,Disgust,3
"bỏ ghê người ta ngồi ngại đều phải mua nước thoii , ý tưởng hay :)))",Enjoyment,0
đúng . t vẫn lun chờ đợi đứa đó dọn dô cuộc đời t sống .,Enjoyment,0
hồi xưa tao bị tiêu chảy kèm ho đã sợ vãi . giờ ho không thôi cũng sợ nhỉ . ??,Fear,1
"mặt mất dạy nhỉ , câng câng luôn",Disgust,3
phải rọ mõm chủ mới đúng,Disgust,3
"thích cái câu , có mỗi thằng con rể đểu mà cứ xoắn cả lên 😂😂😂",Enjoyment,0
cái gì vui vậy mọi người :)),Enjoyment,0
đơn giản vì nó đéo còn yêu mày nữa rồi ==,Disgust,3
nó tăng động y như tao dị đó :)),Enjoyment,0
per 🤣🤣 còn có quán như này luôn ah,Surprise,0
per đừng luyện ngôn tình nữa .. chờ cái này xem đi 😂,Other,0
tôi làm trades . lương tôi không có .. chỉ có thu nhập thôi có tính là cao nhất việt nam không ??? tháng tôi kiếm từ 3000 - 5000,Enjoyment,0
mới hôm qua cạo lông mà hôm nay lại dài thế cơ à,Surprise,0
mày không sai thì chẳng lẽ tao lại sai à ?,Anger,4
chúng ta nói với nhau nhiều quá nên bao giờ không còn gì để nói với nhau 🙂,Sadness,2
tao thấy mấy thằng đi sh 10 thằng thì 9 thằng không mũ ngông nghênh . ngồi trên xe thì dume mặt cứ nhìn lên trời =)) đéo hiểu chúng nó sĩ oai cái lol gì luôn .,Disgust,3
"thương các con quá , lũ khốn nạn vì lợi trước mắt ma tội cho bọn trẻ , bọn này cho chết het",Sadness,2
tôi đã giữ lại mấy cái giấy note đã ghi chú khi nào kiểm tra =))))),Enjoyment,0
nhớ thời ở ký túc xá quá đi per,Enjoyment,0
có rất rất nhìu thanh niên ở đây bị đứt dây thần kinh hài hước,Disgust,3
dcm . ngày bé tao sợ nhện vãi . xem phim thấy yêu tinh nhện,Fear,1
tao còn phải đợi 3 tháng nữa là đủ 1 gia đình nhỏ rồi,Enjoyment,0
per suốt ngày bắt người ta đi tập gym nè >.<,Anger,4
con này là con lợn à,Surprise,0
tỏ tình đại ai dè dính lun :))),Enjoyment,0
nhớ nhé đồng nghiệp haha,Enjoyment,0
nguy hiểm,Fear,1
sao mọi người gắt gỏng thế nhỉ ? hai anh chị đấy làm cho vui thôi mà lắm người tỏ ra nghiêm túc thế không biết :<,Disgust,3
nghe bài này nhớ nyc vãi,Sadness,2
một người đàn ông bản lĩnh thực sự 👍,Enjoyment,0
mặt tao như này ai mê cho nổiiiii,Sadness,2
ngựa ngựa ghi tay trái đồ :)),Disgust,3
có ai đéo hiểu gì như mình không mình trong sáng vãi heee,Enjoyment,0
mình cũng một thời gắn bó với nó,Enjoyment,0
còn tao là thoát khỏi 3 năm nói riền và 12 năm nói chung thảm họa của cđ hahaha 😆😆😆😆,Enjoyment,0
cái gì nó cũng có hạn sử dụng cả 🙂,Other,0
"mẹ kể hồi nhỏ nuôi con ngỗng thay chó canh nhà . ăn trộm mà vào thì chạy đằng trời với nó , cả bầy lao ra quạt với táp , khi gia đình vác gậy chạy ra thì thằng ăn trộm nó ôm cây trên tít cành cao , áo quần tóc tai lủng máu me tè le . gia đình phải cứu ăn trộm má mấy mẻ còn không tha , 2 3 con vẫn dí nhảy hàng rào dí theo ăn trộm . phải nói dí bao dai mà cục súc vê lờ .",Enjoyment,0
đồ con ngỗng ngu ngốc 😂,Disgust,3
thấy xấu hổ thay cho thớt . không hiểu gì về ô tô hay không được trải nghiệm nhiều thì nên lom dom nghe ngóng,Disgust,3
thứ mất dạy,Anger,4
nhắn mà ấm lòng nhờ :))) ra gặp anh shipper đẹp trai nữa thì chủ thớt rụng hết buồng trứng :))),Enjoyment,0
per chúc bạn may mắn,Other,0
bây chửi kệ bây ! riêng tao thik phá trong trường hợp này 😂,Enjoyment,0
à ừ đúng rồi tin người quá đến lúc nó đâm cho cũng không biết,Disgust,3
quãng cáo cũng được đăng à,Surprise,0
mình hỏi rồi mà họ nữa muốn bán nữa không bạn để hôm sau lên hỏi lại lần nữa,Other,0
"nhớ trung thu năm ngoái , đứng nhìn các cặp tình nhân ôm hôn , nắm tay nhau ... chạnh lòng lắm !😞",Sadness,2
cái này ma cái kết gì đâu thằng nhìn thì không bị thằng không nhìn thì bị vãi,Disgust,3
ae họ mà đéo biết mặt nhau à - _ -,Surprise,0
có lẽ vậy,Other,0
bố mẹ tao đọc được tin này + xem cặp lá yêu thương nữa thì bữa trưa nay tao không dám ăn cơm mất .,Fear,1
thực trạng học tiếng anh từ 6 đến 12 mà không biet giao tiep,Disgust,3
per quán bán mì quảng cũng có mùi đó mày :)))),Other,0
đau bụng vãi hix,Sadness,2
"mới đầu mày sẽ thấy vui , từ từ nó quậy cho mày ????",Fear,1
ngày đi học . có lúc đang ăn cơm . bố hỏi . per năm nay học lớp mấy rồi con ☺ t không hiểu bố tao hỏi cái gì 😭,Sadness,2
thằng điên,Disgust,3
"1 câu mà người ta hay nói , đắng như vị đời 😌",Sadness,2
các bạn nữ đập đầu vào tường chết hết rồi,Sadness,2
óc chó còn cố tiếc kéo ôtô lại mới hài chứ . sao nó không ngồi trong xe cho chết mẹ nó đi,Disgust,3
per hàng hiếm nhà mình,Enjoyment,0
sao mình không thấy mình vậy ta ??,Other,0
ăn chọp chẹp cái dume chú à . ghét nhất kiểu ăn vô duyên mất lịch sự này . ăn cà chọp cà chẹp miệng đéo kín được ấy . nghe ứa tai vãi,Disgust,3
ngỗng chuyên gia mổ háng người ta . đứng không làm gì nó cũng sáp tới tấp . chạy muốn tuột quần .,Disgust,3
thấy cưng gì đâu,Enjoyment,0
tao chỉ tag thế thôi mày hiểu thế nào thì hiểu per,Other,0
"quần áo với xe thế kia là biết gia đình điều kiện tnao rồi 😂 anw , mong ông bà luôn khỏe mạnh , vui vẻ < 3",Enjoyment,0
rất giỏi,Surprise,0
mấy con này phải có ngày mấy thằng xe lớn nó tông vào cho lát bét đi . đi ra đường chùm kín người đến nỗi không bật xi nhan xe mà cứ qua tao bị mấy lần vì mấy con này,Anger,4
độc mà lần nào đi viện cũng bắt chụp 😭😭,Sadness,2
"con gái mình chỉ vì đến bữa không chịu xuống ăn cơm , cứ du rú trong phòng nên bị bố quát xuống ăn cơm thôi , thế mà nó còn lầm lì vì bị mắng oan đấy",Other,0
tao mợt bây quá 😂😂😂,Anger,4
"giọng nói , ngữ khí đi vào lòng người vãi . mắt chị gái đẹp thế 😻",Enjoyment,0
1 lần thôi cũng đủ xao xuyến anh rồi,Enjoyment,0
"ôiii vãi , dume nhìn thôi tao đã sợ rồi . từ nhện nhỏ đến nhện to không con nào là tao không sợ :((",Fear,1
giống găng tay của thanos vậy,Surprise,0
78 thằng đéo có ý thức,Disgust,3
đã từng nên tao hiểu cảm giác ấy . vừa tiếc ly trà sữa vừa phải lết xác đi giặt cái balo,Sadness,2
"phim hay , nhưng mà lần đầu xem là cùng nyc nên .. 😐",Sadness,2
"nhiều kỷ niệm đẹp , giờ nhìn mấy đứa nhóc đi học mà muốn quay về quá khứ .",Sadness,2
đang buồn cần 1 người nhắn tin tâm sự hằng đêm,Sadness,2
cười vào mặt mấy đứa không có người yêu :))),Enjoyment,0
"k dịch nốt đi , dịch nửa vời thế , dume",Disgust,3
ối dồi ôi ! như con lợn hồng vậy ! haha,Enjoyment,0
cháu tao thì có vẻ như có phần chững chạc hơn =))),Enjoyment,0
"hôm trước tao đi chơi về đường vắng nên chạy nhanh , vừa qua cua anh cảnh sát chạy ra chặn làm tao sợ chetme vì giấy tờ không có bằng lái thì chưa thi lại còn thiếu abcxyz",Fear,1
vẻ đẹp phi giới tính luôn,Surprise,0
dm đạp xe đã mệt lòi cứt ra xong còn hỏi hỏi cái beep,Anger,4
tình yêu thật nghiêm túc . thì nên bắt đầu . không phí thanh xuân một người con gái lắm !!,Other,0
tiền nhiều để làm gì khi tình không còn,Sadness,2
t chỉ sợ cảnh đấu kiếm :((,Fear,1
:v buồn cười ghê .,Enjoyment,0
phim ấn độ duy nhất tao xem mà không cảm thấy vật lý logic quá khó hiểu dù thật ra trong phim này nhiều kiến thức hại não thật ; )),Enjoyment,0
tao cũng sắp bị đuổi ra khỏi nhà roi,Other,0
per mùa này mà làm cú mền này giữa trưa 40 độ hết sảy =]],Enjoyment,0
"lúc nhỏ nấu bằng này không , nấu hơi bị ngon , tạo cơm cháy ăn bao riềng",Enjoyment,0
ngồi suy nghĩ 1 hồi xem trái hay phải rồi mới nói được . khổ vãi mà !,Sadness,2
đã check rồi lại còn đoán :)) em vui tính giống anh đấy :)),Enjoyment,0
t cho mẹ tao xem và đã bị ăn vả . đéo hiểu vì sao,Anger,4
chả có gì vui 😏😏😏,Disgust,3
thương chỉ sợ em không cho anh cơ hội thôi,Sadness,2
dume . cuộc đời mày ơi . không làm gì được thì cười cho nó qua đi mày,Other,0
lâu lắm rồi chưa ăn được miếng cơm cháy .,Sadness,2
"đã xấu còn ngáo , lại còn tham ăn nữa ??????",Disgust,3
nói tới thì lại dỗi bỏ được mấy đồng ra rồi bày ra như chuồng lợn í thức đéo khác gì con lợn .,Anger,4
"tao bắt con tao quỳ ở góc nhà suốt , nó mà biết nhục , biết tự trọng nó sẽ không để phải bị quỳ",Other,0
tởm nhìn đã kinh,Disgust,3
per nhớ cái này không haha,Enjoyment,0
per b trà ơi . năm nay là pải mạnh dạn và bất chấp nhé 🤣🤣🤣,Enjoyment,0
thế cây này có được gọi là cây tình yêu không ??,Other,0
per câu chuyện ngắn gọn trọn tình 😂😂,Enjoyment,0
"per nghe rv thấy cũng hay nè , liên quan đến bùa ngải các kiểu có vẻ hấp dẫn :v",Enjoyment,0
nghe thôi đã thấy chảy hết nước miếng rồi =))),Enjoyment,0
per =)))) đáng sợ vãi,Fear,1
"đang học sử buồn ngủ , xem cái này tỉnh rụi liền =))",Enjoyment,0
"cái ông này mới xem thì thấy bình thường , mà càng xem lại càng đẹp trai 😂",Enjoyment,0
các cô không chịu mở lòng thì sao chúng tôi lấy được ????? hả các cô gái,Disgust,3
đồng đội tốt ... nhưnh rất tiết chúng ta không có duyên 😀 kaka,Enjoyment,0
per dume vỉa hè quá rộng . con này không đi oto bao giờ là chắc ?,Disgust,3
nhìn đáng yêu vãi :))),Enjoyment,0
cái dân mê tín ngu si làm giàu cho tiệm vàng,Disgust,3
"con gái không thích con trai đầu hói , vì cưới về dễ nhầm đầu :d",Enjoyment,0
"dm tao thấy người ta không sợ vì rắn mà sợ vì thằng chả la làm hết hồn , toàn núp lén rồi la lên thằng đéo nào mà không sợ chứ",Anger,4
ấm áp ghê =)),Enjoyment,0
lấy vợ xong đã đầu tư được cái váy với cái vương miện rồi,Other,0
mẹ tao cũng thix em này 😅,Enjoyment,0
per nó chỉ muốn biết bạn có nhu cầu làm áo lớp hay không thôi,Other,0
đó là cuộc sống của mỗi người .. mình phải tôn trọng nhau thôi,Other,0
"chưa muốn lấy , cơ hội vẫn chia đều cho tất cả các anh : ))",Enjoyment,0
không biết người của họ hay sao mà bắt heo 2 ngày trúng 2 cái ipx,Other,0
ae phục vụ ngày xưa của mình đâu rồi . sao thấy thương bạn này,Sadness,2
đôi khi có tiền cũng không đi được đâu vì đéo có ai đi cùng,Sadness,2
con nai vàng ngơ ngác 😔,Other,0
thế mà lại có người bảo đầu tao như đầu bùi :(( dume đánh chết cha giờ :)),Anger,4
kiểu gì mai cũng lại có vụ rất gì và này nọ cho xem,Other,0
"cà phê king là của chị thảo hả uống dở hơn nước đái mèo nữa , thấy gơm",Disgust,3
bó tay luôn á,Sadness,2
sao giá ảo quá vậy :)))),Surprise,0
con trai gục đổ . con gái dụng trứng . lậy cô .... à nhầm lậy anh,Other,0
dạ vâng đây là cái xồ đấy ạ kakaka,Enjoyment,0
sau này đừng quên nhau nha,Other,0
"sau 15 năm cắp sách đi học và 2 , 5 năm không động đến sách thì bây giờ đang tự hỏi đây là gì sao mà giải được . huhu",Sadness,2
dân trí thấp thế thì bao giờ mới phát triển đất nước được,Disgust,3
cấp 1 đi học cũng gặp bọn quái đản này,Disgust,3
moẹ s tuổi thơ của tôi toàn găp phải thằng mất dạy . toàn đánh với bắt nạt các b nữ . đm thằng per với thằng per lơn . tau vẫn nhớ,Anger,4
dưới cái nóng 40 độ ngày hôm này xem video này xong thất mát lòng vãi_chưởng :)),Enjoyment,0
per nói ít thôi hành động nhiều hơn . time sẽ là câu trả lời . mong là 2 đứa cùng nhau già đi như này .,Enjoyment,0
loại này đốt có chết không nhỉ,Other,0
ngoài mấy cảnh nhảy múa hát hò vớ vẩn ra thì phim hay,Enjoyment,0
hay lắm cậu bé,Enjoyment,0
per đi bộ ở trường về thì dcm nổi ám ảnh đúng giờ tao về là dcm nó ra nó dí ngày nào cũng dí chạy cái luôn,Fear,1
hôm qua tao xem xong ngất xỉu tới giờ mới tĩnh chúng mày ạ 😌😌😌,Sadness,2
sau cùng cả 2 đều bị ảnh hưởng trầm trọng :((,Sadness,2
cái thứ gì đâu không 😈,Disgust,3
đáng yêu =)),Enjoyment,0
ánh mắt thằng con muốn nói : cứu cháu hình như ba sắp ném con ùi,Fear,1
per cố đợi đi nha để em mua bảo hiểm cho anh 🙂,Enjoyment,0
nhớ không em lời hứa ngày xưa mình bên nhau dưới ánh trăng đã nguyện thề :)),Enjoyment,0
gặp mấy anh việt nam đi nhanh gấp em thề với chị là nhanh gọn đảm bảo chỉ suong,Enjoyment,0
galang thế không bjt . trẻ con còn như thế người lớn chắc không tôgn tại đâu . ước gì cũg được như vậy,Other,0
cái này thì hôm nào nói chuyện tao nói cho nghe ??,Other,0
sao không cho con già đấy mấy cái vào mõm cho vỡ cái nó mõm chó luôn,Anger,4
trời ơi càng ngày ổ càng giống con đuông dừa 😑😑😑,Disgust,3
và tôi đã mất đi 1 người như thế .,Sadness,2
đồng nghiệp của tôi thật tuyệt vời,Enjoyment,0
nhìn đôi bàn tay đã biết phải lao động rồi . chị có lấy trai việt không :)),Enjoyment,0
per nét chữ giống hệt chữ của tao luôn mày,Other,0
per chắc là mày đi hốt này,Other,0
cho nên đư ̀ người bao giờ cô ́ tỏ ra la ̀ ca ́ i gì ̀ mi ̀ nh cu ̃ người biê ́ tao nhé,Disgust,3
cứ thấy trai đẹp là tao hạnh phúc :),Enjoyment,0
cảm giác lúc ấy sẽ ra sao,Other,0
"tao là trùm nấu cơm kiểu này rồi ,, còn bây giờ mất điện thi nấu bằng bếp ga :))",Enjoyment,0
đường của nhà cụ hay sao mà cụ cấm người ta đỗ . sai đâu đã có pháp luật cụ ích kỷ quá đấy .,Disgust,3
nhìn mặt héo queo luôn,Other,0
tao đi xe máy mỗi lần muốn để xe đi đâu là phi mẹ nó vào quán net gửi đấy rồi đi ra đéo mất phí,Other,0
thích thân hình boss rồi nhan 😌,Enjoyment,0
ước mơ nhỏ nhoi của tao là được làm chị mà không thể nào làm được huhu,Sadness,2
